--progress is a global compose flag, better use `docker compose --progress xx build ...
 Image my-solution:v1 Building 
#1 [internal] load local bake definitions
#1 reading from stdin 490B done
#1 DONE 0.0s

#2 [internal] load build definition from Dockerfile
#2 DONE 0.0s

#2 [internal] load build definition from Dockerfile
#2 transferring dockerfile: 2.05kB 0.0s done
#2 DONE 0.1s

#3 [internal] load metadata for docker.io/library/ros:kilted-ros-core
#3 DONE 0.7s

#4 [internal] load .dockerignore
#4 transferring context: 46B done
#4 DONE 0.1s

#5 [internal] load build context
#5 DONE 0.0s

#6 [internal] preparing inline document
#6 DONE 0.1s

#7 [build  1/12] FROM docker.io/library/ros:kilted-ros-core@sha256:e98696af83cfd45f97ba9207bca4c7c126a98214411e7bde6d266bfccdc50f42
#7 resolve docker.io/library/ros:kilted-ros-core@sha256:e98696af83cfd45f97ba9207bca4c7c126a98214411e7bde6d266bfccdc50f42 0.1s done
#7 DONE 0.2s

#5 [internal] load build context
#5 transferring context: 208.20MB 4.2s done
#5 DONE 4.3s

#8 [build  2/12] RUN apt update && apt install -y git && curl -fsSL https://pixi.sh/install.sh | bash
#8 CACHED

#9 [build  3/12] COPY aic_example_policies /ws_aic/src/aic/aic_example_policies
#9 DONE 0.4s

#10 [build  4/12] COPY aic_model /ws_aic/src/aic/aic_model
#10 DONE 0.2s

#11 [build  5/12] COPY aic_interfaces /ws_aic/src/aic/aic_interfaces
#11 DONE 0.1s

#12 [build  6/12] COPY aic_utils /ws_aic/src/aic/aic_utils
#12 DONE 0.2s

#13 [build  7/12] COPY pixi.toml pixi.lock /ws_aic/src/aic/
#13 DONE 0.2s

#14 [build  8/12] COPY pixi_env_setup.sh /ws_aic/src/aic/
#14 DONE 0.1s

#15 [build  9/12] COPY .models/aic_act_policy /opt/aic_act_policy
#15 DONE 1.0s

#16 [build 10/12] RUN --mount=type=cache,target=/root/.cache/rattler/cache --mount=type=cache,target=/ws_aic/src/aic/.pixi/build     cd /ws_aic/src/aic && pixi install --locked
#16 133.6 
#16 133.6  ╭─ Running build for recipe: ros-kilted-aic-control-interfaces-0.0.1-hb0f4dca_0
#16 133.6  │
#16 133.6  │ ╭─ Fetching source code
#16 133.6  │ │ No sources to fetch
#16 133.6  │ │
#16 133.6  │ ╰─────────────────── (took 0 seconds)
#16 133.9  │
#16 133.9  │ ╭─ Externally resolved dependencies recipe: ros-kilted-aic-control-interfaces-0.0.1-hb0f4dca_0
#16 134.0  │ │ 
#16 134.0  │ │ Resolved build dependencies(ros-kilted-aic-control-interfaces-0.0.1-hb0f4dca_0):
#16 134.0  │ │ ╭───────────────────────────────────────────────────┬──────────────────────────────────────┬──────────────┬──────────────────────┬──────────────────┬──────
#16 134.0  │ │ ───────╮
#16 134.0  │ │ │ Package                                           ┆ Spec                                 ┆ Version      ┆ Build                ┆ Channel          ┆      
#16 134.0  │ │   Size │
#16 134.0  │ │ ╞═══════════════════════════════════════════════════╪══════════════════════════════════════╪══════════════╪══════════════════════╪══════════════════╪══════
#16 134.0  │ │ ═══════╡
#16 134.0  │ │ │ cmake                                             ┆ cmake                                ┆ 4.3.2        ┆ hc85cc9f_0           ┆ conda-forge      ┆   22.
#16 134.0  │ │ 01 MiB │
#16 134.0  │ │ │ coreutils                                         ┆ coreutils                            ┆ 9.5          ┆ hd590300_0           ┆ conda-forge      ┆    2.
#16 134.0  │ │ 87 MiB │
#16 134.0  │ │ │ cpython                                           ┆ cpython                              ┆ 3.12.13      ┆ py312hd8ed1ab_0      ┆ conda-forge      ┆   45.
#16 134.0  │ │ 37 KiB │
#16 134.0  │ │ │ gcc_linux-64                                      ┆ gcc_linux-64                         ┆ 15.2.0       ┆ h7be306e_24          ┆ conda-forge      ┆   28.
#16 134.0  │ │ 40 KiB │
#16 134.0  │ │ │ git                                               ┆ git                                  ┆ 2.53.0       ┆ pl5321h6d3cee1_0     ┆ conda-forge      ┆   10.
#16 134.0  │ │ 92 MiB │
#16 134.0  │ │ │ git-lfs                                           ┆ git-lfs                              ┆ 3.7.1        ┆ ha8f183a_1           ┆ conda-forge      ┆    4.
#16 134.0  │ │ 23 MiB │
#16 134.0  │ │ │ gxx_linux-64                                      ┆ gxx_linux-64                         ┆ 15.2.0       ┆ he30e93d_24          ┆ conda-forge      ┆   26.
#16 134.0  │ │ 96 KiB │
#16 134.0  │ │ │ make                                              ┆ make                                 ┆ 4.4.1        ┆ hb9d3cd8_2           ┆ conda-forge      ┆  501.
#16 134.0  │ │ 06 KiB │
#16 134.0  │ │ │ ninja                                             ┆ ninja                                ┆ 1.13.2       ┆ h171cf75_0           ┆ conda-forge      ┆  181.
#16 134.0  │ │ 96 KiB │
#16 134.0  │ │ │ patch                                             ┆ patch                                ┆ 2.8          ┆ hb03c661_1002        ┆ conda-forge      ┆  114.
#16 134.0  │ │ 47 KiB │
#16 134.0  │ │ │ python                                            ┆ python                               ┆ 3.12.13      ┆ hd63d673_0_cpython   ┆ conda-forge      ┆   30.
#16 134.0  │ │ 14 MiB │
#16 134.0  │ │ │ ros-kilted-ament-cmake                            ┆ ros-kilted-ament-cmake               ┆ 2.7.5        ┆ np2py312h2ed9cc7_17  ┆ robostack-kilted ┆   22.
#16 134.0  │ │ 73 KiB │
#16 134.0  │ │ │ ros-kilted-ament-lint-auto                        ┆ ros-kilted-ament-lint-auto           ┆ 0.19.2       ┆ np2py312h2ed9cc7_17  ┆ robostack-kilted ┆   21.
#16 134.0  │ │ 47 KiB │
#16 134.0  │ │ │ ros-kilted-ament-lint-common                      ┆ ros-kilted-ament-lint-common         ┆ 0.19.2       ┆ np2py312h2ed9cc7_17  ┆ robostack-kilted ┆   21.
#16 134.0  │ │ 79 KiB │
#16 134.0  │ │ │ ros-kilted-builtin-interfaces                     ┆ ros-kilted-builtin-interfaces        ┆ 2.3.1        ┆ np2py312h2ed9cc7_17  ┆ robostack-kilted ┆   78.
#16 134.0  │ │ 56 KiB │
#16 134.0  │ │ │ ros-kilted-geometry-msgs                          ┆ ros-kilted-geometry-msgs             ┆ 5.5.2        ┆ np2py312h2ed9cc7_17  ┆ robostack-kilted ┆  376.
#16 134.0  │ │ 74 KiB │
#16 134.0  │ │ │ ros-kilted-ros-workspace                          ┆ ros-kilted-ros-workspace             ┆ 1.0.3        ┆ np2py312h2ed9cc7_17  ┆ robostack-kilted ┆   34.
#16 134.0  │ │ 44 KiB │
#16 134.0  │ │ │ ros-kilted-rosidl-default-generators              ┆ ros-kilted-rosidl-default-generators ┆ 1.7.2        ┆ np2py312h2ed9cc7_17  ┆ robostack-kilted ┆   30.
#16 134.0  │ │ 46 KiB │
#16 134.0  │ │ │ ros-kilted-std-msgs                               ┆ ros-kilted-std-msgs                  ┆ 5.5.2        ┆ np2py312h2ed9cc7_17  ┆ robostack-kilted ┆  337.
#16 134.0  │ │ 96 KiB │
#16 134.0  │ │ │ ros-kilted-trajectory-msgs                        ┆ ros-kilted-trajectory-msgs           ┆ 5.5.2        ┆ np2py312h2ed9cc7_17  ┆ robostack-kilted ┆  148.
#16 134.0  │ │ 10 KiB │
#16 134.0  │ │ │ setuptools                                        ┆ setuptools                           ┆ 82.0.1       ┆ pyh332efcf_0         ┆ conda-forge      ┆  624.
#16 134.0  │ │ 70 KiB │
#16 134.0  │ │ │ _openmp_mutex                                     ┆                                      ┆ 4.5          ┆ 20_gnu               ┆ conda-forge      ┆   28.
#16 134.0  │ │ 27 KiB │
#16 134.0  │ │ │ argcomplete                                       ┆                                      ┆ 3.6.3        ┆ pyhd8ed1ab_0         ┆ conda-forge      ┆   41.
#16 134.0  │ │ 39 KiB │
#16 134.0  │ │ │ binutils_impl_linux-64                            ┆                                      ┆ 2.45.1       ┆ default_hfdba357_102 ┆ conda-forge      ┆    3.
#16 134.0  │ │ 49 MiB │
#16 134.0  │ │ │ binutils_linux-64                                 ┆                                      ┆ 2.45.1       ┆ default_h4852527_102 ┆ conda-forge      ┆   35.
#16 134.0  │ │ 45 KiB │
#16 134.0  │ │ │ bzip2                                             ┆                                      ┆ 1.0.8        ┆ hda65f42_9           ┆ conda-forge      ┆  254.
#16 134.0  │ │ 08 KiB │
#16 134.0  │ │ │ c-ares                                            ┆                                      ┆ 1.34.6       ┆ hb03c661_0           ┆ conda-forge      ┆  203.
#16 134.0  │ │ 01 KiB │
#16 134.0  │ │ │ ca-certificates                                   ┆                                      ┆ 2026.4.22    ┆ hbd8a1cb_0           ┆ conda-forge      ┆  127.
#16 134.0  │ │ 97 KiB │
#16 134.0  │ │ │ catkin_pkg                                        ┆                                      ┆ 1.1.0        ┆ pyhd8ed1ab_0         ┆ conda-forge      ┆   52.
#16 134.0  │ │ 84 KiB │
#16 134.0  │ │ │ cppcheck                                          ┆                                      ┆ 2.20.1       ┆ py312h014360a_0      ┆ conda-forge      ┆    2.
#16 134.0  │ │ 96 MiB │
#16 134.0  │ │ │ docutils                                          ┆                                      ┆ 0.22.4       ┆ pyhd8ed1ab_0         ┆ conda-forge      ┆  427.
#16 134.0  │ │ 74 KiB │
#16 134.0  │ │ │ empy                                              ┆                                      ┆ 3.3.4        ┆ pyh9f0ad1d_1         ┆ conda-forge      ┆   39.
#16 134.0  │ │ 27 KiB │
#16 134.0  │ │ │ flake8                                            ┆                                      ┆ 7.3.0        ┆ pyhd8ed1ab_0         ┆ conda-forge      ┆  109.
#16 134.0  │ │ 29 KiB │
#16 134.0  │ │ │ flake8-builtins                                   ┆                                      ┆ 3.1.0        ┆ pyhd8ed1ab_0         ┆ conda-forge      ┆   19.
#16 134.0  │ │ 04 KiB │
#16 134.0  │ │ │ flake8-comprehensions                             ┆                                      ┆ 3.17.0       ┆ pyhd8ed1ab_0         ┆ conda-forge      ┆   13.
#16 134.0  │ │ 72 KiB │
#16 134.0  │ │ │ flake8-docstrings                                 ┆                                      ┆ 1.7.0        ┆ pyhd8ed1ab_0         ┆ conda-forge      ┆   10.
#16 134.0  │ │ 15 KiB │
#16 134.0  │ │ │ flake8-import-order                               ┆                                      ┆ 0.19.2       ┆ pyhd8ed1ab_0         ┆ conda-forge      ┆   20.
#16 134.0  │ │ 55 KiB │
#16 134.0  │ │ │ flake8-quotes                                     ┆                                      ┆ 3.4.0        ┆ pyhd8ed1ab_1         ┆ conda-forge      ┆   14.
#16 134.0  │ │ 43 KiB │
#16 134.0  │ │ │ gcc_impl_linux-64                                 ┆                                      ┆ 15.2.0       ┆ he420e7e_18          ┆ conda-forge      ┆   78.
#16 134.0  │ │ 02 MiB │
#16 134.0  │ │ │ gxx_impl_linux-64                                 ┆                                      ┆ 15.2.0       ┆ hda75c37_18          ┆ conda-forge      ┆   14.
#16 134.0  │ │ 87 MiB │
#16 134.0  │ │ │ icu                                               ┆                                      ┆ 78.3         ┆ h33c6efd_0           ┆ conda-forge      ┆   12.
#16 134.0  │ │ 13 MiB │
#16 134.0  │ │ │ importlib-metadata                                ┆                                      ┆ 8.8.0        ┆ pyhcf101f3_0         ┆ conda-forge      ┆   33.
#16 134.0  │ │ 58 KiB │
#16 134.0  │ │ │ importlib_resources                               ┆                                      ┆ 7.1.0        ┆ pyhd8ed1ab_0         ┆ conda-forge      ┆   33.
#16 134.0  │ │ 99 KiB │
#16 134.0  │ │ │ kernel-headers_linux-64                           ┆                                      ┆ 4.18.0       ┆ he073ed8_9           ┆ conda-forge      ┆    1.
#16 134.0  │ │ 22 MiB │
#16 134.0  │ │ │ keyutils                                          ┆                                      ┆ 1.6.3        ┆ hb9d3cd8_0           ┆ conda-forge      ┆  130.
#16 134.0  │ │ 95 KiB │
#16 134.0  │ │ │ krb5                                              ┆                                      ┆ 1.22.2       ┆ ha1258a1_0           ┆ conda-forge      ┆    1.
#16 134.0  │ │ 32 MiB │
#16 134.0  │ │ │ lark-parser                                       ┆                                      ┆ 0.12.0       ┆ pyhd8ed1ab_1         ┆ conda-forge      ┆   84.
#16 134.0  │ │ 12 KiB │
#16 134.0  │ │ │ ld_impl_linux-64                                  ┆                                      ┆ 2.45.1       ┆ default_hbd61a6d_102 ┆ conda-forge      ┆  710.
#16 134.0  │ │ 94 KiB │
#16 134.0  │ │ │ libblas                                           ┆                                      ┆ 3.11.0       ┆ 6_h4a7cf45_openblas  ┆ conda-forge      ┆   18.
#16 134.0  │ │ 18 KiB │
#16 134.0  │ │ │ libcblas                                          ┆                                      ┆ 3.11.0       ┆ 6_h0358290_openblas  ┆ conda-forge      ┆   18.
#16 134.0  │ │ 19 KiB │
#16 134.0  │ │ │ libcurl                                           ┆                                      ┆ 8.19.0       ┆ hcf29cc6_0           ┆ conda-forge      ┆  455.
#16 134.0  │ │ 77 KiB │
#16 134.0  │ │ │ libedit                                           ┆                                      ┆ 3.1.20250104 ┆ pl5321h7949ede_0     ┆ conda-forge      ┆  131.
#16 134.0  │ │ 52 KiB │
#16 134.0  │ │ │ libev                                             ┆                                      ┆ 4.33         ┆ hd590300_2           ┆ conda-forge      ┆  110.
#16 134.0  │ │ 12 KiB │
#16 134.0  │ │ │ libexpat                                          ┆                                      ┆ 2.7.5        ┆ hecca717_0           ┆ conda-forge      ┆   74.
#16 134.0  │ │ 83 KiB │
#16 134.0  │ │ │ libffi                                            ┆                                      ┆ 3.5.2        ┆ h3435931_0           ┆ conda-forge      ┆   57.
#16 134.0  │ │ 22 KiB │
#16 134.0  │ │ │ libgcc                                            ┆                                      ┆ 15.2.0       ┆ he0feb66_18          ┆ conda-forge      ┆ 1017.
#16 134.0  │ │ 37 KiB │
#16 134.0  │ │ │ libgcc-devel_linux-64                             ┆                                      ┆ 15.2.0       ┆ hcc6f6b0_118         ┆ conda-forge      ┆    2.
#16 134.0  │ │ 94 MiB │
#16 134.0  │ │ │ libgcc-ng                                         ┆                                      ┆ 15.2.0       ┆ h69a702a_18          ┆ conda-forge      ┆   26.
#16 134.0  │ │ 88 KiB │
#16 134.0  │ │ │ libgfortran                                       ┆                                      ┆ 15.2.0       ┆ h69a702a_18          ┆ conda-forge      ┆   26.
#16 134.0  │ │ 88 KiB │
#16 134.0  │ │ │ libgfortran5                                      ┆                                      ┆ 15.2.0       ┆ h68bc16d_18          ┆ conda-forge      ┆    2.
#16 134.0  │ │ 37 MiB │
#16 134.0  │ │ │ libgomp                                           ┆                                      ┆ 15.2.0       ┆ he0feb66_18          ┆ conda-forge      ┆  589.
#16 134.0  │ │ 12 KiB │
#16 134.0  │ │ │ libiconv                                          ┆                                      ┆ 1.18         ┆ h3b78370_2           ┆ conda-forge      ┆  771.
#16 134.0  │ │ 66 KiB │
#16 134.0  │ │ │ liblapack                                         ┆                                      ┆ 3.11.0       ┆ 6_h47877c9_openblas  ┆ conda-forge      ┆   18.
#16 134.0  │ │ 19 KiB │
#16 134.0  │ │ │ liblzma                                           ┆                                      ┆ 5.8.3        ┆ hb03c661_0           ┆ conda-forge      ┆  110.
#16 134.0  │ │ 82 KiB │
#16 134.0  │ │ │ libnghttp2                                        ┆                                      ┆ 1.68.1       ┆ h877daf1_0           ┆ conda-forge      ┆  647.
#16 134.0  │ │ 80 KiB │
#16 134.0  │ │ │ libnsl                                            ┆                                      ┆ 2.0.1        ┆ hb9d3cd8_1           ┆ conda-forge      ┆   32.
#16 134.0  │ │ 94 KiB │
#16 134.0  │ │ │ libopenblas                                       ┆                                      ┆ 0.3.32       ┆ pthreads_h94d23a6_0  ┆ conda-forge      ┆    5.
#16 134.0  │ │ 65 MiB │
#16 134.0  │ │ │ libsanitizer                                      ┆                                      ┆ 15.2.0       ┆ h90f66d4_18          ┆ conda-forge      ┆    7.
#16 134.0  │ │ 72 MiB │
#16 134.0  │ │ │ libsqlite                                         ┆                                      ┆ 3.53.0       ┆ hf4e2dac_0           ┆ conda-forge      ┆  936.
#16 134.0  │ │ 39 KiB │
#16 134.0  │ │ │ libssh2                                           ┆                                      ┆ 1.11.1       ┆ hcf80075_0           ┆ conda-forge      ┆  297.
#16 134.0  │ │ 65 KiB │
#16 134.0  │ │ │ libstdcxx                                         ┆                                      ┆ 15.2.0       ┆ h934c35e_18          ┆ conda-forge      ┆    5.
#16 134.0  │ │ 58 MiB │
#16 134.0  │ │ │ libstdcxx-devel_linux-64                          ┆                                      ┆ 15.2.0       ┆ hd446a21_118         ┆ conda-forge      ┆   19.
#16 134.0  │ │ 71 MiB │
#16 134.0  │ │ │ libstdcxx-ng                                      ┆                                      ┆ 15.2.0       ┆ hdf11a46_18          ┆ conda-forge      ┆   26.
#16 134.0  │ │ 93 KiB │
#16 134.0  │ │ │ libuuid                                           ┆                                      ┆ 2.42         ┆ h5347b49_0           ┆ conda-forge      ┆   39.
#16 134.0  │ │ 35 KiB │
#16 134.0  │ │ │ libuv                                             ┆                                      ┆ 1.51.0       ┆ hb03c661_1           ┆ conda-forge      ┆  874.
#16 134.0  │ │ 13 KiB │
#16 134.0  │ │ │ libxcrypt                                         ┆                                      ┆ 4.4.36       ┆ hd590300_1           ┆ conda-forge      ┆   98.
#16 134.0  │ │ 04 KiB │
#16 134.0  │ │ │ libxml2                                           ┆                                      ┆ 2.15.3       ┆ h49c6c72_0           ┆ conda-forge      ┆   45.
#16 134.0  │ │ 71 KiB │
#16 134.0  │ │ │ libxml2-16                                        ┆                                      ┆ 2.15.3       ┆ hca6bf5a_0           ┆ conda-forge      ┆  546.
#16 134.0  │ │ 66 KiB │
#16 134.0  │ │ │ libzlib                                           ┆                                      ┆ 1.3.2        ┆ h25fd6f3_2           ┆ conda-forge      ┆   62.
#16 134.0  │ │ 14 KiB │
#16 134.0  │ │ │ mccabe                                            ┆                                      ┆ 0.7.0        ┆ pyhd8ed1ab_1         ┆ conda-forge      ┆   12.
#16 134.0  │ │ 63 KiB │
#16 134.0  │ │ │ ncurses                                           ┆                                      ┆ 6.6          ┆ hdb14827_0           ┆ conda-forge      ┆  897.
#16 134.0  │ │ 42 KiB │
#16 134.0  │ │ │ numpy                                             ┆                                      ┆ 2.4.3        ┆ py312h33ff503_0      ┆ conda-forge      ┆    8.
#16 134.0  │ │ 35 MiB │
#16 134.0  │ │ │ openssl                                           ┆                                      ┆ 3.6.2        ┆ h35e630c_0           ┆ conda-forge      ┆    3.
#16 134.0  │ │ 02 MiB │
#16 134.0  │ │ │ packaging                                         ┆                                      ┆ 26.2         ┆ pyhc364b38_0         ┆ conda-forge      ┆   89.
#16 134.0  │ │ 43 KiB │
#16 134.0  │ │ │ pcre                                              ┆                                      ┆ 8.45         ┆ h9c3ff4c_0           ┆ conda-forge      ┆  253.
#16 134.0  │ │ 30 KiB │
#16 134.0  │ │ │ pcre2                                             ┆                                      ┆ 10.47        ┆ haa7fec5_0           ┆ conda-forge      ┆    1.
#16 134.0  │ │ 17 MiB │
#16 134.0  │ │ │ perl                                              ┆                                      ┆ 5.32.1       ┆ 7_hd590300_perl5     ┆ conda-forge      ┆   12.
#16 134.0  │ │ 73 MiB │
#16 134.0  │ │ │ pycodestyle                                       ┆                                      ┆ 2.14.0       ┆ pyhd8ed1ab_0         ┆ conda-forge      ┆   34.
#16 134.0  │ │ 36 KiB │
#16 134.0  │ │ │ pydocstyle                                        ┆                                      ┆ 6.3.0        ┆ pyhd8ed1ab_1         ┆ conda-forge      ┆   39.
#16 134.0  │ │ 29 KiB │
#16 134.0  │ │ │ pyflakes                                          ┆                                      ┆ 3.4.0        ┆ pyhd8ed1ab_0         ┆ conda-forge      ┆   58.
#16 134.0  │ │ 20 KiB │
#16 134.0  │ │ │ pygments                                          ┆                                      ┆ 2.20.0       ┆ pyhd8ed1ab_0         ┆ conda-forge      ┆  872.
#16 134.0  │ │ 10 KiB │
#16 134.0  │ │ │ pyparsing                                         ┆                                      ┆ 3.3.2        ┆ pyhcf101f3_0         ┆ conda-forge      ┆  108.
#16 134.0  │ │ 29 KiB │
#16 134.0  │ │ │ python-dateutil                                   ┆                                      ┆ 2.9.0.post0  ┆ pyhe01879c_2         ┆ conda-forge      ┆  227.
#16 134.0  │ │ 84 KiB │
#16 134.0  │ │ │ python_abi                                        ┆                                      ┆ 3.12         ┆ 8_cp312              ┆ conda-forge      ┆    6.
#16 134.0  │ │ 79 KiB │
#16 134.0  │ │ │ readline                                          ┆                                      ┆ 8.3          ┆ h853b02a_0           ┆ conda-forge      ┆  336.
#16 134.0  │ │ 99 KiB │
#16 134.0  │ │ │ rhash                                             ┆                                      ┆ 1.4.6        ┆ hb9d3cd8_1           ┆ conda-forge      ┆  189.
#16 134.0  │ │ 23 KiB │
#16 134.0  │ │ │ ros-kilted-action-msgs                            ┆                                      ┆ 2.3.1        ┆ np2py312h2ed9cc7_17  ┆ robostack-kilted ┆  150.
#16 134.0  │ │ 07 KiB │
#16 134.0  │ │ │ ros-kilted-ament-cmake-copyright                  ┆                                      ┆ 0.19.2       ┆ np2py312h2ed9cc7_17  ┆ robostack-kilted ┆   22.
#16 134.0  │ │ 14 KiB │
#16 134.0  │ │ │ ros-kilted-ament-cmake-core                       ┆                                      ┆ 2.7.5        ┆ np2py312h2ed9cc7_17  ┆ robostack-kilted ┆   43.
#16 134.0  │ │ 98 KiB │
#16 134.0  │ │ │ ros-kilted-ament-cmake-cppcheck                   ┆                                      ┆ 0.19.2       ┆ np2py312h2ed9cc7_17  ┆ robostack-kilted ┆   23.
#16 134.0  │ │ 89 KiB │
#16 134.0  │ │ │ ros-kilted-ament-cmake-cpplint                    ┆                                      ┆ 0.19.2       ┆ np2py312h2ed9cc7_17  ┆ robostack-kilted ┆   22.
#16 134.0  │ │ 76 KiB │
#16 134.0  │ │ │ ros-kilted-ament-cmake-export-definitions         ┆                                      ┆ 2.7.5        ┆ np2py312h2ed9cc7_17  ┆ robostack-kilted ┆   21.
#16 134.0  │ │ 48 KiB │
#16 134.0  │ │ │ ros-kilted-ament-cmake-export-dependencies        ┆                                      ┆ 2.7.5        ┆ np2py312h2ed9cc7_17  ┆ robostack-kilted ┆   22.
#16 134.0  │ │ 41 KiB │
#16 134.0  │ │ │ ros-kilted-ament-cmake-export-include-directories ┆                                      ┆ 2.7.5        ┆ np2py312h2ed9cc7_17  ┆ robostack-kilted ┆   21.
#16 134.0  │ │ 91 KiB │
#16 134.0  │ │ │ ros-kilted-ament-cmake-export-interfaces          ┆                                      ┆ 2.7.5        ┆ np2py312h2ed9cc7_17  ┆ robostack-kilted ┆   22.
#16 134.0  │ │ 11 KiB │
#16 134.0  │ │ │ ros-kilted-ament-cmake-export-libraries           ┆                                      ┆ 2.7.5        ┆ np2py312h2ed9cc7_17  ┆ robostack-kilted ┆   23.
#16 134.0  │ │ 39 KiB │
#16 134.0  │ │ │ ros-kilted-ament-cmake-export-link-flags          ┆                                      ┆ 2.7.5        ┆ np2py312h2ed9cc7_17  ┆ robostack-kilted ┆   21.
#16 134.0  │ │ 45 KiB │
#16 134.0  │ │ │ ros-kilted-ament-cmake-export-targets             ┆                                      ┆ 2.7.5        ┆ np2py312h2ed9cc7_17  ┆ robostack-kilted ┆   22.
#16 134.0  │ │ 26 KiB │
#16 134.0  │ │ │ ros-kilted-ament-cmake-flake8                     ┆                                      ┆ 0.19.2       ┆ np2py312h2ed9cc7_17  ┆ robostack-kilted ┆   23.
#16 134.0  │ │ 73 KiB │
#16 134.0  │ │ │ ros-kilted-ament-cmake-gen-version-h              ┆                                      ┆ 2.7.5        ┆ np2py312h2ed9cc7_17  ┆ robostack-kilted ┆   24.
#16 134.0  │ │ 16 KiB │
#16 134.0  │ │ │ ros-kilted-ament-cmake-include-directories        ┆                                      ┆ 2.7.5        ┆ np2py312h2ed9cc7_17  ┆ robostack-kilted ┆   21.
#16 134.0  │ │ 36 KiB │
#16 134.0  │ │ │ ros-kilted-ament-cmake-libraries                  ┆                                      ┆ 2.7.5        ┆ np2py312h2ed9cc7_17  ┆ robostack-kilted ┆   21.
#16 134.0  │ │ 06 KiB │
#16 134.0  │ │ │ ros-kilted-ament-cmake-lint-cmake                 ┆                                      ┆ 0.19.2       ┆ np2py312h2ed9cc7_17  ┆ robostack-kilted ┆   21.
#16 134.0  │ │ 80 KiB │
#16 134.0  │ │ │ ros-kilted-ament-cmake-pep257                     ┆                                      ┆ 0.19.2       ┆ np2py312h2ed9cc7_17  ┆ robostack-kilted ┆   22.
#16 134.0  │ │ 58 KiB │
#16 134.0  │ │ │ ros-kilted-ament-cmake-python                     ┆                                      ┆ 2.7.5        ┆ np2py312h2ed9cc7_17  ┆ robostack-kilted ┆   23.
#16 134.0  │ │ 55 KiB │
#16 134.0  │ │ │ ros-kilted-ament-cmake-ros-core                   ┆                                      ┆ 0.14.7       ┆ np2py312h2ed9cc7_17  ┆ robostack-kilted ┆   26.
#16 134.0  │ │ 39 KiB │
#16 134.0  │ │ │ ros-kilted-ament-cmake-target-dependencies        ┆                                      ┆ 2.7.5        ┆ np2py312h2ed9cc7_17  ┆ robostack-kilted ┆   23.
#16 134.0  │ │ 29 KiB │
#16 134.0  │ │ │ ros-kilted-ament-cmake-test                       ┆                                      ┆ 2.7.5        ┆ np2py312h2ed9cc7_17  ┆ robostack-kilted ┆   35.
#16 134.0  │ │ 17 KiB │
#16 134.0  │ │ │ ros-kilted-ament-cmake-uncrustify                 ┆                                      ┆ 0.19.2       ┆ np2py312h2ed9cc7_17  ┆ robostack-kilted ┆   23.
#16 134.0  │ │ 12 KiB │
#16 134.0  │ │ │ ros-kilted-ament-cmake-version                    ┆                                      ┆ 2.7.5        ┆ np2py312h2ed9cc7_17  ┆ robostack-kilted ┆   21.
#16 134.0  │ │ 24 KiB │
#16 134.0  │ │ │ ros-kilted-ament-cmake-xmllint                    ┆                                      ┆ 0.19.2       ┆ np2py312h2ed9cc7_17  ┆ robostack-kilted ┆   22.
#16 134.0  │ │ 58 KiB │
#16 134.0  │ │ │ ros-kilted-ament-copyright                        ┆                                      ┆ 0.19.2       ┆ np2py312h2ed9cc7_17  ┆ robostack-kilted ┆   64.
#16 134.0  │ │ 93 KiB │
#16 134.0  │ │ │ ros-kilted-ament-cppcheck                         ┆                                      ┆ 0.19.2       ┆ np2py312h2ed9cc7_17  ┆ robostack-kilted ┆   29.
#16 134.0  │ │ 34 KiB │
#16 134.0  │ │ │ ros-kilted-ament-cpplint                          ┆                                      ┆ 0.19.2       ┆ np2py312h2ed9cc7_17  ┆ robostack-kilted ┆  165.
#16 134.0  │ │ 26 KiB │
#16 134.0  │ │ │ ros-kilted-ament-flake8                           ┆                                      ┆ 0.19.2       ┆ np2py312h2ed9cc7_17  ┆ robostack-kilted ┆   27.
#16 134.0  │ │ 55 KiB │
#16 134.0  │ │ │ ros-kilted-ament-index-python                     ┆                                      ┆ 1.11.3       ┆ np2py312h2ed9cc7_17  ┆ robostack-kilted ┆   29.
#16 134.0  │ │ 79 KiB │
#16 134.0  │ │ │ ros-kilted-ament-lint                             ┆                                      ┆ 0.19.2       ┆ np2py312h2ed9cc7_17  ┆ robostack-kilted ┆   17.
#16 134.0  │ │ 04 KiB │
#16 134.0  │ │ │ ros-kilted-ament-lint-cmake                       ┆                                      ┆ 0.19.2       ┆ np2py312h2ed9cc7_17  ┆ robostack-kilted ┆   38.
#16 134.0  │ │ 71 KiB │
#16 134.0  │ │ │ ros-kilted-ament-package                          ┆                                      ┆ 0.17.2       ┆ np2py312h2ed9cc7_17  ┆ robostack-kilted ┆   41.
#16 134.0  │ │ 83 KiB │
#16 134.0  │ │ │ ros-kilted-ament-pep257                           ┆                                      ┆ 0.19.2       ┆ np2py312h2ed9cc7_17  ┆ robostack-kilted ┆   26.
#16 134.0  │ │ 22 KiB │
#16 134.0  │ │ │ ros-kilted-ament-uncrustify                       ┆                                      ┆ 0.19.2       ┆ np2py312h2ed9cc7_17  ┆ robostack-kilted ┆   66.
#16 134.0  │ │ 74 KiB │
#16 134.0  │ │ │ ros-kilted-ament-xmllint                          ┆                                      ┆ 0.19.2       ┆ np2py312h2ed9cc7_17  ┆ robostack-kilted ┆   27.
#16 134.0  │ │ 28 KiB │
#16 134.0  │ │ │ ros-kilted-fastcdr                                ┆                                      ┆ 2.3.5        ┆ np2py312h2ed9cc7_17  ┆ robostack-kilted ┆   87.
#16 134.0  │ │ 44 KiB │
#16 134.0  │ │ │ ros-kilted-rcpputils                              ┆                                      ┆ 2.13.5       ┆ np2py312h2ed9cc7_17  ┆ robostack-kilted ┆   79.
#16 134.0  │ │ 27 KiB │
#16 134.0  │ │ │ ros-kilted-rcutils                                ┆                                      ┆ 6.9.10       ┆ np2py312h2ed9cc7_17  ┆ robostack-kilted ┆  121.
#16 134.0  │ │ 88 KiB │
#16 134.0  │ │ │ ros-kilted-rmw                                    ┆                                      ┆ 7.8.2        ┆ np2py312h2ed9cc7_17  ┆ robostack-kilted ┆   94.
#16 134.0  │ │ 45 KiB │
#16 134.0  │ │ │ ros-kilted-ros-environment                        ┆                                      ┆ 4.3.1        ┆ np2py312h2ed9cc7_17  ┆ robostack-kilted ┆   20.
#16 134.0  │ │ 85 KiB │
#16 134.0  │ │ │ ros-kilted-rosidl-adapter                         ┆                                      ┆ 4.9.6        ┆ np2py312h2ed9cc7_17  ┆ robostack-kilted ┆   66.
#16 134.0  │ │ 46 KiB │
#16 134.0  │ │ │ ros-kilted-rosidl-cli                             ┆                                      ┆ 4.9.6        ┆ np2py312h2ed9cc7_17  ┆ robostack-kilted ┆   45.
#16 134.0  │ │ 24 KiB │
#16 134.0  │ │ │ ros-kilted-rosidl-cmake                           ┆                                      ┆ 4.9.6        ┆ np2py312h2ed9cc7_17  ┆ robostack-kilted ┆   35.
#16 134.0  │ │ 50 KiB │
#16 134.0  │ │ │ ros-kilted-rosidl-core-generators                 ┆                                      ┆ 0.3.2        ┆ np2py312h2ed9cc7_17  ┆ robostack-kilted ┆   30.
#16 134.0  │ │ 27 KiB │
#16 134.0  │ │ │ ros-kilted-rosidl-core-runtime                    ┆                                      ┆ 0.3.2        ┆ np2py312h2ed9cc7_17  ┆ robostack-kilted ┆   29.
#16 134.0  │ │ 33 KiB │
#16 134.0  │ │ │ ros-kilted-rosidl-default-runtime                 ┆                                      ┆ 1.7.2        ┆ np2py312h2ed9cc7_17  ┆ robostack-kilted ┆   29.
#16 134.0  │ │ 88 KiB │
#16 134.0  │ │ │ ros-kilted-rosidl-dynamic-typesupport             ┆                                      ┆ 0.3.1        ┆ np2py312h2ed9cc7_17  ┆ robostack-kilted ┆   59.
#16 134.0  │ │ 43 KiB │
#16 134.0  │ │ │ ros-kilted-rosidl-generator-c                     ┆                                      ┆ 4.9.6        ┆ np2py312h2ed9cc7_17  ┆ robostack-kilted ┆   50.
#16 134.0  │ │ 87 KiB │
#16 134.0  │ │ │ ros-kilted-rosidl-generator-cpp                   ┆                                      ┆ 4.9.6        ┆ np2py312h2ed9cc7_17  ┆ robostack-kilted ┆   49.
#16 134.0  │ │ 20 KiB │
#16 134.0  │ │ │ ros-kilted-rosidl-generator-py                    ┆                                      ┆ 0.24.2       ┆ np2py312h2ed9cc7_17  ┆ robostack-kilted ┆   58.
#16 134.0  │ │ 46 KiB │
#16 134.0  │ │ │ ros-kilted-rosidl-generator-rs                    ┆                                      ┆ 0.4.11       ┆ np2py312h2ed9cc7_17  ┆ robostack-kilted ┆   47.
#16 134.0  │ │ 05 KiB │
#16 134.0  │ │ │ ros-kilted-rosidl-generator-type-description      ┆                                      ┆ 4.9.6        ┆ np2py312h2ed9cc7_17  ┆ robostack-kilted ┆   45.
#16 134.0  │ │ 90 KiB │
#16 134.0  │ │ │ ros-kilted-rosidl-parser                          ┆                                      ┆ 4.9.6        ┆ np2py312h2ed9cc7_17  ┆ robostack-kilted ┆   64.
#16 134.0  │ │ 65 KiB │
#16 134.0  │ │ │ ros-kilted-rosidl-pycommon                        ┆                                      ┆ 4.9.6        ┆ np2py312h2ed9cc7_17  ┆ robostack-kilted ┆   26.
#16 134.0  │ │ 21 KiB │
#16 134.0  │ │ │ ros-kilted-rosidl-runtime-c                       ┆                                      ┆ 4.9.6        ┆ np2py312h2ed9cc7_17  ┆ robostack-kilted ┆   80.
#16 134.0  │ │ 85 KiB │
#16 134.0  │ │ │ ros-kilted-rosidl-runtime-cpp                     ┆                                      ┆ 4.9.6        ┆ np2py312h2ed9cc7_17  ┆ robostack-kilted ┆   40.
#16 134.0  │ │ 18 KiB │
#16 134.0  │ │ │ ros-kilted-rosidl-typesupport-c                   ┆                                      ┆ 3.3.3        ┆ np2py312h2ed9cc7_17  ┆ robostack-kilted ┆   49.
#16 134.0  │ │ 61 KiB │
#16 134.0  │ │ │ ros-kilted-rosidl-typesupport-cpp                 ┆                                      ┆ 3.3.3        ┆ np2py312h2ed9cc7_17  ┆ robostack-kilted ┆   48.
#16 134.0  │ │ 76 KiB │
#16 134.0  │ │ │ ros-kilted-rosidl-typesupport-fastrtps-c          ┆                                      ┆ 3.8.2        ┆ np2py312h2ed9cc7_17  ┆ robostack-kilted ┆   50.
#16 134.0  │ │ 31 KiB │
#16 134.0  │ │ │ ros-kilted-rosidl-typesupport-fastrtps-cpp        ┆                                      ┆ 3.8.2        ┆ np2py312h2ed9cc7_17  ┆ robostack-kilted ┆   52.
#16 134.0  │ │ 32 KiB │
#16 134.0  │ │ │ ros-kilted-rosidl-typesupport-interface           ┆                                      ┆ 4.9.6        ┆ np2py312h2ed9cc7_17  ┆ robostack-kilted ┆   28.
#16 134.0  │ │ 82 KiB │
#16 134.0  │ │ │ ros-kilted-rosidl-typesupport-introspection-c     ┆                                      ┆ 4.9.6        ┆ np2py312h2ed9cc7_17  ┆ robostack-kilted ┆   45.
#16 134.0  │ │ 99 KiB │
#16 134.0  │ │ │ ros-kilted-rosidl-typesupport-introspection-cpp   ┆                                      ┆ 4.9.6        ┆ np2py312h2ed9cc7_17  ┆ robostack-kilted ┆   46.
#16 134.0  │ │ 24 KiB │
#16 134.0  │ │ │ ros-kilted-rpyutils                               ┆                                      ┆ 0.6.3        ┆ np2py312h2ed9cc7_17  ┆ robostack-kilted ┆   26.
#16 134.0  │ │ 66 KiB │
#16 134.0  │ │ │ ros-kilted-service-msgs                           ┆                                      ┆ 2.3.1        ┆ np2py312h2ed9cc7_17  ┆ robostack-kilted ┆   78.
#16 134.0  │ │ 16 KiB │
#16 134.0  │ │ │ ros-kilted-uncrustify-vendor                      ┆                                      ┆ 3.1.0        ┆ np2py312h2ed9cc7_17  ┆ robostack-kilted ┆   22.
#16 134.0  │ │ 64 KiB │
#16 134.0  │ │ │ ros-kilted-unique-identifier-msgs                 ┆                                      ┆ 2.7.0        ┆ np2py312h2ed9cc7_17  ┆ robostack-kilted ┆   72.
#16 134.0  │ │ 52 KiB │
#16 134.0  │ │ │ ros2-distro-mutex                                 ┆                                      ┆ 0.14.0       ┆ kilted_17            ┆ robostack-kilted ┆    2.
#16 134.0  │ │ 32 KiB │
#16 134.0  │ │ │ six                                               ┆                                      ┆ 1.17.0       ┆ pyhe01879c_1         ┆ conda-forge      ┆   18.
#16 134.0  │ │ 02 KiB │
#16 134.0  │ │ │ snowballstemmer                                   ┆                                      ┆ 3.0.1        ┆ pyhd8ed1ab_0         ┆ conda-forge      ┆   71.
#16 134.0  │ │ 30 KiB │
#16 134.0  │ │ │ sysroot_linux-64                                  ┆                                      ┆ 2.28         ┆ h4ee821c_9           ┆ conda-forge      ┆   22.
#16 134.0  │ │ 90 MiB │
#16 134.0  │ │ │ tinyxml2                                          ┆                                      ┆ 11.0.0       ┆ h3f2d84a_0           ┆ conda-forge      ┆  128.
#16 134.0  │ │ 27 KiB │
#16 134.0  │ │ │ tk                                                ┆                                      ┆ 8.6.13       ┆ noxft_h366c992_103   ┆ conda-forge      ┆    3.
#16 134.0  │ │ 15 MiB │
#16 134.0  │ │ │ tomli                                             ┆                                      ┆ 2.4.1        ┆ pyhcf101f3_0         ┆ conda-forge      ┆   21.
#16 134.0  │ │ 06 KiB │
#16 134.0  │ │ │ tzdata                                            ┆                                      ┆ 2025c        ┆ hc9c84f9_1           ┆ conda-forge      ┆  116.
#16 134.0  │ │ 34 KiB │
#16 134.0  │ │ │ uncrustify                                        ┆                                      ┆ 0.81.0       ┆ h54a6638_2           ┆ conda-forge      ┆  707.
#16 134.0  │ │ 61 KiB │
#16 134.0  │ │ │ zipp                                              ┆                                      ┆ 3.23.1       ┆ pyhcf101f3_0         ┆ conda-forge      ┆   23.
#16 134.0  │ │ 89 KiB │
#16 134.0  │ │ │ zstd                                              ┆                                      ┆ 1.5.7        ┆ hb78ec9c_6           ┆ conda-forge      ┆  587.
#16 134.0  │ │ 28 KiB │
#16 134.0  │ │ ╰───────────────────────────────────────────────────┴──────────────────────────────────────┴──────────────┴──────────────────────┴──────────────────┴──────
#16 134.0  │ │ ───────╯
#16 134.0  │ │ Resolved host dependencies(ros-kilted-aic-control-interfaces-0.0.1-hb0f4dca_0):
#16 134.0  │ │ ╭───────────────────────────────────────────────────┬──────────────────────────────────────────────┬──────────────┬──────────────────────┬─────────────────
#16 134.0  │ │ ─┬─────────────╮
#16 134.0  │ │ │ Package                                           ┆ Spec                                         ┆ Version      ┆ Build                ┆ Channel         
#16 134.0  │ │  ┆        Size │
#16 134.0  │ │ ╞═══════════════════════════════════════════════════╪══════════════════════════════════════════════╪══════════════╪══════════════════════╪═════════════════
#16 134.0  │ │ ═╪═════════════╡
#16 134.0  │ │ │ libgcc                                            ┆ libgcc >=15 (RE of [build: gcc_linux-64])    ┆ 15.2.0       ┆ he0feb66_18          ┆ conda-forge     
#16 134.0  │ │  ┆ 1017.37 KiB │
#16 134.0  │ │ │ libstdcxx                                         ┆ libstdcxx >=15 (RE of [build: gxx_linux-64]) ┆ 15.2.0       ┆ h934c35e_18          ┆ conda-forge     
#16 134.0  │ │  ┆    5.58 MiB │
#16 134.0  │ │ │ numpy                                             ┆ numpy                                        ┆ 2.4.3        ┆ py312h33ff503_0      ┆ conda-forge     
#16 134.0  │ │  ┆    8.35 MiB │
#16 134.0  │ │ │ pip                                               ┆ pip                                          ┆ 26.0.1       ┆ pyh8b19718_0         ┆ conda-forge     
#16 134.0  │ │  ┆    1.13 MiB │
#16 134.0  │ │ │ pkg-config                                        ┆ pkg-config                                   ┆ 0.29.2       ┆ h4bc722e_1009        ┆ conda-forge     
#16 134.0  │ │  ┆  112.48 KiB │
#16 134.0  │ │ │ python                                            ┆ python                                       ┆ 3.12.13      ┆ hd63d673_0_cpython   ┆ conda-forge     
#16 134.0  │ │  ┆   30.14 MiB │
#16 134.0  │ │ │ ros-kilted-ament-cmake                            ┆ ros-kilted-ament-cmake                       ┆ 2.7.5        ┆ np2py312h2ed9cc7_17  ┆ robostack-kilted
#16 134.0  │ │  ┆   22.73 KiB │
#16 134.0  │ │ │ ros-kilted-ament-lint-auto                        ┆ ros-kilted-ament-lint-auto                   ┆ 0.19.2       ┆ np2py312h2ed9cc7_17  ┆ robostack-kilted
#16 134.0  │ │  ┆   21.47 KiB │
#16 134.0  │ │ │ ros-kilted-ament-lint-common                      ┆ ros-kilted-ament-lint-common                 ┆ 0.19.2       ┆ np2py312h2ed9cc7_17  ┆ robostack-kilted
#16 134.0  │ │  ┆   21.79 KiB │
#16 134.0  │ │ │ ros-kilted-builtin-interfaces                     ┆ ros-kilted-builtin-interfaces                ┆ 2.3.1        ┆ np2py312h2ed9cc7_17  ┆ robostack-kilted
#16 134.0  │ │  ┆   78.56 KiB │
#16 134.0  │ │ │ ros-kilted-geometry-msgs                          ┆ ros-kilted-geometry-msgs                     ┆ 5.5.2        ┆ np2py312h2ed9cc7_17  ┆ robostack-kilted
#16 134.0  │ │  ┆  376.74 KiB │
#16 134.0  │ │ │ ros-kilted-ros-workspace                          ┆ ros-kilted-ros-workspace                     ┆ 1.0.3        ┆ np2py312h2ed9cc7_17  ┆ robostack-kilted
#16 134.0  │ │  ┆   34.44 KiB │
#16 134.0  │ │ │ ros-kilted-rosidl-default-generators              ┆ ros-kilted-rosidl-default-generators         ┆ 1.7.2        ┆ np2py312h2ed9cc7_17  ┆ robostack-kilted
#16 134.0  │ │  ┆   30.46 KiB │
#16 134.0  │ │ │ ros-kilted-std-msgs                               ┆ ros-kilted-std-msgs                          ┆ 5.5.2        ┆ np2py312h2ed9cc7_17  ┆ robostack-kilted
#16 134.0  │ │  ┆  337.96 KiB │
#16 134.0  │ │ │ ros-kilted-trajectory-msgs                        ┆ ros-kilted-trajectory-msgs                   ┆ 5.5.2        ┆ np2py312h2ed9cc7_17  ┆ robostack-kilted
#16 134.0  │ │  ┆  148.10 KiB │
#16 134.0  │ │ │ ros2-distro-mutex                                 ┆ ros2-distro-mutex                            ┆ 0.14.0       ┆ kilted_17            ┆ robostack-kilted
#16 134.0  │ │  ┆    2.32 KiB │
#16 134.0  │ │ │ _openmp_mutex                                     ┆                                              ┆ 4.5          ┆ 20_gnu               ┆ conda-forge     
#16 134.0  │ │  ┆   28.27 KiB │
#16 134.0  │ │ │ argcomplete                                       ┆                                              ┆ 3.6.3        ┆ pyhd8ed1ab_0         ┆ conda-forge     
#16 134.0  │ │  ┆   41.39 KiB │
#16 134.0  │ │ │ bzip2                                             ┆                                              ┆ 1.0.8        ┆ hda65f42_9           ┆ conda-forge     
#16 134.0  │ │  ┆  254.08 KiB │
#16 134.0  │ │ │ c-ares                                            ┆                                              ┆ 1.34.6       ┆ hb03c661_0           ┆ conda-forge     
#16 134.0  │ │  ┆  203.01 KiB │
#16 134.0  │ │ │ ca-certificates                                   ┆                                              ┆ 2026.4.22    ┆ hbd8a1cb_0           ┆ conda-forge     
#16 134.0  │ │  ┆  127.97 KiB │
#16 134.0  │ │ │ catkin_pkg                                        ┆                                              ┆ 1.1.0        ┆ pyhd8ed1ab_0         ┆ conda-forge     
#16 134.0  │ │  ┆   52.84 KiB │
#16 134.0  │ │ │ cmake                                             ┆                                              ┆ 4.3.2        ┆ hc85cc9f_0           ┆ conda-forge     
#16 134.0  │ │  ┆   22.01 MiB │
#16 134.0  │ │ │ cppcheck                                          ┆                                              ┆ 2.20.1       ┆ py312h014360a_0      ┆ conda-forge     
#16 134.0  │ │  ┆    2.96 MiB │
#16 134.0  │ │ │ docutils                                          ┆                                              ┆ 0.22.4       ┆ pyhd8ed1ab_0         ┆ conda-forge     
#16 134.0  │ │  ┆  427.74 KiB │
#16 134.0  │ │ │ empy                                              ┆                                              ┆ 3.3.4        ┆ pyh9f0ad1d_1         ┆ conda-forge     
#16 134.0  │ │  ┆   39.27 KiB │
#16 134.0  │ │ │ flake8                                            ┆                                              ┆ 7.3.0        ┆ pyhd8ed1ab_0         ┆ conda-forge     
#16 134.0  │ │  ┆  109.29 KiB │
#16 134.0  │ │ │ flake8-builtins                                   ┆                                              ┆ 3.1.0        ┆ pyhd8ed1ab_0         ┆ conda-forge     
#16 134.0  │ │  ┆   19.04 KiB │
#16 134.0  │ │ │ flake8-comprehensions                             ┆                                              ┆ 3.17.0       ┆ pyhd8ed1ab_0         ┆ conda-forge     
#16 134.0  │ │  ┆   13.72 KiB │
#16 134.0  │ │ │ flake8-docstrings                                 ┆                                              ┆ 1.7.0        ┆ pyhd8ed1ab_0         ┆ conda-forge     
#16 134.0  │ │  ┆   10.15 KiB │
#16 134.0  │ │ │ flake8-import-order                               ┆                                              ┆ 0.19.2       ┆ pyhd8ed1ab_0         ┆ conda-forge     
#16 134.0  │ │  ┆   20.55 KiB │
#16 134.0  │ │ │ flake8-quotes                                     ┆                                              ┆ 3.4.0        ┆ pyhd8ed1ab_1         ┆ conda-forge     
#16 134.0  │ │  ┆   14.43 KiB │
#16 134.0  │ │ │ icu                                               ┆                                              ┆ 78.3         ┆ h33c6efd_0           ┆ conda-forge     
#16 134.0  │ │  ┆   12.13 MiB │
#16 134.0  │ │ │ importlib-metadata                                ┆                                              ┆ 8.8.0        ┆ pyhcf101f3_0         ┆ conda-forge     
#16 134.0  │ │  ┆   33.58 KiB │
#16 134.0  │ │ │ importlib_resources                               ┆                                              ┆ 7.1.0        ┆ pyhd8ed1ab_0         ┆ conda-forge     
#16 134.0  │ │  ┆   33.99 KiB │
#16 134.0  │ │ │ keyutils                                          ┆                                              ┆ 1.6.3        ┆ hb9d3cd8_0           ┆ conda-forge     
#16 134.0  │ │  ┆  130.95 KiB │
#16 134.0  │ │ │ krb5                                              ┆                                              ┆ 1.22.2       ┆ ha1258a1_0           ┆ conda-forge     
#16 134.0  │ │  ┆    1.32 MiB │
#16 134.0  │ │ │ lark-parser                                       ┆                                              ┆ 0.12.0       ┆ pyhd8ed1ab_1         ┆ conda-forge     
#16 134.0  │ │  ┆   84.12 KiB │
#16 134.0  │ │ │ ld_impl_linux-64                                  ┆                                              ┆ 2.45.1       ┆ default_hbd61a6d_102 ┆ conda-forge     
#16 134.0  │ │  ┆  710.94 KiB │
#16 134.0  │ │ │ libblas                                           ┆                                              ┆ 3.11.0       ┆ 6_h4a7cf45_openblas  ┆ conda-forge     
#16 134.0  │ │  ┆   18.18 KiB │
#16 134.0  │ │ │ libcblas                                          ┆                                              ┆ 3.11.0       ┆ 6_h0358290_openblas  ┆ conda-forge     
#16 134.0  │ │  ┆   18.19 KiB │
#16 134.0  │ │ │ libcurl                                           ┆                                              ┆ 8.19.0       ┆ hcf29cc6_0           ┆ conda-forge     
#16 134.0  │ │  ┆  455.77 KiB │
#16 134.0  │ │ │ libedit                                           ┆                                              ┆ 3.1.20250104 ┆ pl5321h7949ede_0     ┆ conda-forge     
#16 134.0  │ │  ┆  131.52 KiB │
#16 134.0  │ │ │ libev                                             ┆                                              ┆ 4.33         ┆ hd590300_2           ┆ conda-forge     
#16 134.0  │ │  ┆  110.12 KiB │
#16 134.0  │ │ │ libexpat                                          ┆                                              ┆ 2.7.5        ┆ hecca717_0           ┆ conda-forge     
#16 134.0  │ │  ┆   74.83 KiB │
#16 134.0  │ │ │ libffi                                            ┆                                              ┆ 3.5.2        ┆ h3435931_0           ┆ conda-forge     
#16 134.0  │ │  ┆   57.22 KiB │
#16 134.0  │ │ │ libgcc-ng                                         ┆                                              ┆ 15.2.0       ┆ h69a702a_18          ┆ conda-forge     
#16 134.0  │ │  ┆   26.88 KiB │
#16 134.0  │ │ │ libgfortran                                       ┆                                              ┆ 15.2.0       ┆ h69a702a_18          ┆ conda-forge     
#16 134.0  │ │  ┆   26.88 KiB │
#16 134.0  │ │ │ libgfortran5                                      ┆                                              ┆ 15.2.0       ┆ h68bc16d_18          ┆ conda-forge     
#16 134.0  │ │  ┆    2.37 MiB │
#16 134.0  │ │ │ libgomp                                           ┆                                              ┆ 15.2.0       ┆ he0feb66_18          ┆ conda-forge     
#16 134.0  │ │  ┆  589.12 KiB │
#16 134.0  │ │ │ libiconv                                          ┆                                              ┆ 1.18         ┆ h3b78370_2           ┆ conda-forge     
#16 134.0  │ │  ┆  771.66 KiB │
#16 134.0  │ │ │ liblapack                                         ┆                                              ┆ 3.11.0       ┆ 6_h47877c9_openblas  ┆ conda-forge     
#16 134.0  │ │  ┆   18.19 KiB │
#16 134.0  │ │ │ liblzma                                           ┆                                              ┆ 5.8.3        ┆ hb03c661_0           ┆ conda-forge     
#16 134.0  │ │  ┆  110.82 KiB │
#16 134.0  │ │ │ libnghttp2                                        ┆                                              ┆ 1.68.1       ┆ h877daf1_0           ┆ conda-forge     
#16 134.0  │ │  ┆  647.80 KiB │
#16 134.0  │ │ │ libnsl                                            ┆                                              ┆ 2.0.1        ┆ hb9d3cd8_1           ┆ conda-forge     
#16 134.0  │ │  ┆   32.94 KiB │
#16 134.0  │ │ │ libopenblas                                       ┆                                              ┆ 0.3.32       ┆ pthreads_h94d23a6_0  ┆ conda-forge     
#16 134.0  │ │  ┆    5.65 MiB │
#16 134.0  │ │ │ libsqlite                                         ┆                                              ┆ 3.53.0       ┆ hf4e2dac_0           ┆ conda-forge     
#16 134.0  │ │  ┆  936.39 KiB │
#16 134.0  │ │ │ libssh2                                           ┆                                              ┆ 1.11.1       ┆ hcf80075_0           ┆ conda-forge     
#16 134.0  │ │  ┆  297.65 KiB │
#16 134.0  │ │ │ libstdcxx-ng                                      ┆                                              ┆ 15.2.0       ┆ hdf11a46_18          ┆ conda-forge     
#16 134.0  │ │  ┆   26.93 KiB │
#16 134.0  │ │ │ libuuid                                           ┆                                              ┆ 2.42         ┆ h5347b49_0           ┆ conda-forge     
#16 134.0  │ │  ┆   39.35 KiB │
#16 134.0  │ │ │ libuv                                             ┆                                              ┆ 1.51.0       ┆ hb03c661_1           ┆ conda-forge     
#16 134.0  │ │  ┆  874.13 KiB │
#16 134.0  │ │ │ libxcrypt                                         ┆                                              ┆ 4.4.36       ┆ hd590300_1           ┆ conda-forge     
#16 134.0  │ │  ┆   98.04 KiB │
#16 134.0  │ │ │ libxml2                                           ┆                                              ┆ 2.15.3       ┆ h49c6c72_0           ┆ conda-forge     
#16 134.0  │ │  ┆   45.71 KiB │
#16 134.0  │ │ │ libxml2-16                                        ┆                                              ┆ 2.15.3       ┆ hca6bf5a_0           ┆ conda-forge     
#16 134.0  │ │  ┆  546.66 KiB │
#16 134.0  │ │ │ libzlib                                           ┆                                              ┆ 1.3.2        ┆ h25fd6f3_2           ┆ conda-forge     
#16 134.0  │ │  ┆   62.14 KiB │
#16 134.0  │ │ │ mccabe                                            ┆                                              ┆ 0.7.0        ┆ pyhd8ed1ab_1         ┆ conda-forge     
#16 134.0  │ │  ┆   12.63 KiB │
#16 134.0  │ │ │ ncurses                                           ┆                                              ┆ 6.6          ┆ hdb14827_0           ┆ conda-forge     
#16 134.0  │ │  ┆  897.42 KiB │
#16 134.0  │ │ │ openssl                                           ┆                                              ┆ 3.6.2        ┆ h35e630c_0           ┆ conda-forge     
#16 134.0  │ │  ┆    3.02 MiB │
#16 134.0  │ │ │ packaging                                         ┆                                              ┆ 26.2         ┆ pyhc364b38_0         ┆ conda-forge     
#16 134.0  │ │  ┆   89.43 KiB │
#16 134.0  │ │ │ pcre                                              ┆                                              ┆ 8.45         ┆ h9c3ff4c_0           ┆ conda-forge     
#16 134.0  │ │  ┆  253.30 KiB │
#16 134.0  │ │ │ pycodestyle                                       ┆                                              ┆ 2.14.0       ┆ pyhd8ed1ab_0         ┆ conda-forge     
#16 134.0  │ │  ┆   34.36 KiB │
#16 134.0  │ │ │ pydocstyle                                        ┆                                              ┆ 6.3.0        ┆ pyhd8ed1ab_1         ┆ conda-forge     
#16 134.0  │ │  ┆   39.29 KiB │
#16 134.0  │ │ │ pyflakes                                          ┆                                              ┆ 3.4.0        ┆ pyhd8ed1ab_0         ┆ conda-forge     
#16 134.0  │ │  ┆   58.20 KiB │
#16 134.0  │ │ │ pygments                                          ┆                                              ┆ 2.20.0       ┆ pyhd8ed1ab_0         ┆ conda-forge     
#16 134.0  │ │  ┆  872.10 KiB │
#16 134.0  │ │ │ pyparsing                                         ┆                                              ┆ 3.3.2        ┆ pyhcf101f3_0         ┆ conda-forge     
#16 134.0  │ │  ┆  108.29 KiB │
#16 134.0  │ │ │ python-dateutil                                   ┆                                              ┆ 2.9.0.post0  ┆ pyhe01879c_2         ┆ conda-forge     
#16 134.0  │ │  ┆  227.84 KiB │
#16 134.0  │ │ │ python_abi                                        ┆                                              ┆ 3.12         ┆ 8_cp312              ┆ conda-forge     
#16 134.0  │ │  ┆    6.79 KiB │
#16 134.0  │ │ │ readline                                          ┆                                              ┆ 8.3          ┆ h853b02a_0           ┆ conda-forge     
#16 134.0  │ │  ┆  336.99 KiB │
#16 134.0  │ │ │ rhash                                             ┆                                              ┆ 1.4.6        ┆ hb9d3cd8_1           ┆ conda-forge     
#16 134.0  │ │  ┆  189.23 KiB │
#16 134.0  │ │ │ ros-kilted-action-msgs                            ┆                                              ┆ 2.3.1        ┆ np2py312h2ed9cc7_17  ┆ robostack-kilted
#16 134.0  │ │  ┆  150.07 KiB │
#16 134.0  │ │ │ ros-kilted-ament-cmake-copyright                  ┆                                              ┆ 0.19.2       ┆ np2py312h2ed9cc7_17  ┆ robostack-kilted
#16 134.0  │ │  ┆   22.14 KiB │
#16 134.0  │ │ │ ros-kilted-ament-cmake-core                       ┆                                              ┆ 2.7.5        ┆ np2py312h2ed9cc7_17  ┆ robostack-kilted
#16 134.0  │ │  ┆   43.98 KiB │
#16 134.0  │ │ │ ros-kilted-ament-cmake-cppcheck                   ┆                                              ┆ 0.19.2       ┆ np2py312h2ed9cc7_17  ┆ robostack-kilted
#16 134.0  │ │  ┆   23.89 KiB │
#16 134.0  │ │ │ ros-kilted-ament-cmake-cpplint                    ┆                                              ┆ 0.19.2       ┆ np2py312h2ed9cc7_17  ┆ robostack-kilted
#16 134.0  │ │  ┆   22.76 KiB │
#16 134.0  │ │ │ ros-kilted-ament-cmake-export-definitions         ┆                                              ┆ 2.7.5        ┆ np2py312h2ed9cc7_17  ┆ robostack-kilted
#16 134.0  │ │  ┆   21.48 KiB │
#16 134.0  │ │ │ ros-kilted-ament-cmake-export-dependencies        ┆                                              ┆ 2.7.5        ┆ np2py312h2ed9cc7_17  ┆ robostack-kilted
#16 134.0  │ │  ┆   22.41 KiB │
#16 134.0  │ │ │ ros-kilted-ament-cmake-export-include-directories ┆                                              ┆ 2.7.5        ┆ np2py312h2ed9cc7_17  ┆ robostack-kilted
#16 134.0  │ │  ┆   21.91 KiB │
#16 134.0  │ │ │ ros-kilted-ament-cmake-export-interfaces          ┆                                              ┆ 2.7.5        ┆ np2py312h2ed9cc7_17  ┆ robostack-kilted
#16 134.0  │ │  ┆   22.11 KiB │
#16 134.0  │ │ │ ros-kilted-ament-cmake-export-libraries           ┆                                              ┆ 2.7.5        ┆ np2py312h2ed9cc7_17  ┆ robostack-kilted
#16 134.0  │ │  ┆   23.39 KiB │
#16 134.0  │ │ │ ros-kilted-ament-cmake-export-link-flags          ┆                                              ┆ 2.7.5        ┆ np2py312h2ed9cc7_17  ┆ robostack-kilted
#16 134.0  │ │  ┆   21.45 KiB │
#16 134.0  │ │ │ ros-kilted-ament-cmake-export-targets             ┆                                              ┆ 2.7.5        ┆ np2py312h2ed9cc7_17  ┆ robostack-kilted
#16 134.0  │ │  ┆   22.26 KiB │
#16 134.0  │ │ │ ros-kilted-ament-cmake-flake8                     ┆                                              ┆ 0.19.2       ┆ np2py312h2ed9cc7_17  ┆ robostack-kilted
#16 134.0  │ │  ┆   23.73 KiB │
#16 134.0  │ │ │ ros-kilted-ament-cmake-gen-version-h              ┆                                              ┆ 2.7.5        ┆ np2py312h2ed9cc7_17  ┆ robostack-kilted
#16 134.0  │ │  ┆   24.16 KiB │
#16 134.0  │ │ │ ros-kilted-ament-cmake-include-directories        ┆                                              ┆ 2.7.5        ┆ np2py312h2ed9cc7_17  ┆ robostack-kilted
#16 134.0  │ │  ┆   21.36 KiB │
#16 134.0  │ │ │ ros-kilted-ament-cmake-libraries                  ┆                                              ┆ 2.7.5        ┆ np2py312h2ed9cc7_17  ┆ robostack-kilted
#16 134.0  │ │  ┆   21.06 KiB │
#16 134.0  │ │ │ ros-kilted-ament-cmake-lint-cmake                 ┆                                              ┆ 0.19.2       ┆ np2py312h2ed9cc7_17  ┆ robostack-kilted
#16 134.0  │ │  ┆   21.80 KiB │
#16 134.1  │ │ │ ros-kilted-ament-cmake-pep257                     ┆                                              ┆ 0.19.2       ┆ np2py312h2ed9cc7_17  ┆ robostack-kilted
#16 134.1  │ │  ┆   22.58 KiB │
#16 134.1  │ │ │ ros-kilted-ament-cmake-python                     ┆                                              ┆ 2.7.5        ┆ np2py312h2ed9cc7_17  ┆ robostack-kilted
#16 134.1  │ │  ┆   23.55 KiB │
#16 134.1  │ │ │ ros-kilted-ament-cmake-ros-core                   ┆                                              ┆ 0.14.7       ┆ np2py312h2ed9cc7_17  ┆ robostack-kilted
#16 134.1  │ │  ┆   26.39 KiB │
#16 134.1  │ │ │ ros-kilted-ament-cmake-target-dependencies        ┆                                              ┆ 2.7.5        ┆ np2py312h2ed9cc7_17  ┆ robostack-kilted
#16 134.1  │ │  ┆   23.29 KiB │
#16 134.1  │ │ │ ros-kilted-ament-cmake-test                       ┆                                              ┆ 2.7.5        ┆ np2py312h2ed9cc7_17  ┆ robostack-kilted
#16 134.1  │ │  ┆   35.17 KiB │
#16 134.1  │ │ │ ros-kilted-ament-cmake-uncrustify                 ┆                                              ┆ 0.19.2       ┆ np2py312h2ed9cc7_17  ┆ robostack-kilted
#16 134.1  │ │  ┆   23.12 KiB │
#16 134.1  │ │ │ ros-kilted-ament-cmake-version                    ┆                                              ┆ 2.7.5        ┆ np2py312h2ed9cc7_17  ┆ robostack-kilted
#16 134.1  │ │  ┆   21.24 KiB │
#16 134.1  │ │ │ ros-kilted-ament-cmake-xmllint                    ┆                                              ┆ 0.19.2       ┆ np2py312h2ed9cc7_17  ┆ robostack-kilted
#16 134.1  │ │  ┆   22.58 KiB │
#16 134.1  │ │ │ ros-kilted-ament-copyright                        ┆                                              ┆ 0.19.2       ┆ np2py312h2ed9cc7_17  ┆ robostack-kilted
#16 134.1  │ │  ┆   64.93 KiB │
#16 134.1  │ │ │ ros-kilted-ament-cppcheck                         ┆                                              ┆ 0.19.2       ┆ np2py312h2ed9cc7_17  ┆ robostack-kilted
#16 134.1  │ │  ┆   29.34 KiB │
#16 134.1  │ │ │ ros-kilted-ament-cpplint                          ┆                                              ┆ 0.19.2       ┆ np2py312h2ed9cc7_17  ┆ robostack-kilted
#16 134.1  │ │  ┆  165.26 KiB │
#16 134.1  │ │ │ ros-kilted-ament-flake8                           ┆                                              ┆ 0.19.2       ┆ np2py312h2ed9cc7_17  ┆ robostack-kilted
#16 134.1  │ │  ┆   27.55 KiB │
#16 134.1  │ │ │ ros-kilted-ament-index-python                     ┆                                              ┆ 1.11.3       ┆ np2py312h2ed9cc7_17  ┆ robostack-kilted
#16 134.1  │ │  ┆   29.79 KiB │
#16 134.1  │ │ │ ros-kilted-ament-lint                             ┆                                              ┆ 0.19.2       ┆ np2py312h2ed9cc7_17  ┆ robostack-kilted
#16 134.1  │ │  ┆   17.04 KiB │
#16 134.1  │ │ │ ros-kilted-ament-lint-cmake                       ┆                                              ┆ 0.19.2       ┆ np2py312h2ed9cc7_17  ┆ robostack-kilted
#16 134.1  │ │  ┆   38.71 KiB │
#16 134.1  │ │ │ ros-kilted-ament-package                          ┆                                              ┆ 0.17.2       ┆ np2py312h2ed9cc7_17  ┆ robostack-kilted
#16 134.1  │ │  ┆   41.83 KiB │
#16 134.1  │ │ │ ros-kilted-ament-pep257                           ┆                                              ┆ 0.19.2       ┆ np2py312h2ed9cc7_17  ┆ robostack-kilted
#16 134.1  │ │  ┆   26.22 KiB │
#16 134.1  │ │ │ ros-kilted-ament-uncrustify                       ┆                                              ┆ 0.19.2       ┆ np2py312h2ed9cc7_17  ┆ robostack-kilted
#16 134.1  │ │  ┆   66.74 KiB │
#16 134.1  │ │ │ ros-kilted-ament-xmllint                          ┆                                              ┆ 0.19.2       ┆ np2py312h2ed9cc7_17  ┆ robostack-kilted
#16 134.1  │ │  ┆   27.28 KiB │
#16 134.1  │ │ │ ros-kilted-fastcdr                                ┆                                              ┆ 2.3.5        ┆ np2py312h2ed9cc7_17  ┆ robostack-kilted
#16 134.1  │ │  ┆   87.44 KiB │
#16 134.1  │ │ │ ros-kilted-rcpputils                              ┆                                              ┆ 2.13.5       ┆ np2py312h2ed9cc7_17  ┆ robostack-kilted
#16 134.1  │ │  ┆   79.27 KiB │
#16 134.1  │ │ │ ros-kilted-rcutils                                ┆                                              ┆ 6.9.10       ┆ np2py312h2ed9cc7_17  ┆ robostack-kilted
#16 134.1  │ │  ┆  121.88 KiB │
#16 134.1  │ │ │ ros-kilted-rmw                                    ┆                                              ┆ 7.8.2        ┆ np2py312h2ed9cc7_17  ┆ robostack-kilted
#16 134.1  │ │  ┆   94.45 KiB │
#16 134.1  │ │ │ ros-kilted-ros-environment                        ┆                                              ┆ 4.3.1        ┆ np2py312h2ed9cc7_17  ┆ robostack-kilted
#16 134.1  │ │  ┆   20.85 KiB │
#16 134.1  │ │ │ ros-kilted-rosidl-adapter                         ┆                                              ┆ 4.9.6        ┆ np2py312h2ed9cc7_17  ┆ robostack-kilted
#16 134.1  │ │  ┆   66.46 KiB │
#16 134.1  │ │ │ ros-kilted-rosidl-cli                             ┆                                              ┆ 4.9.6        ┆ np2py312h2ed9cc7_17  ┆ robostack-kilted
#16 134.1  │ │  ┆   45.24 KiB │
#16 134.1  │ │ │ ros-kilted-rosidl-cmake                           ┆                                              ┆ 4.9.6        ┆ np2py312h2ed9cc7_17  ┆ robostack-kilted
#16 134.1  │ │  ┆   35.50 KiB │
#16 134.1  │ │ │ ros-kilted-rosidl-core-generators                 ┆                                              ┆ 0.3.2        ┆ np2py312h2ed9cc7_17  ┆ robostack-kilted
#16 134.1  │ │  ┆   30.27 KiB │
#16 134.1  │ │ │ ros-kilted-rosidl-core-runtime                    ┆                                              ┆ 0.3.2        ┆ np2py312h2ed9cc7_17  ┆ robostack-kilted
#16 134.1  │ │  ┆   29.33 KiB │
#16 134.1  │ │ │ ros-kilted-rosidl-default-runtime                 ┆                                              ┆ 1.7.2        ┆ np2py312h2ed9cc7_17  ┆ robostack-kilted
#16 134.1  │ │  ┆   29.88 KiB │
#16 134.1  │ │ │ ros-kilted-rosidl-dynamic-typesupport             ┆                                              ┆ 0.3.1        ┆ np2py312h2ed9cc7_17  ┆ robostack-kilted
#16 134.1  │ │  ┆   59.43 KiB │
#16 134.1  │ │ │ ros-kilted-rosidl-generator-c                     ┆                                              ┆ 4.9.6        ┆ np2py312h2ed9cc7_17  ┆ robostack-kilted
#16 134.1  │ │  ┆   50.87 KiB │
#16 134.1  │ │ │ ros-kilted-rosidl-generator-cpp                   ┆                                              ┆ 4.9.6        ┆ np2py312h2ed9cc7_17  ┆ robostack-kilted
#16 134.1  │ │  ┆   49.20 KiB │
#16 134.1  │ │ │ ros-kilted-rosidl-generator-py                    ┆                                              ┆ 0.24.2       ┆ np2py312h2ed9cc7_17  ┆ robostack-kilted
#16 134.1  │ │  ┆   58.46 KiB │
#16 134.1  │ │ │ ros-kilted-rosidl-generator-rs                    ┆                                              ┆ 0.4.11       ┆ np2py312h2ed9cc7_17  ┆ robostack-kilted
#16 134.1  │ │  ┆   47.05 KiB │
#16 134.1  │ │ │ ros-kilted-rosidl-generator-type-description      ┆                                              ┆ 4.9.6        ┆ np2py312h2ed9cc7_17  ┆ robostack-kilted
#16 134.1  │ │  ┆   45.90 KiB │
#16 134.1  │ │ │ ros-kilted-rosidl-parser                          ┆                                              ┆ 4.9.6        ┆ np2py312h2ed9cc7_17  ┆ robostack-kilted
#16 134.1  │ │  ┆   64.65 KiB │
#16 134.1  │ │ │ ros-kilted-rosidl-pycommon                        ┆                                              ┆ 4.9.6        ┆ np2py312h2ed9cc7_17  ┆ robostack-kilted
#16 134.1  │ │  ┆   26.21 KiB │
#16 134.1  │ │ │ ros-kilted-rosidl-runtime-c                       ┆                                              ┆ 4.9.6        ┆ np2py312h2ed9cc7_17  ┆ robostack-kilted
#16 134.1  │ │  ┆   80.85 KiB │
#16 134.1  │ │ │ ros-kilted-rosidl-runtime-cpp                     ┆                                              ┆ 4.9.6        ┆ np2py312h2ed9cc7_17  ┆ robostack-kilted
#16 134.1  │ │  ┆   40.18 KiB │
#16 134.1  │ │ │ ros-kilted-rosidl-typesupport-c                   ┆                                              ┆ 3.3.3        ┆ np2py312h2ed9cc7_17  ┆ robostack-kilted
#16 134.1  │ │  ┆   49.61 KiB │
#16 134.1  │ │ │ ros-kilted-rosidl-typesupport-cpp                 ┆                                              ┆ 3.3.3        ┆ np2py312h2ed9cc7_17  ┆ robostack-kilted
#16 134.1  │ │  ┆   48.76 KiB │
#16 134.1  │ │ │ ros-kilted-rosidl-typesupport-fastrtps-c          ┆                                              ┆ 3.8.2        ┆ np2py312h2ed9cc7_17  ┆ robostack-kilted
#16 134.1  │ │  ┆   50.31 KiB │
#16 134.1  │ │ │ ros-kilted-rosidl-typesupport-fastrtps-cpp        ┆                                              ┆ 3.8.2        ┆ np2py312h2ed9cc7_17  ┆ robostack-kilted
#16 134.1  │ │  ┆   52.32 KiB │
#16 134.1  │ │ │ ros-kilted-rosidl-typesupport-interface           ┆                                              ┆ 4.9.6        ┆ np2py312h2ed9cc7_17  ┆ robostack-kilted
#16 134.1  │ │  ┆   28.82 KiB │
#16 134.1  │ │ │ ros-kilted-rosidl-typesupport-introspection-c     ┆                                              ┆ 4.9.6        ┆ np2py312h2ed9cc7_17  ┆ robostack-kilted
#16 134.1  │ │  ┆   45.99 KiB │
#16 134.1  │ │ │ ros-kilted-rosidl-typesupport-introspection-cpp   ┆                                              ┆ 4.9.6        ┆ np2py312h2ed9cc7_17  ┆ robostack-kilted
#16 134.1  │ │  ┆   46.24 KiB │
#16 134.1  │ │ │ ros-kilted-rpyutils                               ┆                                              ┆ 0.6.3        ┆ np2py312h2ed9cc7_17  ┆ robostack-kilted
#16 134.1  │ │  ┆   26.66 KiB │
#16 134.1  │ │ │ ros-kilted-service-msgs                           ┆                                              ┆ 2.3.1        ┆ np2py312h2ed9cc7_17  ┆ robostack-kilted
#16 134.1  │ │  ┆   78.16 KiB │
#16 134.1  │ │ │ ros-kilted-uncrustify-vendor                      ┆                                              ┆ 3.1.0        ┆ np2py312h2ed9cc7_17  ┆ robostack-kilted
#16 134.1  │ │  ┆   22.64 KiB │
#16 134.1  │ │ │ ros-kilted-unique-identifier-msgs                 ┆                                              ┆ 2.7.0        ┆ np2py312h2ed9cc7_17  ┆ robostack-kilted
#16 134.1  │ │  ┆   72.52 KiB │
#16 134.1  │ │ │ setuptools                                        ┆                                              ┆ 82.0.1       ┆ pyh332efcf_0         ┆ conda-forge     
#16 134.1  │ │  ┆  624.70 KiB │
#16 134.1  │ │ │ six                                               ┆                                              ┆ 1.17.0       ┆ pyhe01879c_1         ┆ conda-forge     
#16 134.1  │ │  ┆   18.02 KiB │
#16 134.1  │ │ │ snowballstemmer                                   ┆                                              ┆ 3.0.1        ┆ pyhd8ed1ab_0         ┆ conda-forge     
#16 134.1  │ │  ┆   71.30 KiB │
#16 134.1  │ │ │ tinyxml2                                          ┆                                              ┆ 11.0.0       ┆ h3f2d84a_0           ┆ conda-forge     
#16 134.1  │ │  ┆  128.27 KiB │
#16 134.1  │ │ │ tk                                                ┆                                              ┆ 8.6.13       ┆ noxft_h366c992_103   ┆ conda-forge     
#16 134.1  │ │  ┆    3.15 MiB │
#16 134.1  │ │ │ tomli                                             ┆                                              ┆ 2.4.1        ┆ pyhcf101f3_0         ┆ conda-forge     
#16 134.1  │ │  ┆   21.06 KiB │
#16 134.1  │ │ │ tzdata                                            ┆                                              ┆ 2025c        ┆ hc9c84f9_1           ┆ conda-forge     
#16 134.1  │ │  ┆  116.34 KiB │
#16 134.1  │ │ │ uncrustify                                        ┆                                              ┆ 0.81.0       ┆ h54a6638_2           ┆ conda-forge     
#16 134.1  │ │  ┆  707.61 KiB │
#16 134.1  │ │ │ wheel                                             ┆                                              ┆ 0.47.0       ┆ pyhd8ed1ab_0         ┆ conda-forge     
#16 134.1  │ │  ┆   32.71 KiB │
#16 134.1  │ │ │ zipp                                              ┆                                              ┆ 3.23.1       ┆ pyhcf101f3_0         ┆ conda-forge     
#16 134.1  │ │  ┆   23.89 KiB │
#16 134.1  │ │ │ zstd                                              ┆                                              ┆ 1.5.7        ┆ hb78ec9c_6           ┆ conda-forge     
#16 134.1  │ │  ┆  587.28 KiB │
#16 134.1  │ │ ╰───────────────────────────────────────────────────┴──────────────────────────────────────────────┴──────────────┴──────────────────────┴─────────────────
#16 134.1  │ │ ─┴─────────────╯
#16 134.1  │ │ Resolved run dependencies(ros-kilted-aic-control-interfaces-0.0.1-hb0f4dca_0):
#16 134.1  │ │ ╭───────────────────────────────────┬──────────────────────────────────────────────────────╮
#16 134.1  │ │ │ Name                              ┆ Spec                                                 │
#16 134.1  │ │ ╞═══════════════════════════════════╪══════════════════════════════════════════════════════╡
#16 134.1  │ │ │ Run dependencies                  ┆                                                      │
#16 134.1  │ │ │ libgcc                            ┆ >=15 (RE of [build: gcc_linux-64])                   │
#16 134.1  │ │ │                                   ┆ >=15 (RE of [build: gxx_linux-64])                   │
#16 134.1  │ │ │ libstdcxx                         ┆ >=15 (RE of [build: gxx_linux-64])                   │
#16 134.1  │ │ │ numpy                             ┆ >=1.23,<3 (RE of [host: numpy])                      │
#16 134.1  │ │ │ python_abi                        ┆ 3.12.* *_cp312 (RE of [host: python])                │
#16 134.1  │ │ │ ros-kilted-builtin-interfaces     ┆ *                                                    │
#16 134.1  │ │ │ ros-kilted-geometry-msgs          ┆ *                                                    │
#16 134.1  │ │ │ ros-kilted-rosidl-default-runtime ┆ *                                                    │
#16 134.1  │ │ │ ros-kilted-std-msgs               ┆ *                                                    │
#16 134.1  │ │ │ ros-kilted-trajectory-msgs        ┆ *                                                    │
#16 134.1  │ │ │ ros2-distro-mutex                 ┆ *                                                    │
#16 134.1  │ │ │                                   ┆ >=0.14.0,<0.15.0a0 (RE of [host: ros2-distro-mutex]) │
#16 134.1  │ │ ╰───────────────────────────────────┴──────────────────────────────────────────────────────╯
#16 134.1  │ │
#16 134.1  │ ╰─────────────────── (took 0 seconds)
#16 134.6  │
#16 134.6  │ ╭─ Running build script
#16 134.6  │ │ INFO: activate-binutils_linux-64.sh made the following environmental changes:
#16 134.6  │ │ +ADDR2LINE=x86_64-conda-linux-gnu-addr2line
#16 134.6  │ │ +AR=x86_64-conda-linux-gnu-ar
#16 134.6  │ │ +AS=x86_64-conda-linux-gnu-as
#16 134.6  │ │ +CXXFILT=x86_64-conda-linux-gnu-c++filt
#16 134.6  │ │ +ELFEDIT=x86_64-conda-linux-gnu-elfedit
#16 134.6  │ │ +GPROF=x86_64-conda-linux-gnu-gprof
#16 134.6  │ │ +LD=x86_64-conda-linux-gnu-ld
#16 134.6  │ │ +NM=x86_64-conda-linux-gnu-nm
#16 134.6  │ │ +OBJCOPY=x86_64-conda-linux-gnu-objcopy
#16 134.6  │ │ +OBJDUMP=x86_64-conda-linux-gnu-objdump
#16 134.6  │ │ +RANLIB=x86_64-conda-linux-gnu-ranlib
#16 134.6  │ │ +READELF=x86_64-conda-linux-gnu-readelf
#16 134.6  │ │ +SIZE=x86_64-conda-linux-gnu-size
#16 134.6  │ │ +STRINGS=x86_64-conda-linux-gnu-strings
#16 134.6  │ │ +STRIP=x86_64-conda-linux-gnu-strip
#16 134.6  │ │ INFO: activate-gcc_linux-64.sh made the following environmental changes:
#16 134.7  │ │ +BUILD=x86_64-conda-linux-gnu
#16 134.7  │ │ +CC=x86_64-conda-linux-gnu-cc
#16 134.7  │ │ +CC_FOR_BUILD=x86_64-conda-linux-gnu-cc
#16 134.7  │ │ +CFLAGS=-march=nocona -mtune=haswell -ftree-vectorize -fPIC -fstack-protector-strong -fno-plt -O2 -ffunction-sections -pipe -isystem $PREFIX/include -fdebu
#16 134.7  │ │ g-prefix-map=$SRC_DIR=/usr/local/src/conda/ros-kilted-aic-control-interfaces-0.0.1 -fdebug-prefix-map=$PREFIX=/usr/local/src/conda-prefix
#16 134.7  │ │ +CMAKE_ARGS=-DCMAKE_AR=$BUILD_PREFIX/bin/x86_64-conda-linux-gnu-ar -DCMAKE_CXX_COMPILER_AR=$BUILD_PREFIX/bin/x86_64-conda-linux-gnu-gcc-ar -DCMAKE_C_COMPIL
#16 134.7  │ │ ER_AR=$BUILD_PREFIX/bin/x86_64-conda-linux-gnu-gcc-ar -DCMAKE_RANLIB=$BUILD_PREFIX/bin/x86_64-conda-linux-gnu-ranlib -DCMAKE_CXX_COMPILER_RANLIB=$BUILD_PRE
#16 134.7  │ │ FIX/bin/x86_64-conda-linux-gnu-gcc-ranlib -DCMAKE_C_COMPILER_RANLIB=$BUILD_PREFIX/bin/x86_64-conda-linux-gnu-gcc-ranlib -DCMAKE_LINKER=$BUILD_PREFIX/bin/x8
#16 134.7  │ │ 6_64-conda-linux-gnu-ld -DCMAKE_STRIP=$BUILD_PREFIX/bin/x86_64-conda-linux-gnu-strip -DCMAKE_BUILD_TYPE=Release -DCMAKE_FIND_ROOT_PATH_MODE_PROGRAM=NEVER -
#16 134.7  │ │ DCMAKE_FIND_ROOT_PATH_MODE_LIBRARY=ONLY -DCMAKE_FIND_ROOT_PATH_MODE_INCLUDE=ONLY -DCMAKE_FIND_ROOT_PATH=$PREFIX;$BUILD_PREFIX/x86_64-conda-linux-gnu/sysroo
#16 134.7  │ │ t -DCMAKE_INSTALL_PREFIX=$PREFIX -DCMAKE_INSTALL_LIBDIR=lib -DCMAKE_PROGRAM_PATH=$BUILD_PREFIX/bin;$PREFIX/bin
#16 134.7  │ │ +CMAKE_PREFIX_PATH=$PREFIX:$BUILD_PREFIX/x86_64-conda-linux-gnu/sysroot/usr
#16 134.7  │ │ +CONDA_BUILD_CROSS_COMPILATION=
#16 134.7  │ │ +CONDA_BUILD_SYSROOT=$BUILD_PREFIX/x86_64-conda-linux-gnu/sysroot
#16 134.7  │ │ +CONDA_TOOLCHAIN_BUILD=x86_64-conda-linux-gnu
#16 134.7  │ │ +CONDA_TOOLCHAIN_HOST=x86_64-conda-linux-gnu
#16 134.7  │ │ +CPP=x86_64-conda-linux-gnu-cpp
#16 134.7  │ │ +CPPFLAGS=-DNDEBUG -D_FORTIFY_SOURCE=2 -O2 -isystem $PREFIX/include
#16 134.7  │ │ +CPP_FOR_BUILD=x86_64-conda-linux-gnu-cpp
#16 134.7  │ │ +DEBUG_CFLAGS=-march=nocona -mtune=haswell -ftree-vectorize -fPIC -fstack-protector-all -fno-plt -Og -g -Wall -Wextra -fvar-tracking-assignments -ffunction
#16 134.7  │ │ -sections -pipe -isystem $PREFIX/include -fdebug-prefix-map=$SRC_DIR=/usr/local/src/conda/ros-kilted-aic-control-interfaces-0.0.1 -fdebug-prefix-map=$PREFI
#16 134.7  │ │ X=/usr/local/src/conda-prefix
#16 134.7  │ │ +DEBUG_CPPFLAGS=-D_DEBUG -D_FORTIFY_SOURCE=2 -Og -isystem $PREFIX/include
#16 134.7  │ │ +GCC=x86_64-conda-linux-gnu-gcc
#16 134.7  │ │ +GCC_AR=x86_64-conda-linux-gnu-gcc-ar
#16 134.7  │ │ +GCC_NM=x86_64-conda-linux-gnu-gcc-nm
#16 134.7  │ │ +GCC_RANLIB=x86_64-conda-linux-gnu-gcc-ranlib
#16 134.7  │ │ +HOST=x86_64-conda-linux-gnu
#16 134.7  │ │ +LDFLAGS=-Wl,-O2 -Wl,--sort-common -Wl,--as-needed -Wl,-z,relro -Wl,-z,now -Wl,--disable-new-dtags -Wl,--gc-sections -Wl,--allow-shlib-undefined -Wl,-rpath
#16 134.7  │ │ ,$PREFIX/lib -Wl,-rpath-link,$PREFIX/lib -L$PREFIX/lib
#16 134.7  │ │ +LDFLAGS_LD=-O2 --sort-common --as-needed -z relro -z now --disable-new-dtags --gc-sections --allow-shlib-undefined -rpath $PREFIX/lib -rpath-link $PREFIX/
#16 134.7  │ │ lib -L$PREFIX/lib
#16 134.7  │ │ +MESON_ARGS=-Dbuildtype=release --prefix=$PREFIX -Dlibdir=lib
#16 134.7  │ │ +build_alias=x86_64-conda-linux-gnu
#16 134.7  │ │ +host_alias=x86_64-conda-linux-gnu
#16 134.7  │ │ -BUILD=x86_64-conda_cos6-linux-gnu
#16 134.7  │ │ -CONDA_BUILD_CROSS_COMPILATION=0
#16 134.7  │ │ INFO: activate-gxx_linux-64.sh made the following environmental changes:
#16 134.7  │ │ +CXX=x86_64-conda-linux-gnu-c++
#16 134.7  │ │ +CXXFLAGS=-fvisibility-inlines-hidden -fmessage-length=0 -march=nocona -mtune=haswell -ftree-vectorize -fPIC -fstack-protector-strong -fno-plt -O2 -ffuncti
#16 134.8  │ │ on-sections -pipe -isystem $PREFIX/include -fdebug-prefix-map=$SRC_DIR=/usr/local/src/conda/ros-kilted-aic-control-interfaces-0.0.1 -fdebug-prefix-map=$PRE
#16 134.8  │ │ FIX=/usr/local/src/conda-prefix
#16 134.8  │ │ +CXX_FOR_BUILD=x86_64-conda-linux-gnu-c++
#16 134.8  │ │ +DEBUG_CXXFLAGS=-fvisibility-inlines-hidden -fmessage-length=0 -march=nocona -mtune=haswell -ftree-vectorize -fPIC -fstack-protector-all -fno-plt -Og -g -W
#16 134.8  │ │ all -Wextra -fvar-tracking-assignments -ffunction-sections -pipe -isystem $PREFIX/include -fdebug-prefix-map=$SRC_DIR=/usr/local/src/conda/ros-kilted-aic-c
#16 134.8  │ │ ontrol-interfaces-0.0.1 -fdebug-prefix-map=$PREFIX=/usr/local/src/conda-prefix
#16 134.8  │ │ +GXX=x86_64-conda-linux-gnu-g++
#16 135.0  │ │ $SRC_DIR/build $SRC_DIR
#16 135.0  │ │ USING PYTHON_EXECUTABLE=$PREFIX/bin/python
#16 135.0  │ │ USING PKG_CONFIG_EXECUTABLE=$PREFIX/bin/pkg-config
#16 135.0  │ │ Using Python 3
#16 135.0  │ │ Using PREFIX: $PREFIX
#16 135.0  │ │ Using SP_DIR: $PREFIX/lib/python3.12/site-packages
#16 135.0  │ │ Using CONDA_BUILD: 1
#16 135.0  │ │ Using CPU_COUNT: 8
#16 135.0  │ │ Using PY_VER: 3
#16 135.0  │ │ Using PYTHON: $PREFIX/bin/python
#16 135.1  │ │ Using STDLIB_DIR: $PREFIX/lib/python3.12
#16 135.1  │ │ Using ROS_PYTHON_VERSION: 3
#16 135.1  │ │ Using SRC_DIR: $SRC_DIR
#16 135.1  │ │ Using PYTHON_INSTALL_DIR: lib/python3.12/site-packages
#16 135.3  │ │ Ignoring COMPILE_WARNING_AS_ERROR target property and CMAKE_COMPILE_WARNING_AS_ERROR variable.
#16 135.3  │ │ [0mCMake Deprecation Warning at CMakeLists.txt:1 (cmake_minimum_required):
#16 135.3  │ │   Compatibility with CMake < 3.10 will be removed from a future version of
#16 135.3  │ │   CMake.
#16 135.3  │ │   Update the VERSION argument <min> value.  Or, use the <min>...<max> syntax
#16 135.3  │ │   to tell CMake that the project requires at least <min> but has been updated
#16 135.3  │ │   to work with policies introduced by <max> or earlier.
#16 135.3  │ │ [0m
#16 136.0  │ │ -- The C compiler identification is GNU 15.2.0
#16 136.7  │ │ -- The CXX compiler identification is GNU 15.2.0
#16 136.8  │ │ -- Detecting C compiler ABI info
#16 137.2  │ │ -- Detecting C compiler ABI info - done
#16 137.3  │ │ -- Check for working C compiler: $BUILD_PREFIX/bin/x86_64-conda-linux-gnu-cc - skipped
#16 137.3  │ │ -- Detecting C compile features
#16 137.3  │ │ -- Detecting C compile features - done
#16 137.4  │ │ -- Detecting CXX compiler ABI info
#16 137.9  │ │ -- Detecting CXX compiler ABI info - done
#16 138.0  │ │ -- Check for working CXX compiler: $BUILD_PREFIX/bin/x86_64-conda-linux-gnu-c++ - skipped
#16 138.0  │ │ -- Detecting CXX compile features
#16 138.0  │ │ -- Detecting CXX compile features - done
#16 138.1  │ │ -- Found ament_cmake: 2.7.5 ($PREFIX/share/ament_cmake/cmake)
#16 138.5  │ │ -- Found Python3: $PREFIX/bin/python (found version "3.12.13") found components: Interpreter
#16 139.4  │ │ -- Found builtin_interfaces: 2.3.1 ($PREFIX/share/builtin_interfaces/cmake)
#16 139.5  │ │ -- Found rosidl_generator_c: 4.9.6 ($PREFIX/share/rosidl_generator_c/cmake)
#16 139.6  │ │ -- Found rosidl_generator_cpp: 4.9.6 ($PREFIX/share/rosidl_generator_cpp/cmake)
#16 139.6  │ │ -- Using all available rosidl_typesupport_c: rosidl_typesupport_fastrtps_c;rosidl_typesupport_introspection_c
#16 139.7  │ │ -- Using all available rosidl_typesupport_cpp: rosidl_typesupport_fastrtps_cpp;rosidl_typesupport_introspection_cpp
#16 139.8  │ │ -- Found geometry_msgs: 5.5.2 ($PREFIX/share/geometry_msgs/cmake)
#16 139.9  │ │ -- Found rosidl_default_generators: 1.7.2 ($PREFIX/share/rosidl_default_generators/cmake)
#16 140.2  │ │ -- Found rosidl_adapter: 4.9.6 ($PREFIX/share/rosidl_adapter/cmake)
#16 140.2  │ │ -- Found trajectory_msgs: 5.5.2 ($PREFIX/share/trajectory_msgs/cmake)
#16 143.3  │ │ -- Found ament_cmake_ros_core: 0.14.7 ($PREFIX/share/ament_cmake_ros_core/cmake)
#16 145.8  │ │ -- Using all available rosidl_typesupport_c: rosidl_typesupport_fastrtps_c;rosidl_typesupport_introspection_c
#16 146.6  │ │ -- Using all available rosidl_typesupport_cpp: rosidl_typesupport_fastrtps_cpp;rosidl_typesupport_introspection_cpp
#16 147.9  │ │ -- Found Python3: $PREFIX/bin/python (found version "3.12.13") found components: Interpreter Development NumPy Development.Module Development.Embed
#16 148.2  │ │ -- Found Python3: $PREFIX/bin/python (found version "3.12.13") found components: Interpreter
#16 148.2  │ │ -- Configuring done (13.0s)
#16 148.4  │ │ -- Generating done (0.2s)
#16 148.4  │ │ [33mCMake Warning:
#16 148.4  │ │ -- Build files have been written to: $SRC_DIR/build
#16 148.4  │ │   Manually-specified variables were not used by the project:
#16 148.4  │ │     AMENT_PREFIX_PATH
#16 148.4  │ │     CATKIN_SKIP_TESTING
#16 148.4  │ │     CMAKE_INSTALL_LIBDIR
#16 148.4  │ │     CMAKE_INSTALL_SYSTEM_RUNTIME_LIBS_SKIP
#16 148.4  │ │     PKG_CONFIG_EXECUTABLE
#16 148.4  │ │     Python_EXECUTABLE
#16 148.4  │ │     SETUPTOOLS_DEB_LAYOUT
#16 148.4  │ │ [0m
#16 148.5  │ │ [1/88] cd $SRC_DIR/build && $BUILD_PREFIX/bin/cmake -E copy_directory $SRC_DIR/build/rosidl_generator_py/aic_control_interfaces $SRC_DIR/build/ament_cmake_
#16 148.5  │ │ python/aic_control_interfaces/aic_control_interfaces
#16 149.5  │ │ [2/88] Generating type hashes for ROS interfaces
#16 149.6  │ │ [3/88] cd $SRC_DIR/build/ament_cmake_python/aic_control_interfaces && $PREFIX/bin/python setup.py egg_info
#16 149.6  │ │ running egg_info
#16 149.6  │ │ creating aic_control_interfaces.egg-info
#16 149.6  │ │ writing aic_control_interfaces.egg-info/PKG-INFO
#16 149.6  │ │ writing dependency_links to aic_control_interfaces.egg-info/dependency_links.txt
#16 149.6  │ │ writing top-level names to aic_control_interfaces.egg-info/top_level.txt
#16 149.6  │ │ writing manifest file 'aic_control_interfaces.egg-info/SOURCES.txt'
#16 149.6  │ │ reading manifest file 'aic_control_interfaces.egg-info/SOURCES.txt'
#16 149.6  │ │ writing manifest file 'aic_control_interfaces.egg-info/SOURCES.txt'
#16 149.6  │ │ [4/88] Generating Rust code for ROS interfaces
#16 150.7  │ │ [5/88] Generating C++ code for ROS interfaces
#16 151.1  │ │ [6/88] Generating C code for ROS interfaces
#16 151.4  │ │ [7/88] Building C object CMakeFiles/aic_control_interfaces__rosidl_generator_c.dir/rosidl_generator_c/aic_control_interfaces/msg/detail/joint_motion_update
#16 151.4  │ │ __type_support.c.o
#16 151.4  │ │ [8/88] Building C object CMakeFiles/aic_control_interfaces__rosidl_generator_c.dir/rosidl_generator_c/aic_control_interfaces/msg/detail/controller_state__t
#16 151.4  │ │ ype_support.c.o
#16 151.4  │ │ [9/88] Building C object CMakeFiles/aic_control_interfaces__rosidl_generator_c.dir/rosidl_generator_c/aic_control_interfaces/msg/detail/controller_state__d
#16 151.4  │ │ escription.c.o
#16 151.6  │ │ [10/88] Building C object CMakeFiles/aic_control_interfaces__rosidl_generator_c.dir/rosidl_generator_c/aic_control_interfaces/msg/detail/motion_update__typ
#16 151.6  │ │ e_support.c.o
#16 151.7  │ │ [11/88] Building C object CMakeFiles/aic_control_interfaces__rosidl_generator_c.dir/rosidl_generator_c/aic_control_interfaces/msg/detail/target_mode__descr
#16 151.7  │ │ iption.c.o
#16 151.7  │ │ [12/88] Building C object CMakeFiles/aic_control_interfaces__rosidl_generator_c.dir/rosidl_generator_c/aic_control_interfaces/msg/detail/motion_update__des
#16 151.7  │ │ cription.c.o
#16 151.8  │ │ [13/88] Building C object CMakeFiles/aic_control_interfaces__rosidl_generator_c.dir/rosidl_generator_c/aic_control_interfaces/msg/detail/joint_motion_updat
#16 151.8  │ │ e__functions.c.o
#16 151.8  │ │ [14/88] Building C object CMakeFiles/aic_control_interfaces__rosidl_generator_c.dir/rosidl_generator_c/aic_control_interfaces/msg/detail/joint_motion_updat
#16 151.8  │ │ e__description.c.o
#16 151.8  │ │ [15/88] Building C object CMakeFiles/aic_control_interfaces__rosidl_generator_c.dir/rosidl_generator_c/aic_control_interfaces/msg/detail/target_mode__type_
#16 151.8  │ │ support.c.o
#16 151.8  │ │ [16/88] Building C object CMakeFiles/aic_control_interfaces__rosidl_generator_c.dir/rosidl_generator_c/aic_control_interfaces/msg/detail/motion_update__fun
#16 151.8  │ │ ctions.c.o
#16 151.9  │ │ [17/88] Building C object CMakeFiles/aic_control_interfaces__rosidl_generator_c.dir/rosidl_generator_c/aic_control_interfaces/msg/detail/trajectory_generat
#16 151.9  │ │ ion_mode__description.c.o
#16 151.9  │ │ [18/88] Building C object CMakeFiles/aic_control_interfaces__rosidl_generator_c.dir/rosidl_generator_c/aic_control_interfaces/msg/detail/controller_state__
#16 151.9  │ │ functions.c.o
#16 151.9  │ │ [19/88] Building C object CMakeFiles/aic_control_interfaces__rosidl_generator_c.dir/rosidl_generator_c/aic_control_interfaces/msg/detail/target_mode__funct
#16 151.9  │ │ ions.c.o
#16 152.0  │ │ [20/88] Building C object CMakeFiles/aic_control_interfaces__rosidl_generator_c.dir/rosidl_generator_c/aic_control_interfaces/srv/detail/change_target_mode
#16 152.0  │ │ __type_support.c.o
#16 152.0  │ │ [21/88] Building C object CMakeFiles/aic_control_interfaces__rosidl_generator_c.dir/rosidl_generator_c/aic_control_interfaces/srv/detail/change_target_mode
#16 152.0  │ │ __description.c.o
#16 152.0  │ │ [22/88] Building C object CMakeFiles/aic_control_interfaces__rosidl_generator_c.dir/rosidl_generator_c/aic_control_interfaces/msg/detail/trajectory_generat
#16 152.0  │ │ ion_mode__type_support.c.o
#16 152.1  │ │ [23/88] Building C object CMakeFiles/aic_control_interfaces__rosidl_generator_c.dir/rosidl_generator_c/aic_control_interfaces/msg/detail/trajectory_generat
#16 152.1  │ │ ion_mode__functions.c.o
#16 152.4  │ │ [24/88] Building C object CMakeFiles/aic_control_interfaces__rosidl_generator_c.dir/rosidl_generator_c/aic_control_interfaces/srv/detail/change_target_mode
#16 152.4  │ │ __functions.c.o
#16 152.5  │ │ [25/88] Linking C shared library libaic_control_interfaces__rosidl_generator_c.so
#16 154.3  │ │ [26/88] Generating C++ introspection for ROS interfaces
#16 154.5  │ │ [27/88] Generating C++ type support for eProsima Fast-RTPS
#16 154.5  │ │ [28/88] Generating C introspection for ROS interfaces
#16 154.7  │ │ [29/88] Generating C type support dispatch for ROS interfaces
#16 154.8  │ │ [30/88] Generating C++ type support dispatch for ROS interfaces
#16 155.4  │ │ [31/88] Generating C type support for eProsima Fast-RTPS
#16 156.8  │ │ [32/88] Building CXX object CMakeFiles/aic_control_interfaces__rosidl_typesupport_introspection_cpp.dir/rosidl_typesupport_introspection_cpp/aic_control_in
#16 156.8  │ │ terfaces/msg/detail/motion_update__type_support.cpp.o
#16 156.8  │ │ [33/88] Building CXX object CMakeFiles/aic_control_interfaces__rosidl_typesupport_introspection_cpp.dir/rosidl_typesupport_introspection_cpp/aic_control_in
#16 156.8  │ │ terfaces/msg/detail/controller_state__type_support.cpp.o
#16 157.1  │ │ [34/88] Building CXX object CMakeFiles/aic_control_interfaces__rosidl_typesupport_introspection_cpp.dir/rosidl_typesupport_introspection_cpp/aic_control_in
#16 157.1  │ │ terfaces/msg/detail/target_mode__type_support.cpp.o
#16 157.4  │ │ [35/88] Building CXX object CMakeFiles/aic_control_interfaces__rosidl_typesupport_introspection_cpp.dir/rosidl_typesupport_introspection_cpp/aic_control_in
#16 157.4  │ │ terfaces/msg/detail/trajectory_generation_mode__type_support.cpp.o
#16 157.7  │ │ [36/88] Building CXX object CMakeFiles/aic_control_interfaces__rosidl_typesupport_introspection_cpp.dir/rosidl_typesupport_introspection_cpp/aic_control_in
#16 157.7  │ │ terfaces/msg/detail/joint_motion_update__type_support.cpp.o
#16 158.4  │ │ [37/88] Building CXX object CMakeFiles/aic_control_interfaces__rosidl_typesupport_fastrtps_c.dir/rosidl_typesupport_fastrtps_c/aic_control_interfaces/msg/d
#16 158.4  │ │ etail/controller_state__type_support_c.cpp.o
#16 158.6  │ │ [38/88] Building CXX object CMakeFiles/aic_control_interfaces__rosidl_typesupport_fastrtps_cpp.dir/rosidl_typesupport_fastrtps_cpp/aic_control_interfaces/m
#16 158.6  │ │ sg/detail/dds_fastrtps/controller_state__type_support.cpp.o
#16 158.6  │ │ [39/88] Building CXX object CMakeFiles/aic_control_interfaces__rosidl_typesupport_fastrtps_cpp.dir/rosidl_typesupport_fastrtps_cpp/aic_control_interfaces/m
#16 158.6  │ │ sg/detail/dds_fastrtps/motion_update__type_support.cpp.o
#16 158.7  │ │ [40/88] Building CXX object CMakeFiles/aic_control_interfaces__rosidl_typesupport_fastrtps_cpp.dir/rosidl_typesupport_fastrtps_cpp/aic_control_interfaces/m
#16 158.7  │ │ sg/detail/dds_fastrtps/joint_motion_update__type_support.cpp.o
#16 158.9  │ │ [41/88] Building CXX object CMakeFiles/aic_control_interfaces__rosidl_typesupport_fastrtps_cpp.dir/rosidl_typesupport_fastrtps_cpp/aic_control_interfaces/m
#16 158.9  │ │ sg/detail/dds_fastrtps/target_mode__type_support.cpp.o
#16 159.1  │ │ [42/88] Building C object CMakeFiles/aic_control_interfaces__rosidl_typesupport_introspection_c.dir/rosidl_typesupport_introspection_c/aic_control_interfac
#16 159.1  │ │ es/msg/detail/joint_motion_update__type_support.c.o
#16 159.1  │ │ [43/88] Building C object CMakeFiles/aic_control_interfaces__rosidl_typesupport_introspection_c.dir/rosidl_typesupport_introspection_c/aic_control_interfac
#16 159.1  │ │ es/msg/detail/controller_state__type_support.c.o
#16 159.3  │ │ [44/88] Building C object CMakeFiles/aic_control_interfaces__rosidl_typesupport_introspection_c.dir/rosidl_typesupport_introspection_c/aic_control_interfac
#16 159.3  │ │ es/msg/detail/trajectory_generation_mode__type_support.c.o
#16 159.4  │ │ [45/88] Building C object CMakeFiles/aic_control_interfaces__rosidl_typesupport_introspection_c.dir/rosidl_typesupport_introspection_c/aic_control_interfac
#16 159.4  │ │ es/msg/detail/target_mode__type_support.c.o
#16 159.4  │ │ [46/88] Building C object CMakeFiles/aic_control_interfaces__rosidl_typesupport_introspection_c.dir/rosidl_typesupport_introspection_c/aic_control_interfac
#16 159.4  │ │ es/msg/detail/motion_update__type_support.c.o
#16 159.7  │ │ [47/88] Building CXX object CMakeFiles/aic_control_interfaces__rosidl_typesupport_c.dir/rosidl_typesupport_c/aic_control_interfaces/msg/controller_state__t
#16 159.7  │ │ ype_support.cpp.o
#16 159.8  │ │ [48/88] Building CXX object CMakeFiles/aic_control_interfaces__rosidl_typesupport_c.dir/rosidl_typesupport_c/aic_control_interfaces/msg/joint_motion_update
#16 159.8  │ │ __type_support.cpp.o
#16 159.9  │ │ [49/88] Building C object CMakeFiles/aic_control_interfaces__rosidl_typesupport_introspection_c.dir/rosidl_typesupport_introspection_c/aic_control_interfac
#16 159.9  │ │ es/srv/detail/change_target_mode__type_support.c.o
#16 160.0  │ │ [50/88] Building CXX object CMakeFiles/aic_control_interfaces__rosidl_typesupport_c.dir/rosidl_typesupport_c/aic_control_interfaces/msg/motion_update__type
#16 160.0  │ │ _support.cpp.o
#16 160.1  │ │ [51/88] Building CXX object CMakeFiles/aic_control_interfaces__rosidl_typesupport_c.dir/rosidl_typesupport_c/aic_control_interfaces/msg/target_mode__type_s
#16 160.1  │ │ upport.cpp.o
#16 160.1  │ │ [52/88] Building CXX object CMakeFiles/aic_control_interfaces__rosidl_typesupport_fastrtps_c.dir/rosidl_typesupport_fastrtps_c/aic_control_interfaces/msg/d
#16 160.1  │ │ etail/motion_update__type_support_c.cpp.o
#16 160.2  │ │ [53/88] Building CXX object CMakeFiles/aic_control_interfaces__rosidl_typesupport_fastrtps_c.dir/rosidl_typesupport_fastrtps_c/aic_control_interfaces/msg/d
#16 160.2  │ │ etail/target_mode__type_support_c.cpp.o
#16 160.3  │ │ [54/88] Building CXX object CMakeFiles/aic_control_interfaces__rosidl_typesupport_c.dir/rosidl_typesupport_c/aic_control_interfaces/msg/trajectory_generati
#16 160.3  │ │ on_mode__type_support.cpp.o
#16 160.3  │ │ [55/88] Building CXX object CMakeFiles/aic_control_interfaces__rosidl_typesupport_c.dir/rosidl_typesupport_c/aic_control_interfaces/srv/change_target_mode_
#16 160.4  │ │ _type_support.cpp.o
#16 160.5  │ │ [56/88] Building CXX object CMakeFiles/aic_control_interfaces__rosidl_typesupport_fastrtps_c.dir/rosidl_typesupport_fastrtps_c/aic_control_interfaces/msg/d
#16 160.5  │ │ etail/joint_motion_update__type_support_c.cpp.o
#16 160.7  │ │ [57/88] Building CXX object CMakeFiles/aic_control_interfaces__rosidl_typesupport_fastrtps_cpp.dir/rosidl_typesupport_fastrtps_cpp/aic_control_interfaces/m
#16 160.7  │ │ sg/detail/dds_fastrtps/trajectory_generation_mode__type_support.cpp.o
#16 161.0  │ │ [58/88] Building CXX object CMakeFiles/aic_control_interfaces__rosidl_typesupport_fastrtps_c.dir/rosidl_typesupport_fastrtps_c/aic_control_interfaces/msg/d
#16 161.0  │ │ etail/trajectory_generation_mode__type_support_c.cpp.o
#16 161.1  │ │ [59/88] Linking C shared library libaic_control_interfaces__rosidl_typesupport_introspection_c.so
#16 161.2  │ │ [60/88] Building CXX object CMakeFiles/aic_control_interfaces__rosidl_typesupport_fastrtps_c.dir/rosidl_typesupport_fastrtps_c/aic_control_interfaces/srv/d
#16 161.2  │ │ etail/change_target_mode__type_support_c.cpp.o
#16 161.3  │ │ [61/88] Linking CXX shared library libaic_control_interfaces__rosidl_typesupport_c.so
#16 161.5  │ │ [62/88] Linking CXX shared library libaic_control_interfaces__rosidl_typesupport_fastrtps_c.so
#16 161.8  │ │ [63/88] Building CXX object CMakeFiles/aic_control_interfaces__rosidl_typesupport_cpp.dir/rosidl_typesupport_cpp/aic_control_interfaces/msg/joint_motion_up
#16 161.8  │ │ date__type_support.cpp.o
#16 161.9  │ │ [64/88] Building CXX object CMakeFiles/aic_control_interfaces__rosidl_typesupport_cpp.dir/rosidl_typesupport_cpp/aic_control_interfaces/msg/controller_stat
#16 161.9  │ │ e__type_support.cpp.o
#16 161.9  │ │ [65/88] Building CXX object CMakeFiles/aic_control_interfaces__rosidl_typesupport_cpp.dir/rosidl_typesupport_cpp/aic_control_interfaces/msg/motion_update__
#16 161.9  │ │ type_support.cpp.o
#16 163.4  │ │ [66/88] Building CXX object CMakeFiles/aic_control_interfaces__rosidl_typesupport_cpp.dir/rosidl_typesupport_cpp/aic_control_interfaces/msg/target_mode__ty
#16 163.4  │ │ pe_support.cpp.o
#16 163.5  │ │ [67/88] Building CXX object CMakeFiles/aic_control_interfaces__rosidl_typesupport_cpp.dir/rosidl_typesupport_cpp/aic_control_interfaces/srv/change_target_m
#16 163.5  │ │ ode__type_support.cpp.o
#16 163.5  │ │ [68/88] Building CXX object CMakeFiles/aic_control_interfaces__rosidl_typesupport_cpp.dir/rosidl_typesupport_cpp/aic_control_interfaces/msg/trajectory_gene
#16 163.5  │ │ ration_mode__type_support.cpp.o
#16 163.5  │ │ [69/88] Building CXX object CMakeFiles/aic_control_interfaces__rosidl_typesupport_introspection_cpp.dir/rosidl_typesupport_introspection_cpp/aic_control_in
#16 163.5  │ │ terfaces/srv/detail/change_target_mode__type_support.cpp.o
#16 163.5  │ │ [70/88] Building CXX object CMakeFiles/aic_control_interfaces__rosidl_typesupport_fastrtps_cpp.dir/rosidl_typesupport_fastrtps_cpp/aic_control_interfaces/s
#16 163.5  │ │ rv/detail/dds_fastrtps/change_target_mode__type_support.cpp.o
#16 163.6  │ │ [71/88] Linking CXX shared library libaic_control_interfaces__rosidl_typesupport_cpp.so
#16 163.7  │ │ [72/88] Linking CXX shared library libaic_control_interfaces__rosidl_typesupport_introspection_cpp.so
#16 163.7  │ │ [73/88] Linking CXX shared library libaic_control_interfaces__rosidl_typesupport_fastrtps_cpp.so
#16 165.9  │ │ [74/88] Generating Python code for ROS interfaces
#16 166.8  │ │ [75/88] Building C object CMakeFiles/aic_control_interfaces__rosidl_generator_py.dir/rosidl_generator_py/aic_control_interfaces/msg/_target_mode_s.c.o
#16 166.8  │ │ [76/88] Building C object CMakeFiles/aic_control_interfaces__rosidl_generator_py.dir/rosidl_generator_py/aic_control_interfaces/msg/_trajectory_generation_
#16 166.8  │ │ mode_s.c.o
#16 167.0  │ │ [77/88] Building C object CMakeFiles/aic_control_interfaces__rosidl_generator_py.dir/rosidl_generator_py/aic_control_interfaces/msg/_motion_update_s.c.o
#16 167.0  │ │ [78/88] Building C object CMakeFiles/aic_control_interfaces__rosidl_generator_py.dir/rosidl_generator_py/aic_control_interfaces/msg/_controller_state_s.c.o
#16 167.1  │ │ [79/88] Building C object CMakeFiles/aic_control_interfaces__rosidl_generator_py.dir/rosidl_generator_py/aic_control_interfaces/srv/_change_target_mode_s.c
#16 167.1  │ │ .o
#16 167.1  │ │ [80/88] Building C object CMakeFiles/aic_control_interfaces_s__rosidl_typesupport_c.dir/rosidl_generator_py/aic_control_interfaces/_aic_control_interfaces_
#16 167.1  │ │ s.ep.rosidl_typesupport_c.c.o
#16 167.1  │ │ [81/88] Building C object CMakeFiles/aic_control_interfaces_s__rosidl_typesupport_introspection_c.dir/rosidl_generator_py/aic_control_interfaces/_aic_contr
#16 167.1  │ │ ol_interfaces_s.ep.rosidl_typesupport_introspection_c.c.o
#16 167.2  │ │ [82/88] Building C object CMakeFiles/aic_control_interfaces_s__rosidl_typesupport_fastrtps_c.dir/rosidl_generator_py/aic_control_interfaces/_aic_control_in
#16 167.2  │ │ terfaces_s.ep.rosidl_typesupport_fastrtps_c.c.o
#16 167.3  │ │ [83/88] Building C object CMakeFiles/aic_control_interfaces__rosidl_generator_py.dir/rosidl_generator_py/aic_control_interfaces/msg/_joint_motion_update_s.
#16 167.3  │ │ c.o
#16 167.4  │ │ [84/88] Linking C shared library libaic_control_interfaces__rosidl_generator_py.so
#16 167.4  │ │ [85/88] Linking C shared module rosidl_generator_py/aic_control_interfaces/aic_control_interfaces_s__rosidl_typesupport_introspection_c.so
#16 167.4  │ │ [86/88] Linking C shared module rosidl_generator_py/aic_control_interfaces/aic_control_interfaces_s__rosidl_typesupport_fastrtps_c.so
#16 167.4  │ │ [87/88] Linking C shared module rosidl_generator_py/aic_control_interfaces/aic_control_interfaces_s__rosidl_typesupport_c.so
#16 167.4  │ │ [87/88] Install the project...
#16 167.4  │ │ -- Install configuration: "Release"
#16 167.4  │ │ -- Installing: $PREFIX/share/ament_index/resource_index/rosidl_interfaces/aic_control_interfaces
#16 167.4  │ │ -- Installing: $PREFIX/share/aic_control_interfaces/msg/ControllerState.json
#16 167.4  │ │ -- Installing: $PREFIX/share/aic_control_interfaces/msg/JointMotionUpdate.json
#16 167.4  │ │ -- Installing: $PREFIX/share/aic_control_interfaces/msg/MotionUpdate.json
#16 167.4  │ │ -- Installing: $PREFIX/share/aic_control_interfaces/msg/TargetMode.json
#16 167.4  │ │ -- Installing: $PREFIX/share/aic_control_interfaces/msg/TrajectoryGenerationMode.json
#16 167.5  │ │ -- Installing: $PREFIX/share/aic_control_interfaces/srv/ChangeTargetMode.json
#16 167.5  │ │ -- Installing: $PREFIX/include/aic_control_interfaces/aic_control_interfaces
#16 167.5  │ │ -- Installing: $PREFIX/include/aic_control_interfaces/aic_control_interfaces/srv
#16 167.5  │ │ -- Installing: $PREFIX/include/aic_control_interfaces/aic_control_interfaces/srv/detail
#16 167.5  │ │ -- Installing: $PREFIX/include/aic_control_interfaces/aic_control_interfaces/srv/detail/change_target_mode__type_support.c
#16 167.5  │ │ -- Installing: $PREFIX/include/aic_control_interfaces/aic_control_interfaces/srv/detail/change_target_mode__struct.h
#16 167.5  │ │ -- Installing: $PREFIX/include/aic_control_interfaces/aic_control_interfaces/srv/detail/change_target_mode__description.c
#16 167.5  │ │ -- Installing: $PREFIX/include/aic_control_interfaces/aic_control_interfaces/srv/detail/change_target_mode__type_support.h
#16 167.5  │ │ -- Installing: $PREFIX/include/aic_control_interfaces/aic_control_interfaces/srv/detail/change_target_mode__functions.h
#16 167.5  │ │ -- Installing: $PREFIX/include/aic_control_interfaces/aic_control_interfaces/srv/detail/change_target_mode__functions.c
#16 167.5  │ │ -- Installing: $PREFIX/include/aic_control_interfaces/aic_control_interfaces/srv/change_target_mode.h
#16 167.5  │ │ -- Installing: $PREFIX/include/aic_control_interfaces/aic_control_interfaces/msg
#16 167.5  │ │ -- Installing: $PREFIX/include/aic_control_interfaces/aic_control_interfaces/msg/motion_update.h
#16 167.5  │ │ -- Installing: $PREFIX/include/aic_control_interfaces/aic_control_interfaces/msg/trajectory_generation_mode.h
#16 167.5  │ │ -- Installing: $PREFIX/include/aic_control_interfaces/aic_control_interfaces/msg/controller_state.h
#16 167.5  │ │ -- Installing: $PREFIX/include/aic_control_interfaces/aic_control_interfaces/msg/joint_motion_update.h
#16 167.5  │ │ -- Installing: $PREFIX/include/aic_control_interfaces/aic_control_interfaces/msg/detail
#16 167.5  │ │ -- Installing: $PREFIX/include/aic_control_interfaces/aic_control_interfaces/msg/detail/controller_state__struct.h
#16 167.5  │ │ -- Installing: $PREFIX/include/aic_control_interfaces/aic_control_interfaces/msg/detail/trajectory_generation_mode__functions.c
#16 167.5  │ │ -- Installing: $PREFIX/include/aic_control_interfaces/aic_control_interfaces/msg/detail/trajectory_generation_mode__struct.h
#16 167.5  │ │ -- Installing: $PREFIX/include/aic_control_interfaces/aic_control_interfaces/msg/detail/motion_update__type_support.h
#16 167.5  │ │ -- Installing: $PREFIX/include/aic_control_interfaces/aic_control_interfaces/msg/detail/trajectory_generation_mode__description.c
#16 167.5  │ │ -- Installing: $PREFIX/include/aic_control_interfaces/aic_control_interfaces/msg/detail/trajectory_generation_mode__functions.h
#16 167.5  │ │ -- Installing: $PREFIX/include/aic_control_interfaces/aic_control_interfaces/msg/detail/joint_motion_update__type_support.h
#16 167.5  │ │ -- Installing: $PREFIX/include/aic_control_interfaces/aic_control_interfaces/msg/detail/target_mode__type_support.c
#16 167.5  │ │ -- Installing: $PREFIX/include/aic_control_interfaces/aic_control_interfaces/msg/detail/controller_state__type_support.h
#16 167.5  │ │ -- Installing: $PREFIX/include/aic_control_interfaces/aic_control_interfaces/msg/detail/controller_state__functions.c
#16 167.5  │ │ -- Installing: $PREFIX/include/aic_control_interfaces/aic_control_interfaces/msg/detail/trajectory_generation_mode__type_support.h
#16 167.5  │ │ -- Installing: $PREFIX/include/aic_control_interfaces/aic_control_interfaces/msg/detail/joint_motion_update__functions.h
#16 167.5  │ │ -- Installing: $PREFIX/include/aic_control_interfaces/aic_control_interfaces/msg/detail/joint_motion_update__type_support.c
#16 167.5  │ │ -- Installing: $PREFIX/include/aic_control_interfaces/aic_control_interfaces/msg/detail/motion_update__functions.h
#16 167.5  │ │ -- Installing: $PREFIX/include/aic_control_interfaces/aic_control_interfaces/msg/detail/target_mode__struct.h
#16 167.5  │ │ -- Installing: $PREFIX/include/aic_control_interfaces/aic_control_interfaces/msg/detail/joint_motion_update__description.c
#16 167.5  │ │ -- Installing: $PREFIX/include/aic_control_interfaces/aic_control_interfaces/msg/detail/motion_update__struct.h
#16 167.5  │ │ -- Installing: $PREFIX/include/aic_control_interfaces/aic_control_interfaces/msg/detail/controller_state__type_support.c
#16 167.5  │ │ -- Installing: $PREFIX/include/aic_control_interfaces/aic_control_interfaces/msg/detail/joint_motion_update__functions.c
#16 167.5  │ │ -- Installing: $PREFIX/include/aic_control_interfaces/aic_control_interfaces/msg/detail/motion_update__description.c
#16 167.5  │ │ -- Installing: $PREFIX/include/aic_control_interfaces/aic_control_interfaces/msg/detail/joint_motion_update__struct.h
#16 167.5  │ │ -- Installing: $PREFIX/include/aic_control_interfaces/aic_control_interfaces/msg/detail/motion_update__functions.c
#16 167.5  │ │ -- Installing: $PREFIX/include/aic_control_interfaces/aic_control_interfaces/msg/detail/target_mode__functions.c
#16 167.5  │ │ -- Installing: $PREFIX/include/aic_control_interfaces/aic_control_interfaces/msg/detail/target_mode__type_support.h
#16 167.5  │ │ -- Installing: $PREFIX/include/aic_control_interfaces/aic_control_interfaces/msg/detail/controller_state__functions.h
#16 167.5  │ │ -- Installing: $PREFIX/include/aic_control_interfaces/aic_control_interfaces/msg/detail/target_mode__functions.h
#16 167.5  │ │ -- Installing: $PREFIX/include/aic_control_interfaces/aic_control_interfaces/msg/detail/motion_update__type_support.c
#16 167.5  │ │ -- Installing: $PREFIX/include/aic_control_interfaces/aic_control_interfaces/msg/detail/trajectory_generation_mode__type_support.c
#16 167.5  │ │ -- Installing: $PREFIX/include/aic_control_interfaces/aic_control_interfaces/msg/detail/controller_state__description.c
#16 167.5  │ │ -- Installing: $PREFIX/include/aic_control_interfaces/aic_control_interfaces/msg/detail/target_mode__description.c
#16 167.5  │ │ -- Installing: $PREFIX/include/aic_control_interfaces/aic_control_interfaces/msg/target_mode.h
#16 167.5  │ │ -- Installing: $PREFIX/include/aic_control_interfaces/aic_control_interfaces/msg/rosidl_generator_c__visibility_control.h
#16 167.5  │ │ -- Installing: $PREFIX/share/aic_control_interfaces/environment/library_path.sh
#16 167.5  │ │ -- Installing: $PREFIX/share/aic_control_interfaces/environment/library_path.dsv
#16 167.5  │ │ -- Installing: $PREFIX/lib/libaic_control_interfaces__rosidl_generator_c.so
#16 167.5  │ │ -- Up-to-date: $PREFIX/include/aic_control_interfaces/aic_control_interfaces
#16 167.5  │ │ -- Up-to-date: $PREFIX/include/aic_control_interfaces/aic_control_interfaces/srv
#16 167.5  │ │ -- Up-to-date: $PREFIX/include/aic_control_interfaces/aic_control_interfaces/srv/detail
#16 167.5  │ │ -- Installing: $PREFIX/include/aic_control_interfaces/aic_control_interfaces/srv/detail/change_target_mode__rosidl_typesupport_fastrtps_c.h
#16 167.5  │ │ -- Up-to-date: $PREFIX/include/aic_control_interfaces/aic_control_interfaces/msg
#16 167.5  │ │ -- Installing: $PREFIX/include/aic_control_interfaces/aic_control_interfaces/msg/rosidl_typesupport_fastrtps_c__visibility_control.h
#16 167.5  │ │ -- Up-to-date: $PREFIX/include/aic_control_interfaces/aic_control_interfaces/msg/detail
#16 167.6  │ │ -- Installing: $PREFIX/include/aic_control_interfaces/aic_control_interfaces/msg/detail/trajectory_generation_mode__rosidl_typesupport_fastrtps_c.h
#16 167.6  │ │ -- Installing: $PREFIX/include/aic_control_interfaces/aic_control_interfaces/msg/detail/joint_motion_update__rosidl_typesupport_fastrtps_c.h
#16 167.6  │ │ -- Installing: $PREFIX/include/aic_control_interfaces/aic_control_interfaces/msg/detail/motion_update__rosidl_typesupport_fastrtps_c.h
#16 167.6  │ │ -- Installing: $PREFIX/include/aic_control_interfaces/aic_control_interfaces/msg/detail/target_mode__rosidl_typesupport_fastrtps_c.h
#16 167.6  │ │ -- Installing: $PREFIX/include/aic_control_interfaces/aic_control_interfaces/msg/detail/controller_state__rosidl_typesupport_fastrtps_c.h
#16 167.6  │ │ -- Installing: $PREFIX/lib/libaic_control_interfaces__rosidl_typesupport_fastrtps_c.so
#16 167.6  │ │ -- Set non-toolchain portion of runtime path of "$PREFIX/lib/libaic_control_interfaces__rosidl_typesupport_fastrtps_c.so" to ""
#16 167.6  │ │ -- Up-to-date: $PREFIX/include/aic_control_interfaces/aic_control_interfaces
#16 167.6  │ │ -- Up-to-date: $PREFIX/include/aic_control_interfaces/aic_control_interfaces/srv
#16 167.6  │ │ -- Up-to-date: $PREFIX/include/aic_control_interfaces/aic_control_interfaces/srv/detail
#16 167.6  │ │ -- Installing: $PREFIX/include/aic_control_interfaces/aic_control_interfaces/srv/detail/change_target_mode__traits.hpp
#16 167.6  │ │ -- Installing: $PREFIX/include/aic_control_interfaces/aic_control_interfaces/srv/detail/change_target_mode__builder.hpp
#16 167.6  │ │ -- Installing: $PREFIX/include/aic_control_interfaces/aic_control_interfaces/srv/detail/change_target_mode__type_support.hpp
#16 167.6  │ │ -- Installing: $PREFIX/include/aic_control_interfaces/aic_control_interfaces/srv/detail/change_target_mode__struct.hpp
#16 167.6  │ │ -- Installing: $PREFIX/include/aic_control_interfaces/aic_control_interfaces/srv/change_target_mode.hpp
#16 167.6  │ │ -- Up-to-date: $PREFIX/include/aic_control_interfaces/aic_control_interfaces/msg
#16 167.6  │ │ -- Installing: $PREFIX/include/aic_control_interfaces/aic_control_interfaces/msg/controller_state.hpp
#16 167.6  │ │ -- Installing: $PREFIX/include/aic_control_interfaces/aic_control_interfaces/msg/rosidl_generator_cpp__visibility_control.hpp
#16 167.6  │ │ -- Installing: $PREFIX/include/aic_control_interfaces/aic_control_interfaces/msg/joint_motion_update.hpp
#16 167.6  │ │ -- Up-to-date: $PREFIX/include/aic_control_interfaces/aic_control_interfaces/msg/detail
#16 167.6  │ │ -- Installing: $PREFIX/include/aic_control_interfaces/aic_control_interfaces/msg/detail/trajectory_generation_mode__builder.hpp
#16 167.6  │ │ -- Installing: $PREFIX/include/aic_control_interfaces/aic_control_interfaces/msg/detail/target_mode__builder.hpp
#16 167.6  │ │ -- Installing: $PREFIX/include/aic_control_interfaces/aic_control_interfaces/msg/detail/controller_state__traits.hpp
#16 167.6  │ │ -- Installing: $PREFIX/include/aic_control_interfaces/aic_control_interfaces/msg/detail/motion_update__struct.hpp
#16 167.6  │ │ -- Installing: $PREFIX/include/aic_control_interfaces/aic_control_interfaces/msg/detail/target_mode__traits.hpp
#16 167.6  │ │ -- Installing: $PREFIX/include/aic_control_interfaces/aic_control_interfaces/msg/detail/controller_state__type_support.hpp
#16 167.6  │ │ -- Installing: $PREFIX/include/aic_control_interfaces/aic_control_interfaces/msg/detail/motion_update__type_support.hpp
#16 167.6  │ │ -- Installing: $PREFIX/include/aic_control_interfaces/aic_control_interfaces/msg/detail/controller_state__struct.hpp
#16 167.6  │ │ -- Installing: $PREFIX/include/aic_control_interfaces/aic_control_interfaces/msg/detail/controller_state__builder.hpp
#16 167.6  │ │ -- Installing: $PREFIX/include/aic_control_interfaces/aic_control_interfaces/msg/detail/target_mode__struct.hpp
#16 167.6  │ │ -- Installing: $PREFIX/include/aic_control_interfaces/aic_control_interfaces/msg/detail/trajectory_generation_mode__type_support.hpp
#16 167.6  │ │ -- Installing: $PREFIX/include/aic_control_interfaces/aic_control_interfaces/msg/detail/trajectory_generation_mode__struct.hpp
#16 167.6  │ │ -- Installing: $PREFIX/include/aic_control_interfaces/aic_control_interfaces/msg/detail/motion_update__traits.hpp
#16 167.6  │ │ -- Installing: $PREFIX/include/aic_control_interfaces/aic_control_interfaces/msg/detail/motion_update__builder.hpp
#16 167.6  │ │ -- Installing: $PREFIX/include/aic_control_interfaces/aic_control_interfaces/msg/detail/target_mode__type_support.hpp
#16 167.6  │ │ -- Installing: $PREFIX/include/aic_control_interfaces/aic_control_interfaces/msg/detail/trajectory_generation_mode__traits.hpp
#16 167.6  │ │ -- Installing: $PREFIX/include/aic_control_interfaces/aic_control_interfaces/msg/detail/joint_motion_update__struct.hpp
#16 167.6  │ │ -- Installing: $PREFIX/include/aic_control_interfaces/aic_control_interfaces/msg/detail/joint_motion_update__traits.hpp
#16 167.6  │ │ -- Installing: $PREFIX/include/aic_control_interfaces/aic_control_interfaces/msg/detail/joint_motion_update__type_support.hpp
#16 167.6  │ │ -- Installing: $PREFIX/include/aic_control_interfaces/aic_control_interfaces/msg/detail/joint_motion_update__builder.hpp
#16 167.6  │ │ -- Installing: $PREFIX/include/aic_control_interfaces/aic_control_interfaces/msg/target_mode.hpp
#16 167.6  │ │ -- Installing: $PREFIX/include/aic_control_interfaces/aic_control_interfaces/msg/trajectory_generation_mode.hpp
#16 167.6  │ │ -- Installing: $PREFIX/include/aic_control_interfaces/aic_control_interfaces/msg/motion_update.hpp
#16 167.6  │ │ -- Up-to-date: $PREFIX/include/aic_control_interfaces/aic_control_interfaces
#16 167.6  │ │ -- Up-to-date: $PREFIX/include/aic_control_interfaces/aic_control_interfaces/srv
#16 167.6  │ │ -- Up-to-date: $PREFIX/include/aic_control_interfaces/aic_control_interfaces/srv/detail
#16 167.6  │ │ -- Installing: $PREFIX/include/aic_control_interfaces/aic_control_interfaces/srv/detail/change_target_mode__rosidl_typesupport_fastrtps_cpp.hpp
#16 167.6  │ │ -- Installing: $PREFIX/include/aic_control_interfaces/aic_control_interfaces/srv/detail/dds_fastrtps
#16 167.6  │ │ -- Up-to-date: $PREFIX/include/aic_control_interfaces/aic_control_interfaces/msg
#16 167.6  │ │ -- Installing: $PREFIX/include/aic_control_interfaces/aic_control_interfaces/msg/rosidl_typesupport_fastrtps_cpp__visibility_control.h
#16 167.6  │ │ -- Up-to-date: $PREFIX/include/aic_control_interfaces/aic_control_interfaces/msg/detail
#16 167.6  │ │ -- Installing: $PREFIX/include/aic_control_interfaces/aic_control_interfaces/msg/detail/target_mode__rosidl_typesupport_fastrtps_cpp.hpp
#16 167.6  │ │ -- Installing: $PREFIX/include/aic_control_interfaces/aic_control_interfaces/msg/detail/motion_update__rosidl_typesupport_fastrtps_cpp.hpp
#16 167.6  │ │ -- Installing: $PREFIX/include/aic_control_interfaces/aic_control_interfaces/msg/detail/trajectory_generation_mode__rosidl_typesupport_fastrtps_cpp.hpp
#16 167.6  │ │ -- Installing: $PREFIX/include/aic_control_interfaces/aic_control_interfaces/msg/detail/controller_state__rosidl_typesupport_fastrtps_cpp.hpp
#16 167.7  │ │ -- Installing: $PREFIX/include/aic_control_interfaces/aic_control_interfaces/msg/detail/dds_fastrtps
#16 167.7  │ │ -- Installing: $PREFIX/include/aic_control_interfaces/aic_control_interfaces/msg/detail/joint_motion_update__rosidl_typesupport_fastrtps_cpp.hpp
#16 167.7  │ │ -- Installing: $PREFIX/lib/libaic_control_interfaces__rosidl_typesupport_fastrtps_cpp.so
#16 167.7  │ │ -- Set non-toolchain portion of runtime path of "$PREFIX/lib/libaic_control_interfaces__rosidl_typesupport_fastrtps_cpp.so" to ""
#16 167.7  │ │ -- Up-to-date: $PREFIX/include/aic_control_interfaces/aic_control_interfaces
#16 167.7  │ │ -- Up-to-date: $PREFIX/include/aic_control_interfaces/aic_control_interfaces/srv
#16 167.7  │ │ -- Up-to-date: $PREFIX/include/aic_control_interfaces/aic_control_interfaces/srv/detail
#16 167.7  │ │ -- Installing: $PREFIX/include/aic_control_interfaces/aic_control_interfaces/srv/detail/change_target_mode__type_support.c
#16 167.7  │ │ -- Installing: $PREFIX/include/aic_control_interfaces/aic_control_interfaces/srv/detail/change_target_mode__rosidl_typesupport_introspection_c.h
#16 167.7  │ │ -- Up-to-date: $PREFIX/include/aic_control_interfaces/aic_control_interfaces/msg
#16 167.7  │ │ -- Up-to-date: $PREFIX/include/aic_control_interfaces/aic_control_interfaces/msg/detail
#16 167.7  │ │ -- Installing: $PREFIX/include/aic_control_interfaces/aic_control_interfaces/msg/detail/controller_state__rosidl_typesupport_introspection_c.h
#16 167.7  │ │ -- Installing: $PREFIX/include/aic_control_interfaces/aic_control_interfaces/msg/detail/target_mode__type_support.c
#16 167.7  │ │ -- Installing: $PREFIX/include/aic_control_interfaces/aic_control_interfaces/msg/detail/motion_update__rosidl_typesupport_introspection_c.h
#16 167.7  │ │ -- Installing: $PREFIX/include/aic_control_interfaces/aic_control_interfaces/msg/detail/joint_motion_update__type_support.c
#16 167.7  │ │ -- Installing: $PREFIX/include/aic_control_interfaces/aic_control_interfaces/msg/detail/target_mode__rosidl_typesupport_introspection_c.h
#16 167.7  │ │ -- Installing: $PREFIX/include/aic_control_interfaces/aic_control_interfaces/msg/detail/joint_motion_update__rosidl_typesupport_introspection_c.h
#16 167.7  │ │ -- Installing: $PREFIX/include/aic_control_interfaces/aic_control_interfaces/msg/detail/trajectory_generation_mode__rosidl_typesupport_introspection_c.h
#16 167.7  │ │ -- Installing: $PREFIX/include/aic_control_interfaces/aic_control_interfaces/msg/detail/controller_state__type_support.c
#16 167.7  │ │ -- Installing: $PREFIX/include/aic_control_interfaces/aic_control_interfaces/msg/detail/motion_update__type_support.c
#16 167.7  │ │ -- Installing: $PREFIX/include/aic_control_interfaces/aic_control_interfaces/msg/detail/trajectory_generation_mode__type_support.c
#16 167.7  │ │ -- Installing: $PREFIX/include/aic_control_interfaces/aic_control_interfaces/msg/rosidl_typesupport_introspection_c__visibility_control.h
#16 167.7  │ │ -- Installing: $PREFIX/lib/libaic_control_interfaces__rosidl_typesupport_introspection_c.so
#16 167.7  │ │ -- Set non-toolchain portion of runtime path of "$PREFIX/lib/libaic_control_interfaces__rosidl_typesupport_introspection_c.so" to ""
#16 167.7  │ │ -- Installing: $PREFIX/lib/libaic_control_interfaces__rosidl_typesupport_c.so
#16 167.7  │ │ -- Set non-toolchain portion of runtime path of "$PREFIX/lib/libaic_control_interfaces__rosidl_typesupport_c.so" to ""
#16 167.7  │ │ -- Up-to-date: $PREFIX/include/aic_control_interfaces/aic_control_interfaces
#16 167.7  │ │ -- Up-to-date: $PREFIX/include/aic_control_interfaces/aic_control_interfaces/srv
#16 167.7  │ │ -- Up-to-date: $PREFIX/include/aic_control_interfaces/aic_control_interfaces/srv/detail
#16 167.7  │ │ -- Installing: $PREFIX/include/aic_control_interfaces/aic_control_interfaces/srv/detail/change_target_mode__rosidl_typesupport_introspection_cpp.hpp
#16 167.7  │ │ -- Installing: $PREFIX/include/aic_control_interfaces/aic_control_interfaces/srv/detail/change_target_mode__type_support.cpp
#16 167.7  │ │ -- Up-to-date: $PREFIX/include/aic_control_interfaces/aic_control_interfaces/msg
#16 167.7  │ │ -- Up-to-date: $PREFIX/include/aic_control_interfaces/aic_control_interfaces/msg/detail
#16 167.7  │ │ -- Installing: $PREFIX/include/aic_control_interfaces/aic_control_interfaces/msg/detail/motion_update__type_support.cpp
#16 167.7  │ │ -- Installing: $PREFIX/include/aic_control_interfaces/aic_control_interfaces/msg/detail/target_mode__rosidl_typesupport_introspection_cpp.hpp
#16 167.7  │ │ -- Installing: $PREFIX/include/aic_control_interfaces/aic_control_interfaces/msg/detail/motion_update__rosidl_typesupport_introspection_cpp.hpp
#16 167.7  │ │ -- Installing: $PREFIX/include/aic_control_interfaces/aic_control_interfaces/msg/detail/controller_state__type_support.cpp
#16 167.7  │ │ -- Installing: $PREFIX/include/aic_control_interfaces/aic_control_interfaces/msg/detail/joint_motion_update__type_support.cpp
#16 167.7  │ │ -- Installing: $PREFIX/include/aic_control_interfaces/aic_control_interfaces/msg/detail/trajectory_generation_mode__type_support.cpp
#16 167.7  │ │ -- Installing: $PREFIX/include/aic_control_interfaces/aic_control_interfaces/msg/detail/trajectory_generation_mode__rosidl_typesupport_introspection_cpp.hp
#16 167.7  │ │ p
#16 167.7  │ │ -- Installing: $PREFIX/include/aic_control_interfaces/aic_control_interfaces/msg/detail/target_mode__type_support.cpp
#16 167.7  │ │ -- Installing: $PREFIX/include/aic_control_interfaces/aic_control_interfaces/msg/detail/joint_motion_update__rosidl_typesupport_introspection_cpp.hpp
#16 167.7  │ │ -- Installing: $PREFIX/include/aic_control_interfaces/aic_control_interfaces/msg/detail/controller_state__rosidl_typesupport_introspection_cpp.hpp
#16 167.7  │ │ -- Installing: $PREFIX/lib/libaic_control_interfaces__rosidl_typesupport_introspection_cpp.so
#16 167.7  │ │ -- Set non-toolchain portion of runtime path of "$PREFIX/lib/libaic_control_interfaces__rosidl_typesupport_introspection_cpp.so" to ""
#16 167.7  │ │ -- Installing: $PREFIX/lib/libaic_control_interfaces__rosidl_typesupport_cpp.so
#16 167.7  │ │ -- Set non-toolchain portion of runtime path of "$PREFIX/lib/libaic_control_interfaces__rosidl_typesupport_cpp.so" to ""
#16 167.7  │ │ -- Installing: $PREFIX/share/aic_control_interfaces/environment/pythonpath.sh
#16 167.7  │ │ -- Installing: $PREFIX/share/aic_control_interfaces/environment/pythonpath.dsv
#16 167.7  │ │ -- Installing: $PREFIX/lib/python3.12/site-packages/aic_control_interfaces-0.0.1-py3.12.egg-info
#16 167.7  │ │ -- Installing: $PREFIX/lib/python3.12/site-packages/aic_control_interfaces-0.0.1-py3.12.egg-info/SOURCES.txt
#16 167.7  │ │ -- Installing: $PREFIX/lib/python3.12/site-packages/aic_control_interfaces-0.0.1-py3.12.egg-info/dependency_links.txt
#16 167.7  │ │ -- Installing: $PREFIX/lib/python3.12/site-packages/aic_control_interfaces-0.0.1-py3.12.egg-info/PKG-INFO
#16 167.7  │ │ -- Installing: $PREFIX/lib/python3.12/site-packages/aic_control_interfaces-0.0.1-py3.12.egg-info/top_level.txt
#16 167.8  │ │ -- Installing: $PREFIX/lib/python3.12/site-packages/aic_control_interfaces
#16 167.8  │ │ -- Installing: $PREFIX/lib/python3.12/site-packages/aic_control_interfaces/aic_control_interfaces_s__rosidl_typesupport_c.so
#16 167.8  │ │ -- Installing: $PREFIX/lib/python3.12/site-packages/aic_control_interfaces/_aic_control_interfaces_s.ep.rosidl_typesupport_c.c
#16 167.8  │ │ -- Installing: $PREFIX/lib/python3.12/site-packages/aic_control_interfaces/_aic_control_interfaces_s.ep.rosidl_typesupport_fastrtps_c.c
#16 167.8  │ │ -- Installing: $PREFIX/lib/python3.12/site-packages/aic_control_interfaces/__init__.py
#16 167.8  │ │ -- Installing: $PREFIX/lib/python3.12/site-packages/aic_control_interfaces/srv
#16 167.8  │ │ -- Installing: $PREFIX/lib/python3.12/site-packages/aic_control_interfaces/srv/_change_target_mode_s.c
#16 167.8  │ │ -- Installing: $PREFIX/lib/python3.12/site-packages/aic_control_interfaces/srv/_change_target_mode.py
#16 167.8  │ │ -- Installing: $PREFIX/lib/python3.12/site-packages/aic_control_interfaces/srv/__init__.py
#16 167.8  │ │ -- Installing: $PREFIX/lib/python3.12/site-packages/aic_control_interfaces/_aic_control_interfaces_s.ep.rosidl_typesupport_introspection_c.c
#16 167.8  │ │ -- Installing: $PREFIX/lib/python3.12/site-packages/aic_control_interfaces/aic_control_interfaces_s__rosidl_typesupport_fastrtps_c.so
#16 167.8  │ │ -- Installing: $PREFIX/lib/python3.12/site-packages/aic_control_interfaces/msg
#16 167.8  │ │ -- Installing: $PREFIX/lib/python3.12/site-packages/aic_control_interfaces/msg/_target_mode.py
#16 167.8  │ │ -- Installing: $PREFIX/lib/python3.12/site-packages/aic_control_interfaces/msg/_motion_update_s.c
#16 167.8  │ │ -- Installing: $PREFIX/lib/python3.12/site-packages/aic_control_interfaces/msg/_target_mode_s.c
#16 167.8  │ │ -- Installing: $PREFIX/lib/python3.12/site-packages/aic_control_interfaces/msg/_trajectory_generation_mode.py
#16 167.8  │ │ -- Installing: $PREFIX/lib/python3.12/site-packages/aic_control_interfaces/msg/_joint_motion_update.py
#16 167.8  │ │ -- Installing: $PREFIX/lib/python3.12/site-packages/aic_control_interfaces/msg/__init__.py
#16 167.8  │ │ -- Installing: $PREFIX/lib/python3.12/site-packages/aic_control_interfaces/msg/_joint_motion_update_s.c
#16 167.8  │ │ -- Installing: $PREFIX/lib/python3.12/site-packages/aic_control_interfaces/msg/_controller_state.py
#16 167.8  │ │ -- Installing: $PREFIX/lib/python3.12/site-packages/aic_control_interfaces/msg/_controller_state_s.c
#16 167.8  │ │ -- Installing: $PREFIX/lib/python3.12/site-packages/aic_control_interfaces/msg/_motion_update.py
#16 167.8  │ │ -- Installing: $PREFIX/lib/python3.12/site-packages/aic_control_interfaces/msg/_trajectory_generation_mode_s.c
#16 167.8  │ │ -- Installing: $PREFIX/lib/python3.12/site-packages/aic_control_interfaces/aic_control_interfaces_s__rosidl_typesupport_introspection_c.so
#16 167.8  │ │ Listing '$PREFIX/lib/python3.12/site-packages/aic_control_interfaces'...
#16 167.8  │ │ Compiling '$PREFIX/lib/python3.12/site-packages/aic_control_interfaces/__init__.py'...
#16 167.8  │ │ Listing '$PREFIX/lib/python3.12/site-packages/aic_control_interfaces/msg'...
#16 167.8  │ │ Compiling '$PREFIX/lib/python3.12/site-packages/aic_control_interfaces/msg/__init__.py'...
#16 167.8  │ │ Compiling '$PREFIX/lib/python3.12/site-packages/aic_control_interfaces/msg/_controller_state.py'...
#16 167.8  │ │ Compiling '$PREFIX/lib/python3.12/site-packages/aic_control_interfaces/msg/_joint_motion_update.py'...
#16 167.8  │ │ Compiling '$PREFIX/lib/python3.12/site-packages/aic_control_interfaces/msg/_motion_update.py'...
#16 167.8  │ │ Compiling '$PREFIX/lib/python3.12/site-packages/aic_control_interfaces/msg/_target_mode.py'...
#16 167.8  │ │ Compiling '$PREFIX/lib/python3.12/site-packages/aic_control_interfaces/msg/_trajectory_generation_mode.py'...
#16 167.8  │ │ Listing '$PREFIX/lib/python3.12/site-packages/aic_control_interfaces/srv'...
#16 167.8  │ │ Compiling '$PREFIX/lib/python3.12/site-packages/aic_control_interfaces/srv/__init__.py'...
#16 167.8  │ │ Compiling '$PREFIX/lib/python3.12/site-packages/aic_control_interfaces/srv/_change_target_mode.py'...
#16 167.8  │ │ -- Installing: $PREFIX/lib/python3.12/site-packages/aic_control_interfaces/aic_control_interfaces_s__rosidl_typesupport_fastrtps_c.so
#16 167.8  │ │ -- Set non-toolchain portion of runtime path of "$PREFIX/lib/python3.12/site-packages/aic_control_interfaces/aic_control_interfaces_s__rosidl_typesupport_f
#16 167.8  │ │ astrtps_c.so" to ""
#16 167.8  │ │ -- Installing: $PREFIX/lib/python3.12/site-packages/aic_control_interfaces/aic_control_interfaces_s__rosidl_typesupport_introspection_c.so
#16 167.8  │ │ -- Set non-toolchain portion of runtime path of "$PREFIX/lib/python3.12/site-packages/aic_control_interfaces/aic_control_interfaces_s__rosidl_typesupport_i
#16 167.8  │ │ ntrospection_c.so" to ""
#16 167.8  │ │ -- Installing: $PREFIX/lib/python3.12/site-packages/aic_control_interfaces/aic_control_interfaces_s__rosidl_typesupport_c.so
#16 167.8  │ │ -- Set non-toolchain portion of runtime path of "$PREFIX/lib/python3.12/site-packages/aic_control_interfaces/aic_control_interfaces_s__rosidl_typesupport_c
#16 167.8  │ │ .so" to ""
#16 167.8  │ │ -- Installing: $PREFIX/lib/libaic_control_interfaces__rosidl_generator_py.so
#16 167.8  │ │ -- Set non-toolchain portion of runtime path of "$PREFIX/lib/libaic_control_interfaces__rosidl_generator_py.so" to ""
#16 167.8  │ │ -- Installing: $PREFIX/share/ament_index/resource_index/rust_packages/aic_control_interfaces
#16 167.8  │ │ -- Installing: $PREFIX/share/aic_control_interfaces/rust
#16 167.8  │ │ -- Installing: $PREFIX/share/aic_control_interfaces/rust/build.rs
#16 167.8  │ │ -- Installing: $PREFIX/share/aic_control_interfaces/rust/Cargo.toml
#16 167.8  │ │ -- Installing: $PREFIX/share/aic_control_interfaces/rust/src
#16 167.8  │ │ -- Installing: $PREFIX/share/aic_control_interfaces/rust/src/msg.rs
#16 167.8  │ │ -- Installing: $PREFIX/share/aic_control_interfaces/rust/src/lib.rs
#16 167.8  │ │ -- Installing: $PREFIX/share/aic_control_interfaces/rust/src/srv
#16 167.8  │ │ -- Installing: $PREFIX/share/aic_control_interfaces/rust/src/srv/rmw.rs
#16 167.8  │ │ -- Installing: $PREFIX/share/aic_control_interfaces/rust/src/srv.rs
#16 167.8  │ │ -- Installing: $PREFIX/share/aic_control_interfaces/rust/src/msg
#16 167.8  │ │ -- Installing: $PREFIX/share/aic_control_interfaces/rust/src/msg/rmw.rs
#16 167.8  │ │ -- Installing: $PREFIX/share/aic_control_interfaces/msg/ControllerState.idl
#16 167.8  │ │ -- Installing: $PREFIX/share/aic_control_interfaces/msg/JointMotionUpdate.idl
#16 167.8  │ │ -- Installing: $PREFIX/share/aic_control_interfaces/msg/MotionUpdate.idl
#16 167.8  │ │ -- Installing: $PREFIX/share/aic_control_interfaces/msg/TargetMode.idl
#16 167.8  │ │ -- Installing: $PREFIX/share/aic_control_interfaces/msg/TrajectoryGenerationMode.idl
#16 167.8  │ │ -- Installing: $PREFIX/share/aic_control_interfaces/srv/ChangeTargetMode.idl
#16 167.8  │ │ -- Installing: $PREFIX/share/aic_control_interfaces/msg/ControllerState.msg
#16 167.8  │ │ -- Installing: $PREFIX/share/aic_control_interfaces/msg/JointMotionUpdate.msg
#16 167.8  │ │ -- Installing: $PREFIX/share/aic_control_interfaces/msg/MotionUpdate.msg
#16 167.8  │ │ -- Installing: $PREFIX/share/aic_control_interfaces/msg/TargetMode.msg
#16 167.8  │ │ -- Installing: $PREFIX/share/aic_control_interfaces/msg/TrajectoryGenerationMode.msg
#16 167.8  │ │ -- Installing: $PREFIX/share/aic_control_interfaces/srv/ChangeTargetMode.srv
#16 167.8  │ │ -- Installing: $PREFIX/share/ament_index/resource_index/package_run_dependencies/aic_control_interfaces
#16 167.8  │ │ -- Installing: $PREFIX/share/ament_index/resource_index/parent_prefix_path/aic_control_interfaces
#16 167.8  │ │ -- Installing: $PREFIX/share/aic_control_interfaces/environment/ament_prefix_path.sh
#16 167.8  │ │ -- Installing: $PREFIX/share/aic_control_interfaces/environment/ament_prefix_path.dsv
#16 167.8  │ │ -- Installing: $PREFIX/share/aic_control_interfaces/environment/path.sh
#16 167.8  │ │ -- Installing: $PREFIX/share/aic_control_interfaces/environment/path.dsv
#16 167.8  │ │ -- Installing: $PREFIX/share/aic_control_interfaces/local_setup.bash
#16 167.8  │ │ -- Installing: $PREFIX/share/aic_control_interfaces/local_setup.sh
#16 167.8  │ │ -- Installing: $PREFIX/share/aic_control_interfaces/local_setup.zsh
#16 167.8  │ │ -- Installing: $PREFIX/share/aic_control_interfaces/local_setup.dsv
#16 167.8  │ │ -- Installing: $PREFIX/share/aic_control_interfaces/package.dsv
#16 167.9  │ │ -- Installing: $PREFIX/share/ament_index/resource_index/packages/aic_control_interfaces
#16 167.9  │ │ -- Installing: $PREFIX/share/aic_control_interfaces/cmake/export_aic_control_interfaces__rosidl_generator_cExport.cmake
#16 167.9  │ │ -- Installing: $PREFIX/share/aic_control_interfaces/cmake/export_aic_control_interfaces__rosidl_generator_cExport-release.cmake
#16 167.9  │ │ -- Installing: $PREFIX/share/aic_control_interfaces/cmake/export_aic_control_interfaces__rosidl_typesupport_fastrtps_cExport.cmake
#16 167.9  │ │ -- Installing: $PREFIX/share/aic_control_interfaces/cmake/export_aic_control_interfaces__rosidl_typesupport_fastrtps_cExport-release.cmake
#16 167.9  │ │ -- Installing: $PREFIX/share/aic_control_interfaces/cmake/export_aic_control_interfaces__rosidl_generator_cppExport.cmake
#16 167.9  │ │ -- Installing: $PREFIX/share/aic_control_interfaces/cmake/export_aic_control_interfaces__rosidl_typesupport_fastrtps_cppExport.cmake
#16 167.9  │ │ -- Installing: $PREFIX/share/aic_control_interfaces/cmake/export_aic_control_interfaces__rosidl_typesupport_fastrtps_cppExport-release.cmake
#16 167.9  │ │ -- Installing: $PREFIX/share/aic_control_interfaces/cmake/aic_control_interfaces__rosidl_typesupport_introspection_cExport.cmake
#16 167.9  │ │ -- Installing: $PREFIX/share/aic_control_interfaces/cmake/aic_control_interfaces__rosidl_typesupport_introspection_cExport-release.cmake
#16 167.9  │ │ -- Installing: $PREFIX/share/aic_control_interfaces/cmake/aic_control_interfaces__rosidl_typesupport_cExport.cmake
#16 167.9  │ │ -- Installing: $PREFIX/share/aic_control_interfaces/cmake/aic_control_interfaces__rosidl_typesupport_cExport-release.cmake
#16 167.9  │ │ -- Installing: $PREFIX/share/aic_control_interfaces/cmake/aic_control_interfaces__rosidl_typesupport_introspection_cppExport.cmake
#16 167.9  │ │ -- Installing: $PREFIX/share/aic_control_interfaces/cmake/aic_control_interfaces__rosidl_typesupport_introspection_cppExport-release.cmake
#16 167.9  │ │ -- Installing: $PREFIX/share/aic_control_interfaces/cmake/aic_control_interfaces__rosidl_typesupport_cppExport.cmake
#16 167.9  │ │ -- Installing: $PREFIX/share/aic_control_interfaces/cmake/aic_control_interfaces__rosidl_typesupport_cppExport-release.cmake
#16 167.9  │ │ -- Installing: $PREFIX/share/aic_control_interfaces/cmake/export_aic_control_interfaces__rosidl_generator_pyExport.cmake
#16 167.9  │ │ -- Installing: $PREFIX/share/aic_control_interfaces/cmake/export_aic_control_interfaces__rosidl_generator_pyExport-release.cmake
#16 167.9  │ │ -- Installing: $PREFIX/share/aic_control_interfaces/cmake/rosidl_cmake-extras.cmake
#16 167.9  │ │ -- Installing: $PREFIX/share/aic_control_interfaces/cmake/ament_cmake_export_dependencies-extras.cmake
#16 167.9  │ │ -- Installing: $PREFIX/share/aic_control_interfaces/cmake/ament_cmake_export_include_directories-extras.cmake
#16 167.9  │ │ -- Installing: $PREFIX/share/aic_control_interfaces/cmake/ament_cmake_export_libraries-extras.cmake
#16 167.9  │ │ -- Installing: $PREFIX/share/aic_control_interfaces/cmake/ament_cmake_export_targets-extras.cmake
#16 167.9  │ │ -- Installing: $PREFIX/share/aic_control_interfaces/cmake/rosidl_cmake_export_typesupport_targets-extras.cmake
#16 167.9  │ │ -- Installing: $PREFIX/share/aic_control_interfaces/cmake/rosidl_cmake_export_typesupport_libraries-extras.cmake
#16 167.9  │ │ -- Installing: $PREFIX/share/aic_control_interfaces/cmake/aic_control_interfacesConfig.cmake
#16 167.9  │ │ -- Installing: $PREFIX/share/aic_control_interfaces/cmake/aic_control_interfacesConfig-version.cmake
#16 167.9  │ │ -- Installing: $PREFIX/share/aic_control_interfaces/package.xml
#16 167.9  │ │
#16 167.9  │ ╰─────────────────── (took 34 seconds)
#16 168.3  │
#16 168.3  │ ╭─ Packaging new files
#16 168.3  │ │ Copying done!
#16 168.3  │ │ rpath ("/ws_aic/src/aic/.pixi/build/work/ros-kilted-aic-control-interfaces-aEEzqwC12X8-thgBGAeBgEM/bld/lib") is outside of prefix ("/ws_aic/src/aic/.pixi/b
#16 168.3  │ │ uild/work/ros-kilted-aic-control-interfaces-aEEzqwC12X8-thgBGAeBgEM/host_placehold_placehold_placehold_placehold_placehold_placehold_placehold_placehold_pl
#16 168.3  │ │ acehold_placehold_placehold_placehold_placehold_placehold_placehold_placehold") for "/tmp/ros-kilted-aic-control-interfacesbjPSXh/lib/python3.12/site-packa
#16 168.3  │ │ ges/aic_control_interfaces/aic_control_interfaces_s__rosidl_typesupport_fastrtps_c.so" - removing it
#16 168.3  │ │ Relinking "aic_control_interfaces_s__rosidl_typesupport_fastrtps_c.so"
#16 168.3  │ │ rpath ("/ws_aic/src/aic/.pixi/build/work/ros-kilted-aic-control-interfaces-aEEzqwC12X8-thgBGAeBgEM/bld/lib") is outside of prefix ("/ws_aic/src/aic/.pixi/b
#16 168.3  │ │ uild/work/ros-kilted-aic-control-interfaces-aEEzqwC12X8-thgBGAeBgEM/host_placehold_placehold_placehold_placehold_placehold_placehold_placehold_placehold_pl
#16 168.3  │ │ acehold_placehold_placehold_placehold_placehold_placehold_placehold_placehold") for "/tmp/ros-kilted-aic-control-interfacesbjPSXh/lib/libaic_control_interf
#16 168.3  │ │ aces__rosidl_typesupport_fastrtps_cpp.so" - removing it
#16 168.3  │ │ rpath ("/ws_aic/src/aic/.pixi/build/work/ros-kilted-aic-control-interfaces-aEEzqwC12X8-thgBGAeBgEM/bld/lib") is outside of prefix ("/ws_aic/src/aic/.pixi/b
#16 168.3  │ │ uild/work/ros-kilted-aic-control-interfaces-aEEzqwC12X8-thgBGAeBgEM/host_placehold_placehold_placehold_placehold_placehold_placehold_placehold_placehold_pl
#16 168.3  │ │ acehold_placehold_placehold_placehold_placehold_placehold_placehold_placehold") for "/tmp/ros-kilted-aic-control-interfacesbjPSXh/lib/libaic_control_interf
#16 168.3  │ │ aces__rosidl_generator_py.so" - removing it
#16 168.3  │ │ Relinking "libaic_control_interfaces__rosidl_generator_py.so"
#16 168.3  │ │ rpath ("/ws_aic/src/aic/.pixi/build/work/ros-kilted-aic-control-interfaces-aEEzqwC12X8-thgBGAeBgEM/bld/lib") is outside of prefix ("/ws_aic/src/aic/.pixi/b
#16 168.3  │ │ uild/work/ros-kilted-aic-control-interfaces-aEEzqwC12X8-thgBGAeBgEM/host_placehold_placehold_placehold_placehold_placehold_placehold_placehold_placehold_pl
#16 168.3  │ │ acehold_placehold_placehold_placehold_placehold_placehold_placehold_placehold") for "/tmp/ros-kilted-aic-control-interfacesbjPSXh/lib/libaic_control_interf
#16 168.3  │ │ aces__rosidl_typesupport_c.so" - removing it
#16 168.3  │ │ Relinking "libaic_control_interfaces__rosidl_typesupport_c.so"
#16 168.3  │ │ rpath ("/ws_aic/src/aic/.pixi/build/work/ros-kilted-aic-control-interfaces-aEEzqwC12X8-thgBGAeBgEM/bld/lib") is outside of prefix ("/ws_aic/src/aic/.pixi/b
#16 168.3  │ │ uild/work/ros-kilted-aic-control-interfaces-aEEzqwC12X8-thgBGAeBgEM/host_placehold_placehold_placehold_placehold_placehold_placehold_placehold_placehold_pl
#16 168.3  │ │ acehold_placehold_placehold_placehold_placehold_placehold_placehold_placehold") for "/tmp/ros-kilted-aic-control-interfacesbjPSXh/lib/python3.12/site-packa
#16 168.3  │ │ ges/aic_control_interfaces/aic_control_interfaces_s__rosidl_typesupport_introspection_c.so" - removing it
#16 168.3  │ │ rpath ("/ws_aic/src/aic/.pixi/build/work/ros-kilted-aic-control-interfaces-aEEzqwC12X8-thgBGAeBgEM/bld/lib") is outside of prefix ("/ws_aic/src/aic/.pixi/b
#16 168.3  │ │ uild/work/ros-kilted-aic-control-interfaces-aEEzqwC12X8-thgBGAeBgEM/host_placehold_placehold_placehold_placehold_placehold_placehold_placehold_placehold_pl
#16 168.3  │ │ acehold_placehold_placehold_placehold_placehold_placehold_placehold_placehold") for "/tmp/ros-kilted-aic-control-interfacesbjPSXh/lib/libaic_control_interf
#16 168.3  │ │ aces__rosidl_typesupport_introspection_cpp.so" - removing it
#16 168.3  │ │ Relinking "aic_control_interfaces_s__rosidl_typesupport_introspection_c.so"
#16 168.3  │ │ rpath ("/ws_aic/src/aic/.pixi/build/work/ros-kilted-aic-control-interfaces-aEEzqwC12X8-thgBGAeBgEM/bld/lib") is outside of prefix ("/ws_aic/src/aic/.pixi/b
#16 168.3  │ │ uild/work/ros-kilted-aic-control-interfaces-aEEzqwC12X8-thgBGAeBgEM/host_placehold_placehold_placehold_placehold_placehold_placehold_placehold_placehold_pl
#16 168.3  │ │ acehold_placehold_placehold_placehold_placehold_placehold_placehold_placehold") for "/tmp/ros-kilted-aic-control-interfacesbjPSXh/lib/python3.12/site-packa
#16 168.3  │ │ ges/aic_control_interfaces/aic_control_interfaces_s__rosidl_typesupport_c.so" - removing it
#16 168.3  │ │ Relinking "aic_control_interfaces_s__rosidl_typesupport_c.so"
#16 168.3  │ │ Relinking "libaic_control_interfaces__rosidl_typesupport_fastrtps_cpp.so"
#16 168.3  │ │ rpath ("/ws_aic/src/aic/.pixi/build/work/ros-kilted-aic-control-interfaces-aEEzqwC12X8-thgBGAeBgEM/bld/lib") is outside of prefix ("/ws_aic/src/aic/.pixi/b
#16 168.3  │ │ uild/work/ros-kilted-aic-control-interfaces-aEEzqwC12X8-thgBGAeBgEM/host_placehold_placehold_placehold_placehold_placehold_placehold_placehold_placehold_pl
#16 168.3  │ │ acehold_placehold_placehold_placehold_placehold_placehold_placehold_placehold") for "/tmp/ros-kilted-aic-control-interfacesbjPSXh/lib/libaic_control_interf
#16 168.3  │ │ aces__rosidl_typesupport_cpp.so" - removing it
#16 168.3  │ │ Relinking "libaic_control_interfaces__rosidl_typesupport_cpp.so"
#16 168.3  │ │ Relinking "libaic_control_interfaces__rosidl_typesupport_introspection_cpp.so"
#16 168.3  │ │ rpath ("/ws_aic/src/aic/.pixi/build/work/ros-kilted-aic-control-interfaces-aEEzqwC12X8-thgBGAeBgEM/bld/lib") is outside of prefix ("/ws_aic/src/aic/.pixi/b
#16 168.3  │ │ uild/work/ros-kilted-aic-control-interfaces-aEEzqwC12X8-thgBGAeBgEM/host_placehold_placehold_placehold_placehold_placehold_placehold_placehold_placehold_pl
#16 168.3  │ │ acehold_placehold_placehold_placehold_placehold_placehold_placehold_placehold") for "/tmp/ros-kilted-aic-control-interfacesbjPSXh/lib/libaic_control_interf
#16 168.3  │ │ aces__rosidl_typesupport_fastrtps_c.so" - removing it
#16 168.3  │ │ Relinking "libaic_control_interfaces__rosidl_typesupport_fastrtps_c.so"
#16 168.3  │ │ rpath ("/ws_aic/src/aic/.pixi/build/work/ros-kilted-aic-control-interfaces-aEEzqwC12X8-thgBGAeBgEM/bld/lib") is outside of prefix ("/ws_aic/src/aic/.pixi/b
#16 168.3  │ │ uild/work/ros-kilted-aic-control-interfaces-aEEzqwC12X8-thgBGAeBgEM/host_placehold_placehold_placehold_placehold_placehold_placehold_placehold_placehold_pl
#16 168.3  │ │ acehold_placehold_placehold_placehold_placehold_placehold_placehold_placehold") for "/tmp/ros-kilted-aic-control-interfacesbjPSXh/lib/libaic_control_interf
#16 168.3  │ │ aces__rosidl_generator_c.so" - removing it
#16 168.3  │ │ Relinking "libaic_control_interfaces__rosidl_generator_c.so"
#16 168.3  │ │ rpath ("/ws_aic/src/aic/.pixi/build/work/ros-kilted-aic-control-interfaces-aEEzqwC12X8-thgBGAeBgEM/bld/lib") is outside of prefix ("/ws_aic/src/aic/.pixi/b
#16 168.3  │ │ uild/work/ros-kilted-aic-control-interfaces-aEEzqwC12X8-thgBGAeBgEM/host_placehold_placehold_placehold_placehold_placehold_placehold_placehold_placehold_pl
#16 168.3  │ │ acehold_placehold_placehold_placehold_placehold_placehold_placehold_placehold") for "/tmp/ros-kilted-aic-control-interfacesbjPSXh/lib/libaic_control_interf
#16 168.3  │ │ aces__rosidl_typesupport_introspection_c.so" - removing it
#16 168.3  │ │ Relinking "libaic_control_interfaces__rosidl_typesupport_introspection_c.so"
#16 168.4  │ │ 
#16 168.4  │ │ [lib/python3.12/site-packages/aic_control_interfaces/aic_control_interfaces_s__rosidl_typesupport_c.so] links against:
#16 168.4  │ │  ├─ lib/libaic_control_interfaces__rosidl_generator_c.so (package)
#16 168.4  │ │  ├─ lib/libaic_control_interfaces__rosidl_generator_py.so (package)
#16 168.4  │ │  └─ lib/libaic_control_interfaces__rosidl_typesupport_c.so (package)
#16 168.4  │ │ 
#16 168.4  │ │ [lib/python3.12/site-packages/aic_control_interfaces/aic_control_interfaces_s__rosidl_typesupport_fastrtps_c.so] links against:
#16 168.4  │ │  ├─ lib/libaic_control_interfaces__rosidl_generator_c.so (package)
#16 168.4  │ │  ├─ lib/libaic_control_interfaces__rosidl_typesupport_c.so (package)
#16 168.4  │ │  └─ lib/libaic_control_interfaces__rosidl_generator_py.so (package)
#16 168.4  │ │ 
#16 168.4  │ │ [lib/libaic_control_interfaces__rosidl_typesupport_cpp.so] links against:
#16 168.4  │ │  ├─ lib/librosidl_typesupport_cpp.so
#16 168.4  │ │  ├─ libc.so.6 (system)
#16 168.4  │ │  ├─ lib/libgcc_s.so.1 (libgcc)
#16 168.4  │ │  ├─ lib/libstdc++.so.6.0.34 (libstdcxx)
#16 168.4  │ │  └─ lib/libaic_control_interfaces__rosidl_generator_c.so (package)
#16 168.4  │ │ 
#16 168.4  │ │ [lib/libaic_control_interfaces__rosidl_typesupport_introspection_c.so] links against:
#16 168.4  │ │  ├─ lib/libstd_msgs__rosidl_typesupport_introspection_c.so (ros-kilted-std-msgs)
#16 168.4  │ │  ├─ lib/libaic_control_interfaces__rosidl_generator_c.so (package)
#16 168.4  │ │  ├─ lib/librosidl_typesupport_introspection_c.so
#16 168.4  │ │  ├─ lib/libgeometry_msgs__rosidl_typesupport_introspection_c.so (ros-kilted-geometry-msgs)
#16 168.4  │ │  ├─ lib/libtrajectory_msgs__rosidl_typesupport_introspection_c.so (ros-kilted-trajectory-msgs)
#16 168.4  │ │  ├─ lib/libservice_msgs__rosidl_typesupport_introspection_c.so
#16 168.4  │ │  └─ lib/librosidl_runtime_c.so
#16 168.4  │ │ 
#16 168.4  │ │ [lib/python3.12/site-packages/aic_control_interfaces/aic_control_interfaces_s__rosidl_typesupport_introspection_c.so] links against:
#16 168.4  │ │  ├─ lib/libaic_control_interfaces__rosidl_typesupport_c.so (package)
#16 168.4  │ │  ├─ lib/libaic_control_interfaces__rosidl_generator_c.so (package)
#16 168.4  │ │  └─ lib/libaic_control_interfaces__rosidl_generator_py.so (package)
#16 168.4  │ │ 
#16 168.4  │ │ [lib/libaic_control_interfaces__rosidl_generator_c.so] links against:
#16 168.4  │ │  ├─ lib/libgeometry_msgs__rosidl_generator_c.so (ros-kilted-geometry-msgs)
#16 168.4  │ │  ├─ lib/libstd_msgs__rosidl_generator_c.so (ros-kilted-std-msgs)
#16 168.4  │ │  ├─ lib/librosidl_runtime_c.so
#16 168.4  │ │  ├─ lib/libtrajectory_msgs__rosidl_generator_c.so (ros-kilted-trajectory-msgs)
#16 168.4  │ │  ├─ lib/librcutils.so
#16 168.4  │ │  ├─ libc.so.6 (system)
#16 168.4  │ │  ├─ lib/libservice_msgs__rosidl_generator_c.so
#16 168.4  │ │  └─ lib/libbuiltin_interfaces__rosidl_generator_c.so (ros-kilted-builtin-interfaces)
#16 168.4  │ │ 
#16 168.4  │ │ [lib/libaic_control_interfaces__rosidl_typesupport_fastrtps_cpp.so] links against:
#16 168.4  │ │  ├─ lib/libfastcdr.so.2.3.5
#16 168.4  │ │  ├─ lib/libstdc++.so.6.0.34 (libstdcxx)
#16 168.4  │ │  ├─ lib/libstd_msgs__rosidl_typesupport_fastrtps_cpp.so (ros-kilted-std-msgs)
#16 168.4  │ │  ├─ lib/libgcc_s.so.1 (libgcc)
#16 168.4  │ │  ├─ lib/libtrajectory_msgs__rosidl_typesupport_fastrtps_cpp.so (ros-kilted-trajectory-msgs)
#16 168.4  │ │  ├─ lib/librosidl_typesupport_fastrtps_cpp.so
#16 168.4  │ │  ├─ lib/librosidl_runtime_c.so
#16 168.4  │ │  ├─ lib/libservice_msgs__rosidl_typesupport_fastrtps_cpp.so
#16 168.4  │ │  ├─ lib/libgeometry_msgs__rosidl_typesupport_fastrtps_cpp.so (ros-kilted-geometry-msgs)
#16 168.4  │ │  ├─ lib/libaic_control_interfaces__rosidl_generator_c.so (package)
#16 168.4  │ │  └─ libc.so.6 (system)
#16 168.4  │ │ 
#16 168.4  │ │ [lib/libaic_control_interfaces__rosidl_generator_py.so] links against:
#16 168.4  │ │  ├─ lib/librosidl_runtime_c.so
#16 168.4  │ │  ├─ lib/libservice_msgs__rosidl_generator_py.so
#16 168.4  │ │  ├─ lib/libgeometry_msgs__rosidl_generator_py.so (ros-kilted-geometry-msgs)
#16 168.4  │ │  ├─ lib/libtrajectory_msgs__rosidl_generator_py.so (ros-kilted-trajectory-msgs)
#16 168.4  │ │  ├─ libc.so.6 (system)
#16 168.4  │ │  ├─ lib/libaic_control_interfaces__rosidl_generator_c.so (package)
#16 168.4  │ │  └─ lib/libstd_msgs__rosidl_generator_py.so (ros-kilted-std-msgs)
#16 168.4  │ │ 
#16 168.4  │ │ [lib/libaic_control_interfaces__rosidl_typesupport_fastrtps_c.so] links against:
#16 168.4  │ │  ├─ lib/librosidl_typesupport_fastrtps_c.so
#16 168.4  │ │  ├─ lib/librosidl_runtime_c.so
#16 168.4  │ │  ├─ lib/libstd_msgs__rosidl_typesupport_fastrtps_c.so (ros-kilted-std-msgs)
#16 168.4  │ │  ├─ libc.so.6 (system)
#16 168.4  │ │  ├─ lib/libtrajectory_msgs__rosidl_typesupport_fastrtps_c.so (ros-kilted-trajectory-msgs)
#16 168.5  │ │  ├─ lib/libfastcdr.so.2.3.5
#16 168.5  │ │  ├─ lib/libaic_control_interfaces__rosidl_generator_c.so (package)
#16 168.5  │ │  ├─ lib/libgeometry_msgs__rosidl_typesupport_fastrtps_c.so (ros-kilted-geometry-msgs)
#16 168.5  │ │  └─ lib/libservice_msgs__rosidl_typesupport_fastrtps_c.so
#16 168.5  │ │ 
#16 168.5  │ │ [lib/libaic_control_interfaces__rosidl_typesupport_c.so] links against:
#16 168.5  │ │  ├─ lib/librosidl_typesupport_c.so
#16 168.5  │ │  └─ lib/libaic_control_interfaces__rosidl_generator_c.so (package)
#16 168.5  │ │ 
#16 168.5  │ │ [lib/libaic_control_interfaces__rosidl_typesupport_introspection_cpp.so] links against:
#16 168.5  │ │  ├─ lib/libstd_msgs__rosidl_typesupport_introspection_cpp.so (ros-kilted-std-msgs)
#16 168.5  │ │  ├─ lib/libgeometry_msgs__rosidl_typesupport_introspection_cpp.so (ros-kilted-geometry-msgs)
#16 168.5  │ │  ├─ lib/libaic_control_interfaces__rosidl_generator_c.so (package)
#16 168.5  │ │  ├─ lib/libstdc++.so.6.0.34 (libstdcxx)
#16 168.5  │ │  ├─ libc.so.6 (system)
#16 168.5  │ │  ├─ lib/libservice_msgs__rosidl_typesupport_introspection_cpp.so
#16 168.5  │ │  ├─ lib/libgcc_s.so.1 (libgcc)
#16 168.5  │ │  ├─ lib/librosidl_runtime_c.so
#16 168.5  │ │  ├─ lib/librosidl_typesupport_introspection_cpp.so
#16 168.5  │ │  └─ lib/libtrajectory_msgs__rosidl_typesupport_introspection_cpp.so (ros-kilted-trajectory-msgs)
#16 168.5  │ │ Post-processing done!
#16 168.5  │ │ Writing test files
#16 168.5  │ │ Writing metadata for package
#16 168.6  │ │ Copying license files
#16 168.6  │ │ Copying recipe files
#16 168.6  │ │ 
#16 168.6  │ │ Files in package:
#16 168.6  │ │   ├─ include/aic_control_interfaces/aic_control_interfaces/msg/controller_state.h (577 B)
#16 168.6  │ │   ├─ include/aic_control_interfaces/aic_control_interfaces/msg/controller_state.hpp (599 B)
#16 168.6  │ │   ├─ include/aic_control_interfaces/aic_control_interfaces/msg/detail/controller_state__builder.hpp (4.62 KiB)
#16 168.6  │ │   ├─ include/aic_control_interfaces/aic_control_interfaces/msg/detail/controller_state__description.c (17.76 KiB)
#16 168.6  │ │   ├─ include/aic_control_interfaces/aic_control_interfaces/msg/detail/controller_state__functions.c (11.58 KiB)
#16 168.6  │ │   ├─ include/aic_control_interfaces/aic_control_interfaces/msg/detail/controller_state__functions.h (8.46 KiB)
#16 168.6  │ │   ├─ include/aic_control_interfaces/aic_control_interfaces/msg/detail/controller_state__rosidl_typesupport_fastrtps_c.h (2.55 KiB)
#16 168.6  │ │   ├─ include/aic_control_interfaces/aic_control_interfaces/msg/detail/controller_state__rosidl_typesupport_fastrtps_cpp.hpp (2.87 KiB)
#16 168.6  │ │   ├─ include/aic_control_interfaces/aic_control_interfaces/msg/detail/controller_state__rosidl_typesupport_introspection_c.h (1.02 KiB)
#16 168.6  │ │   ├─ include/aic_control_interfaces/aic_control_interfaces/msg/detail/controller_state__rosidl_typesupport_introspection_cpp.hpp (1.07 KiB)
#16 168.6  │ │   ├─ include/aic_control_interfaces/aic_control_interfaces/msg/detail/controller_state__struct.h (2.57 KiB)
#16 168.6  │ │   ├─ include/aic_control_interfaces/aic_control_interfaces/msg/detail/controller_state__struct.hpp (7.93 KiB)
#16 168.6  │ │   ├─ include/aic_control_interfaces/aic_control_interfaces/msg/detail/controller_state__traits.hpp (6.92 KiB)
#16 168.6  │ │   ├─ include/aic_control_interfaces/aic_control_interfaces/msg/detail/controller_state__type_support.c (14.48 KiB)
#16 168.6  │ │   ├─ include/aic_control_interfaces/aic_control_interfaces/msg/detail/controller_state__type_support.cpp (10.97 KiB)
#16 168.6  │ │   ├─ include/aic_control_interfaces/aic_control_interfaces/msg/detail/controller_state__type_support.h (1.04 KiB)
#16 168.6  │ │   ├─ include/aic_control_interfaces/aic_control_interfaces/msg/detail/controller_state__type_support.hpp (992 B)
#16 168.6  │ │   ├─ include/aic_control_interfaces/aic_control_interfaces/msg/detail/joint_motion_update__builder.hpp (3.55 KiB)
#16 168.6  │ │   ├─ include/aic_control_interfaces/aic_control_interfaces/msg/detail/joint_motion_update__description.c (8.81 KiB)
#16 168.6  │ │   ├─ include/aic_control_interfaces/aic_control_interfaces/msg/detail/joint_motion_update__functions.c (10.68 KiB)
#16 168.6  │ │   ├─ include/aic_control_interfaces/aic_control_interfaces/msg/detail/joint_motion_update__functions.h (8.57 KiB)
#16 168.6  │ │   ├─ include/aic_control_interfaces/aic_control_interfaces/msg/detail/joint_motion_update__rosidl_typesupport_fastrtps_c.h (2.59 KiB)
#16 168.6  │ │   ├─ include/aic_control_interfaces/aic_control_interfaces/msg/detail/joint_motion_update__rosidl_typesupport_fastrtps_cpp.hpp (2.89 KiB)
#16 168.6  │ │   ├─ include/aic_control_interfaces/aic_control_interfaces/msg/detail/joint_motion_update__rosidl_typesupport_introspection_c.h (1.04 KiB)
#16 168.6  │ │   ├─ include/aic_control_interfaces/aic_control_interfaces/msg/detail/joint_motion_update__rosidl_typesupport_introspection_cpp.hpp (1.09 KiB)
#16 168.6  │ │   ├─ include/aic_control_interfaces/aic_control_interfaces/msg/detail/joint_motion_update__struct.h (2.31 KiB)
#16 168.6  │ │   ├─ include/aic_control_interfaces/aic_control_interfaces/msg/detail/joint_motion_update__struct.hpp (6.50 KiB)
#16 168.6  │ │   ├─ include/aic_control_interfaces/aic_control_interfaces/msg/detail/joint_motion_update__traits.hpp (6.38 KiB)
#16 168.6  │ │   ├─ include/aic_control_interfaces/aic_control_interfaces/msg/detail/joint_motion_update__type_support.c (18.00 KiB)
#16 168.6  │ │   ├─ include/aic_control_interfaces/aic_control_interfaces/msg/detail/joint_motion_update__type_support.cpp (12.61 KiB)
#16 168.6  │ │   ├─ include/aic_control_interfaces/aic_control_interfaces/msg/detail/joint_motion_update__type_support.h (1.05 KiB)
#16 168.6  │ │   ├─ include/aic_control_interfaces/aic_control_interfaces/msg/detail/joint_motion_update__type_support.hpp (1005 B)
#16 168.6  │ │   ├─ include/aic_control_interfaces/aic_control_interfaces/msg/detail/motion_update__builder.hpp (4.62 KiB)
#16 168.6  │ │   ├─ include/aic_control_interfaces/aic_control_interfaces/msg/detail/motion_update__description.c (14.93 KiB)
#16 168.6  │ │   ├─ include/aic_control_interfaces/aic_control_interfaces/msg/detail/motion_update__functions.c (11.03 KiB)
#16 168.6  │ │   ├─ include/aic_control_interfaces/aic_control_interfaces/msg/detail/motion_update__functions.h (8.29 KiB)
#16 168.6  │ │   ├─ include/aic_control_interfaces/aic_control_interfaces/msg/detail/motion_update__rosidl_typesupport_fastrtps_c.h (2.51 KiB)
#16 168.6  │ │   ├─ include/aic_control_interfaces/aic_control_interfaces/msg/detail/motion_update__rosidl_typesupport_fastrtps_cpp.hpp (2.83 KiB)
#16 168.6  │ │   ├─ include/aic_control_interfaces/aic_control_interfaces/msg/detail/motion_update__rosidl_typesupport_introspection_c.h (1.01 KiB)
#16 168.6  │ │   ├─ include/aic_control_interfaces/aic_control_interfaces/msg/detail/motion_update__rosidl_typesupport_introspection_cpp.hpp (1.06 KiB)
#16 168.6  │ │   ├─ include/aic_control_interfaces/aic_control_interfaces/msg/detail/motion_update__struct.h (2.42 KiB)
#16 168.6  │ │   ├─ include/aic_control_interfaces/aic_control_interfaces/msg/detail/motion_update__struct.hpp (8.36 KiB)
#16 168.6  │ │   ├─ include/aic_control_interfaces/aic_control_interfaces/msg/detail/motion_update__traits.hpp (8.03 KiB)
#16 168.6  │ │   ├─ include/aic_control_interfaces/aic_control_interfaces/msg/detail/motion_update__type_support.c (18.21 KiB)
#16 168.6  │ │   ├─ include/aic_control_interfaces/aic_control_interfaces/msg/detail/motion_update__type_support.cpp (13.69 KiB)
#16 168.6  │ │   ├─ include/aic_control_interfaces/aic_control_interfaces/msg/detail/motion_update__type_support.h (1.02 KiB)
#16 168.6  │ │   ├─ include/aic_control_interfaces/aic_control_interfaces/msg/detail/motion_update__type_support.hpp (977 B)
#16 168.6  │ │   ├─ include/aic_control_interfaces/aic_control_interfaces/msg/detail/target_mode__builder.hpp (1.34 KiB)
#16 168.6  │ │   ├─ include/aic_control_interfaces/aic_control_interfaces/msg/detail/target_mode__description.c (3.62 KiB)
#16 168.6  │ │   ├─ include/aic_control_interfaces/aic_control_interfaces/msg/detail/target_mode__functions.c (6.88 KiB)
#16 168.6  │ │   ├─ include/aic_control_interfaces/aic_control_interfaces/msg/detail/target_mode__functions.h (8.17 KiB)
#16 168.6  │ │   ├─ include/aic_control_interfaces/aic_control_interfaces/msg/detail/target_mode__rosidl_typesupport_fastrtps_c.h (2.48 KiB)
#16 168.6  │ │   ├─ include/aic_control_interfaces/aic_control_interfaces/msg/detail/target_mode__rosidl_typesupport_fastrtps_cpp.hpp (2.80 KiB)
#16 168.6  │ │   ├─ include/aic_control_interfaces/aic_control_interfaces/msg/detail/target_mode__rosidl_typesupport_introspection_c.h (1022 B)
#16 168.6  │ │   ├─ include/aic_control_interfaces/aic_control_interfaces/msg/detail/target_mode__rosidl_typesupport_introspection_cpp.hpp (1.05 KiB)
#16 168.6  │ │   ├─ include/aic_control_interfaces/aic_control_interfaces/msg/detail/target_mode__struct.h (1.81 KiB)
#16 168.6  │ │   ├─ include/aic_control_interfaces/aic_control_interfaces/msg/detail/target_mode__struct.hpp (5.02 KiB)
#16 168.6  │ │   ├─ include/aic_control_interfaces/aic_control_interfaces/msg/detail/target_mode__traits.hpp (2.72 KiB)
#16 168.6  │ │   ├─ include/aic_control_interfaces/aic_control_interfaces/msg/detail/target_mode__type_support.c (4.34 KiB)
#16 168.6  │ │   ├─ include/aic_control_interfaces/aic_control_interfaces/msg/detail/target_mode__type_support.cpp (3.99 KiB)
#16 168.6  │ │   ├─ include/aic_control_interfaces/aic_control_interfaces/msg/detail/target_mode__type_support.h (1.01 KiB)
#16 168.6  │ │   ├─ include/aic_control_interfaces/aic_control_interfaces/msg/detail/target_mode__type_support.hpp (967 B)
#16 168.6  │ │   ├─ include/aic_control_interfaces/aic_control_interfaces/msg/detail/trajectory_generation_mode__builder.hpp (1.52 KiB)
#16 168.6  │ │   ├─ include/aic_control_interfaces/aic_control_interfaces/msg/detail/trajectory_generation_mode__description.c (3.89 KiB)
#16 168.6  │ │   ├─ include/aic_control_interfaces/aic_control_interfaces/msg/detail/trajectory_generation_mode__functions.c (7.62 KiB)
#16 168.6  │ │   ├─ include/aic_control_interfaces/aic_control_interfaces/msg/detail/trajectory_generation_mode__functions.h (8.97 KiB)
#16 168.6  │ │   ├─ include/aic_control_interfaces/aic_control_interfaces/msg/detail/trajectory_generation_mode__rosidl_typesupport_fastrtps_c.h (2.70 KiB)
#16 168.6  │ │   ├─ include/aic_control_interfaces/aic_control_interfaces/msg/detail/trajectory_generation_mode__rosidl_typesupport_fastrtps_cpp.hpp (2.98 KiB)
#16 168.6  │ │   ├─ include/aic_control_interfaces/aic_control_interfaces/msg/detail/trajectory_generation_mode__rosidl_typesupport_introspection_c.h (1.07 KiB)
#16 168.6  │ │   ├─ include/aic_control_interfaces/aic_control_interfaces/msg/detail/trajectory_generation_mode__rosidl_typesupport_introspection_cpp.hpp (1.12 KiB)
#16 168.6  │ │   ├─ include/aic_control_interfaces/aic_control_interfaces/msg/detail/trajectory_generation_mode__struct.h (2.09 KiB)
#16 168.6  │ │   ├─ include/aic_control_interfaces/aic_control_interfaces/msg/detail/trajectory_generation_mode__struct.hpp (5.48 KiB)
#16 168.6  │ │   ├─ include/aic_control_interfaces/aic_control_interfaces/msg/detail/trajectory_generation_mode__traits.hpp (2.98 KiB)
#16 168.6  │ │   ├─ include/aic_control_interfaces/aic_control_interfaces/msg/detail/trajectory_generation_mode__type_support.c (4.85 KiB)
#16 168.6  │ │   ├─ include/aic_control_interfaces/aic_control_interfaces/msg/detail/trajectory_generation_mode__type_support.cpp (4.33 KiB)
#16 168.6  │ │   ├─ include/aic_control_interfaces/aic_control_interfaces/msg/detail/trajectory_generation_mode__type_support.h (1.09 KiB)
#16 168.6  │ │   ├─ include/aic_control_interfaces/aic_control_interfaces/msg/detail/trajectory_generation_mode__type_support.hpp (1.02 KiB)
#16 168.6  │ │   ├─ include/aic_control_interfaces/aic_control_interfaces/msg/joint_motion_update.h (597 B)
#16 168.6  │ │   ├─ include/aic_control_interfaces/aic_control_interfaces/msg/joint_motion_update.hpp (620 B)
#16 168.6  │ │   ├─ include/aic_control_interfaces/aic_control_interfaces/msg/motion_update.h (556 B)
#16 168.6  │ │   ├─ include/aic_control_interfaces/aic_control_interfaces/msg/motion_update.hpp (578 B)
#16 168.6  │ │   ├─ include/aic_control_interfaces/aic_control_interfaces/msg/rosidl_generator_c__visibility_control.h (1.63 KiB)
#16 168.6  │ │   ├─ include/aic_control_interfaces/aic_control_interfaces/msg/rosidl_generator_cpp__visibility_control.hpp (1.67 KiB)
#16 168.6  │ │   ├─ include/aic_control_interfaces/aic_control_interfaces/msg/rosidl_typesupport_fastrtps_c__visibility_control.h (1.82 KiB)
#16 168.6  │ │   ├─ include/aic_control_interfaces/aic_control_interfaces/msg/rosidl_typesupport_fastrtps_cpp__visibility_control.h (1.86 KiB)
#16 168.6  │ │   ├─ include/aic_control_interfaces/aic_control_interfaces/msg/rosidl_typesupport_introspection_c__visibility_control.h (1.92 KiB)
#16 168.6  │ │   ├─ include/aic_control_interfaces/aic_control_interfaces/msg/target_mode.h (542 B)
#16 168.6  │ │   ├─ include/aic_control_interfaces/aic_control_interfaces/msg/target_mode.hpp (564 B)
#16 168.6  │ │   ├─ include/aic_control_interfaces/aic_control_interfaces/msg/trajectory_generation_mode.h (646 B)
#16 168.6  │ │   ├─ include/aic_control_interfaces/aic_control_interfaces/msg/trajectory_generation_mode.hpp (669 B)
#16 168.6  │ │   ├─ include/aic_control_interfaces/aic_control_interfaces/srv/change_target_mode.h (590 B)
#16 168.6  │ │   ├─ include/aic_control_interfaces/aic_control_interfaces/srv/change_target_mode.hpp (613 B)
#16 168.6  │ │   ├─ include/aic_control_interfaces/aic_control_interfaces/srv/detail/change_target_mode__builder.hpp (4.06 KiB)
#16 168.6  │ │   ├─ include/aic_control_interfaces/aic_control_interfaces/srv/detail/change_target_mode__description.c (21.14 KiB)
#16 168.6  │ │   ├─ include/aic_control_interfaces/aic_control_interfaces/srv/detail/change_target_mode__functions.c (24.47 KiB)
#16 168.6  │ │   ├─ include/aic_control_interfaces/aic_control_interfaces/srv/detail/change_target_mode__functions.h (25.33 KiB)
#16 168.6  │ │   ├─ include/aic_control_interfaces/aic_control_interfaces/srv/detail/change_target_mode__rosidl_typesupport_fastrtps_c.h (7.84 KiB)
#16 168.6  │ │   ├─ include/aic_control_interfaces/aic_control_interfaces/srv/detail/change_target_mode__rosidl_typesupport_fastrtps_cpp.hpp (8.69 KiB)
#16 168.6  │ │   ├─ include/aic_control_interfaces/aic_control_interfaces/srv/detail/change_target_mode__rosidl_typesupport_introspection_c.h (2.58 KiB)
#16 168.6  │ │   ├─ include/aic_control_interfaces/aic_control_interfaces/srv/detail/change_target_mode__rosidl_typesupport_introspection_cpp.hpp (2.86 KiB)
#16 168.6  │ │   ├─ include/aic_control_interfaces/aic_control_interfaces/srv/detail/change_target_mode__struct.h (3.38 KiB)
#16 168.6  │ │   ├─ include/aic_control_interfaces/aic_control_interfaces/srv/detail/change_target_mode__struct.hpp (13.75 KiB)
#16 168.6  │ │   ├─ include/aic_control_interfaces/aic_control_interfaces/srv/detail/change_target_mode__traits.hpp (10.82 KiB)
#16 168.6  │ │   ├─ include/aic_control_interfaces/aic_control_interfaces/srv/detail/change_target_mode__type_support.c (30.65 KiB)
#16 168.6  │ │   ├─ include/aic_control_interfaces/aic_control_interfaces/srv/detail/change_target_mode__type_support.cpp (24.60 KiB)
#16 168.6  │ │   ├─ include/aic_control_interfaces/aic_control_interfaces/srv/detail/change_target_mode__type_support.h (2.91 KiB)
#16 168.6  │ │   ├─ include/aic_control_interfaces/aic_control_interfaces/srv/detail/change_target_mode__type_support.hpp (1.84 KiB)
#16 168.6  │ │   ├─ lib/libaic_control_interfaces__rosidl_generator_c.so (102.35 KiB)
#16 168.6  │ │   ├─ lib/libaic_control_interfaces__rosidl_generator_py.so (34.98 KiB)
#16 168.6  │ │   ├─ lib/libaic_control_interfaces__rosidl_typesupport_c.so (37.86 KiB)
#16 168.6  │ │   ├─ lib/libaic_control_interfaces__rosidl_typesupport_cpp.so (44.62 KiB)
#16 168.6  │ │   ├─ lib/libaic_control_interfaces__rosidl_typesupport_fastrtps_c.so (69.84 KiB)
#16 168.6  │ │   ├─ lib/libaic_control_interfaces__rosidl_typesupport_fastrtps_cpp.so (103.43 KiB)
#16 168.6  │ │   ├─ lib/libaic_control_interfaces__rosidl_typesupport_introspection_c.so (67.62 KiB)
#16 168.6  │ │   ├─ lib/libaic_control_interfaces__rosidl_typesupport_introspection_cpp.so (73.85 KiB)
#16 168.6  │ │   ├─ lib/python3.12/site-packages/aic_control_interfaces/__init__.py (0 B)
#16 168.6  │ │   ├─ lib/python3.12/site-packages/aic_control_interfaces/__pycache__/__init__.cpython-312.pyc (419 B)
#16 168.6  │ │   ├─ lib/python3.12/site-packages/aic_control_interfaces/_aic_control_interfaces_s.ep.rosidl_typesupport_c.c (41.54 KiB)
#16 168.6  │ │   ├─ lib/python3.12/site-packages/aic_control_interfaces/_aic_control_interfaces_s.ep.rosidl_typesupport_fastrtps_c.c (41.55 KiB)
#16 168.6  │ │   ├─ lib/python3.12/site-packages/aic_control_interfaces/_aic_control_interfaces_s.ep.rosidl_typesupport_introspection_c.c (41.55 KiB)
#16 168.6  │ │   ├─ lib/python3.12/site-packages/aic_control_interfaces/aic_control_interfaces_s__rosidl_typesupport_c.so (33.33 KiB)
#16 168.6  │ │   ├─ lib/python3.12/site-packages/aic_control_interfaces/aic_control_interfaces_s__rosidl_typesupport_fastrtps_c.so (33.35 KiB)
#16 168.6  │ │   ├─ lib/python3.12/site-packages/aic_control_interfaces/aic_control_interfaces_s__rosidl_typesupport_introspection_c.so (33.36 KiB)
#16 168.6  │ │   ├─ lib/python3.12/site-packages/aic_control_interfaces/msg/__init__.py (443 B)
#16 168.6  │ │   ├─ lib/python3.12/site-packages/aic_control_interfaces/msg/__pycache__/__init__.cpython-312.pyc (858 B)
#16 168.6  │ │   ├─ lib/python3.12/site-packages/aic_control_interfaces/msg/__pycache__/_controller_state.cpython-312.pyc (17.37 KiB)
#16 168.6  │ │   ├─ lib/python3.12/site-packages/aic_control_interfaces/msg/__pycache__/_joint_motion_update.cpython-312.pyc (17.19 KiB)
#16 168.6  │ │   ├─ lib/python3.12/site-packages/aic_control_interfaces/msg/__pycache__/_motion_update.cpython-312.pyc (21.53 KiB)
#16 168.6  │ │   ├─ lib/python3.12/site-packages/aic_control_interfaces/msg/__pycache__/_target_mode.cpython-312.pyc (7.90 KiB)
#16 168.6  │ │   ├─ lib/python3.12/site-packages/aic_control_interfaces/msg/__pycache__/_trajectory_generation_mode.cpython-312.pyc (8.24 KiB)
#16 168.6  │ │   ├─ lib/python3.12/site-packages/aic_control_interfaces/msg/_controller_state.py (13.87 KiB)
#16 168.6  │ │   ├─ lib/python3.12/site-packages/aic_control_interfaces/msg/_controller_state_s.c (10.17 KiB)
#16 168.6  │ │   ├─ lib/python3.12/site-packages/aic_control_interfaces/msg/_joint_motion_update.py (14.04 KiB)
#16 168.6  │ │   ├─ lib/python3.12/site-packages/aic_control_interfaces/msg/_joint_motion_update_s.c (16.75 KiB)
#16 168.6  │ │   ├─ lib/python3.12/site-packages/aic_control_interfaces/msg/_motion_update.py (17.58 KiB)
#16 168.6  │ │   ├─ lib/python3.12/site-packages/aic_control_interfaces/msg/_motion_update_s.c (11.63 KiB)
#16 168.6  │ │   ├─ lib/python3.12/site-packages/aic_control_interfaces/msg/_target_mode.py (5.91 KiB)
#16 168.6  │ │   ├─ lib/python3.12/site-packages/aic_control_interfaces/msg/_target_mode_s.c (3.00 KiB)
#16 168.6  │ │   ├─ lib/python3.12/site-packages/aic_control_interfaces/msg/_trajectory_generation_mode.py (6.14 KiB)
#16 168.6  │ │   ├─ lib/python3.12/site-packages/aic_control_interfaces/msg/_trajectory_generation_mode_s.c (3.19 KiB)
#16 168.6  │ │   ├─ lib/python3.12/site-packages/aic_control_interfaces/srv/__init__.py (383 B)
#16 168.6  │ │   ├─ lib/python3.12/site-packages/aic_control_interfaces/srv/__pycache__/__init__.cpython-312.pyc (656 B)
#16 168.6  │ │   ├─ lib/python3.12/site-packages/aic_control_interfaces/srv/__pycache__/_change_target_mode.cpython-312.pyc (23.43 KiB)
#16 168.6  │ │   ├─ lib/python3.12/site-packages/aic_control_interfaces/srv/_change_target_mode.py (19.97 KiB)
#16 168.6  │ │   ├─ lib/python3.12/site-packages/aic_control_interfaces/srv/_change_target_mode_s.c (14.31 KiB)
#16 168.6  │ │   ├─ lib/python3.12/site-packages/aic_control_interfaces-0.0.1-py3.12.egg-info/PKG-INFO (66 B)
#16 168.6  │ │   ├─ lib/python3.12/site-packages/aic_control_interfaces-0.0.1-py3.12.egg-info/SOURCES.txt (227 B)
#16 168.6  │ │   ├─ lib/python3.12/site-packages/aic_control_interfaces-0.0.1-py3.12.egg-info/dependency_links.txt (1 B)
#16 168.6  │ │   ├─ lib/python3.12/site-packages/aic_control_interfaces-0.0.1-py3.12.egg-info/top_level.txt (23 B)
#16 168.6  │ │   ├─ share/aic_control_interfaces/cmake/aic_control_interfacesConfig-version.cmake (432 B)
#16 168.6  │ │   ├─ share/aic_control_interfaces/cmake/aic_control_interfacesConfig.cmake (1.68 KiB)
#16 168.6  │ │   ├─ share/aic_control_interfaces/cmake/aic_control_interfaces__rosidl_typesupport_cExport-release.cmake (1.31 KiB)
#16 168.6  │ │   ├─ share/aic_control_interfaces/cmake/aic_control_interfaces__rosidl_typesupport_cExport.cmake (5.37 KiB)
#16 168.6  │ │   ├─ share/aic_control_interfaces/cmake/aic_control_interfaces__rosidl_typesupport_cppExport-release.cmake (1.37 KiB)
#16 168.6  │ │   ├─ share/aic_control_interfaces/cmake/aic_control_interfaces__rosidl_typesupport_cppExport.cmake (5.53 KiB)
#16 168.6  │ │   ├─ share/aic_control_interfaces/cmake/aic_control_interfaces__rosidl_typesupport_introspection_cExport-release.cmake (1.30 KiB)
#16 168.6  │ │   ├─ share/aic_control_interfaces/cmake/aic_control_interfaces__rosidl_typesupport_introspection_cExport.cmake (5.75 KiB)
#16 168.6  │ │   ├─ share/aic_control_interfaces/cmake/aic_control_interfaces__rosidl_typesupport_introspection_cppExport-release.cmake (1.32 KiB)
#16 168.6  │ │   ├─ share/aic_control_interfaces/cmake/aic_control_interfaces__rosidl_typesupport_introspection_cppExport.cmake (5.91 KiB)
#16 168.6  │ │   ├─ share/aic_control_interfaces/cmake/ament_cmake_export_dependencies-extras.cmake (4.55 KiB)
#16 168.6  │ │   ├─ share/aic_control_interfaces/cmake/ament_cmake_export_include_directories-extras.cmake (840 B)
#16 168.6  │ │   ├─ share/aic_control_interfaces/cmake/ament_cmake_export_libraries-extras.cmake (5.21 KiB)
#16 168.6  │ │   ├─ share/aic_control_interfaces/cmake/ament_cmake_export_targets-extras.cmake (1.44 KiB)
#16 168.6  │ │   ├─ share/aic_control_interfaces/cmake/export_aic_control_interfaces__rosidl_generator_cExport-release.cmake (1.18 KiB)
#16 168.6  │ │   ├─ share/aic_control_interfaces/cmake/export_aic_control_interfaces__rosidl_generator_cExport.cmake (4.67 KiB)
#16 168.6  │ │   ├─ share/aic_control_interfaces/cmake/export_aic_control_interfaces__rosidl_generator_cppExport.cmake (4.66 KiB)
#16 168.6  │ │   ├─ share/aic_control_interfaces/cmake/export_aic_control_interfaces__rosidl_generator_pyExport-release.cmake (3.61 KiB)
#16 168.6  │ │   ├─ share/aic_control_interfaces/cmake/export_aic_control_interfaces__rosidl_generator_pyExport.cmake (4.11 KiB)
#16 168.6  │ │   ├─ share/aic_control_interfaces/cmake/export_aic_control_interfaces__rosidl_typesupport_fastrtps_cExport-release.cmake (1.26 KiB)
#16 168.6  │ │   ├─ share/aic_control_interfaces/cmake/export_aic_control_interfaces__rosidl_typesupport_fastrtps_cExport.cmake (5.81 KiB)
#16 168.6  │ │   ├─ share/aic_control_interfaces/cmake/export_aic_control_interfaces__rosidl_typesupport_fastrtps_cppExport-release.cmake (1.28 KiB)
#16 168.6  │ │   ├─ share/aic_control_interfaces/cmake/export_aic_control_interfaces__rosidl_typesupport_fastrtps_cppExport.cmake (5.92 KiB)
#16 168.6  │ │   ├─ share/aic_control_interfaces/cmake/rosidl_cmake-extras.cmake (448 B)
#16 168.6  │ │   ├─ share/aic_control_interfaces/cmake/rosidl_cmake_export_typesupport_libraries-extras.cmake (1.99 KiB)
#16 168.6  │ │   ├─ share/aic_control_interfaces/cmake/rosidl_cmake_export_typesupport_targets-extras.cmake (1.45 KiB)
#16 168.6  │ │   ├─ share/aic_control_interfaces/environment/ament_prefix_path.dsv (41 B)
#16 168.6  │ │   ├─ share/aic_control_interfaces/environment/ament_prefix_path.sh (160 B)
#16 168.6  │ │   ├─ share/aic_control_interfaces/environment/library_path.dsv (42 B)
#16 168.6  │ │   ├─ share/aic_control_interfaces/environment/library_path.sh (411 B)
#16 168.6  │ │   ├─ share/aic_control_interfaces/environment/path.dsv (41 B)
#16 168.6  │ │   ├─ share/aic_control_interfaces/environment/path.sh (185 B)
#16 168.6  │ │   ├─ share/aic_control_interfaces/environment/pythonpath.dsv (62 B)
#16 168.6  │ │   ├─ share/aic_control_interfaces/environment/pythonpath.sh (166 B)
#16 168.6  │ │   ├─ share/aic_control_interfaces/local_setup.bash (1.56 KiB)
#16 168.6  │ │   ├─ share/aic_control_interfaces/local_setup.dsv (251 B)
#16 168.6  │ │   ├─ share/aic_control_interfaces/local_setup.sh (5.37 KiB) [prefix:text]
#16 168.6  │ │   ├─ share/aic_control_interfaces/local_setup.zsh (1.91 KiB)
#16 168.6  │ │   ├─ share/aic_control_interfaces/msg/ControllerState.idl (1.82 KiB)
#16 168.6  │ │   ├─ share/aic_control_interfaces/msg/ControllerState.json (13.16 KiB)
#16 168.6  │ │   ├─ share/aic_control_interfaces/msg/ControllerState.msg (700 B)
#16 168.6  │ │   ├─ share/aic_control_interfaces/msg/JointMotionUpdate.idl (1.28 KiB)
#16 168.6  │ │   ├─ share/aic_control_interfaces/msg/JointMotionUpdate.json (4.56 KiB)
#16 168.6  │ │   ├─ share/aic_control_interfaces/msg/JointMotionUpdate.msg (564 B)
#16 168.6  │ │   ├─ share/aic_control_interfaces/msg/MotionUpdate.idl (1.80 KiB)
#16 168.6  │ │   ├─ share/aic_control_interfaces/msg/MotionUpdate.json (10.04 KiB)
#16 168.6  │ │   ├─ share/aic_control_interfaces/msg/MotionUpdate.msg (721 B)
#16 168.6  │ │   ├─ share/aic_control_interfaces/msg/TargetMode.idl (878 B)
#16 168.6  │ │   ├─ share/aic_control_interfaces/msg/TargetMode.json (615 B)
#16 168.6  │ │   ├─ share/aic_control_interfaces/msg/TargetMode.msg (432 B)
#16 168.6  │ │   ├─ share/aic_control_interfaces/msg/TrajectoryGenerationMode.idl (1005 B)
#16 168.6  │ │   ├─ share/aic_control_interfaces/msg/TrajectoryGenerationMode.json (643 B)
#16 168.6  │ │   ├─ share/aic_control_interfaces/msg/TrajectoryGenerationMode.msg (495 B)
#16 168.6  │ │   ├─ share/aic_control_interfaces/package.dsv (208 B)
#16 168.6  │ │   ├─ share/aic_control_interfaces/package.xml (1008 B)
#16 168.6  │ │   ├─ share/aic_control_interfaces/rust/Cargo.toml (605 B)
#16 168.6  │ │   ├─ share/aic_control_interfaces/rust/build.rs (339 B)
#16 168.6  │ │   ├─ share/aic_control_interfaces/rust/src/lib.rs (338 B)
#16 168.6  │ │   ├─ share/aic_control_interfaces/rust/src/msg/rmw.rs (18.81 KiB)
#16 168.6  │ │   ├─ share/aic_control_interfaces/rust/src/msg.rs (14.87 KiB)
#16 168.6  │ │   ├─ share/aic_control_interfaces/rust/src/srv/rmw.rs (7.24 KiB)
#16 168.6  │ │   ├─ share/aic_control_interfaces/rust/src/srv.rs (3.32 KiB)
#16 168.6  │ │   ├─ share/aic_control_interfaces/srv/ChangeTargetMode.idl (749 B)
#16 168.6  │ │   ├─ share/aic_control_interfaces/srv/ChangeTargetMode.json (6.11 KiB)
#16 168.6  │ │   ├─ share/aic_control_interfaces/srv/ChangeTargetMode.srv (192 B)
#16 168.6  │ │   ├─ share/ament_index/resource_index/package_run_dependencies/aic_control_interfaces (114 B)
#16 168.6  │ │   ├─ share/ament_index/resource_index/packages/aic_control_interfaces (0 B)
#16 168.6  │ │   ├─ share/ament_index/resource_index/parent_prefix_path/aic_control_interfaces (94 B)
#16 168.6  │ │   ├─ share/ament_index/resource_index/rosidl_interfaces/aic_control_interfaces (295 B)
#16 168.6  │ │   ├─ share/ament_index/resource_index/rust_packages/aic_control_interfaces (0 B)
#16 168.6  │ │   ├─ info/about.json (192 B)
#16 168.6  │ │   ├─ info/hash_input.json (31 B)
#16 168.6  │ │   ├─ info/index.json (608 B)
#16 168.6  │ │   ├─ info/paths.json (56.31 KiB)
#16 168.6  │ │   └─ info/tests/tests.yaml (3 B)
#16 168.6  │ │ 
#16 168.6  │ │ Package statistics: 224 files (219 content, 5 metadata), total size: 1.77 MiB
#16 168.6  │ │ Largest files:
#16 168.6  │ │   103.43 KiB - lib/libaic_control_interfaces__rosidl_typesupport_fastrtps_cpp.so
#16 168.6  │ │   102.35 KiB - lib/libaic_control_interfaces__rosidl_generator_c.so
#16 168.6  │ │   73.85 KiB - lib/libaic_control_interfaces__rosidl_typesupport_introspection_cpp.so
#16 168.6  │ │   69.84 KiB - lib/libaic_control_interfaces__rosidl_typesupport_fastrtps_c.so
#16 168.6  │ │   67.62 KiB - lib/libaic_control_interfaces__rosidl_typesupport_introspection_c.so
#16 168.6  │ │ Creating target folder '/ws_aic/src/aic/.pixi/build/work/ros-kilted-aic-control-interfaces-aEEzqwC12X8-thgBGAeBgEM/output/linux-64'
#16 168.6  │ │ Compressing archive...
#16 168.9  │ │ Archive written to '/ws_aic/src/aic/.pixi/build/work/ros-kilted-aic-control-interfaces-aEEzqwC12X8-thgBGAeBgEM/output/linux-64/ros-kilted-aic-control-inter
#16 168.9  │ │ faces-0.0.1-hb0f4dca_0.conda'
#16 169.0  │ │
#16 169.0  │ ╰─────────────────── (took 1 second)
#16 169.0  │
#16 169.0  ╰─────────────────── (took 35 seconds)
#16 174.0 
#16 174.0  ╭─ Running build for recipe: ros-kilted-aic-task-interfaces-0.0.1-hb0f4dca_0
#16 174.0  │
#16 174.0  │ ╭─ Fetching source code
#16 174.0  │ │ No sources to fetch
#16 174.0  │ │
#16 174.0  │ ╰─────────────────── (took 0 seconds)
#16 174.1  │
#16 174.1  │ ╭─ Externally resolved dependencies recipe: ros-kilted-aic-task-interfaces-0.0.1-hb0f4dca_0
#16 174.1  │ │ 
#16 174.1  │ │ Resolved build dependencies(ros-kilted-aic-task-interfaces-0.0.1-hb0f4dca_0):
#16 174.1  │ │ ╭───────────────────────────────────────────────────┬──────────────────────────────────────┬──────────────┬──────────────────────┬──────────────────┬──────
#16 174.1  │ │ ───────╮
#16 174.1  │ │ │ Package                                           ┆ Spec                                 ┆ Version      ┆ Build                ┆ Channel          ┆      
#16 174.1  │ │   Size │
#16 174.1  │ │ ╞═══════════════════════════════════════════════════╪══════════════════════════════════════╪══════════════╪══════════════════════╪══════════════════╪══════
#16 174.1  │ │ ═══════╡
#16 174.1  │ │ │ cmake                                             ┆ cmake                                ┆ 4.3.2        ┆ hc85cc9f_0           ┆ conda-forge      ┆   22.
#16 174.1  │ │ 01 MiB │
#16 174.1  │ │ │ coreutils                                         ┆ coreutils                            ┆ 9.5          ┆ hd590300_0           ┆ conda-forge      ┆    2.
#16 174.1  │ │ 87 MiB │
#16 174.1  │ │ │ cpython                                           ┆ cpython                              ┆ 3.12.13      ┆ py312hd8ed1ab_0      ┆ conda-forge      ┆   45.
#16 174.1  │ │ 37 KiB │
#16 174.1  │ │ │ gcc_linux-64                                      ┆ gcc_linux-64                         ┆ 15.2.0       ┆ h7be306e_24          ┆ conda-forge      ┆   28.
#16 174.1  │ │ 40 KiB │
#16 174.1  │ │ │ git                                               ┆ git                                  ┆ 2.53.0       ┆ pl5321h6d3cee1_0     ┆ conda-forge      ┆   10.
#16 174.1  │ │ 92 MiB │
#16 174.1  │ │ │ git-lfs                                           ┆ git-lfs                              ┆ 3.7.1        ┆ ha8f183a_1           ┆ conda-forge      ┆    4.
#16 174.1  │ │ 23 MiB │
#16 174.1  │ │ │ gxx_linux-64                                      ┆ gxx_linux-64                         ┆ 15.2.0       ┆ he30e93d_24          ┆ conda-forge      ┆   26.
#16 174.1  │ │ 96 KiB │
#16 174.1  │ │ │ make                                              ┆ make                                 ┆ 4.4.1        ┆ hb9d3cd8_2           ┆ conda-forge      ┆  501.
#16 174.1  │ │ 06 KiB │
#16 174.1  │ │ │ ninja                                             ┆ ninja                                ┆ 1.13.2       ┆ h171cf75_0           ┆ conda-forge      ┆  181.
#16 174.1  │ │ 96 KiB │
#16 174.1  │ │ │ patch                                             ┆ patch                                ┆ 2.8          ┆ hb03c661_1002        ┆ conda-forge      ┆  114.
#16 174.1  │ │ 47 KiB │
#16 174.1  │ │ │ python                                            ┆ python                               ┆ 3.12.13      ┆ hd63d673_0_cpython   ┆ conda-forge      ┆   30.
#16 174.1  │ │ 14 MiB │
#16 174.1  │ │ │ ros-kilted-ament-cmake                            ┆ ros-kilted-ament-cmake               ┆ 2.7.5        ┆ np2py312h2ed9cc7_17  ┆ robostack-kilted ┆   22.
#16 174.1  │ │ 73 KiB │
#16 174.1  │ │ │ ros-kilted-ament-lint-auto                        ┆ ros-kilted-ament-lint-auto           ┆ 0.19.2       ┆ np2py312h2ed9cc7_17  ┆ robostack-kilted ┆   21.
#16 174.1  │ │ 47 KiB │
#16 174.1  │ │ │ ros-kilted-ament-lint-common                      ┆ ros-kilted-ament-lint-common         ┆ 0.19.2       ┆ np2py312h2ed9cc7_17  ┆ robostack-kilted ┆   21.
#16 174.1  │ │ 79 KiB │
#16 174.1  │ │ │ ros-kilted-ros-workspace                          ┆ ros-kilted-ros-workspace             ┆ 1.0.3        ┆ np2py312h2ed9cc7_17  ┆ robostack-kilted ┆   34.
#16 174.1  │ │ 44 KiB │
#16 174.1  │ │ │ ros-kilted-rosidl-default-generators              ┆ ros-kilted-rosidl-default-generators ┆ 1.7.2        ┆ np2py312h2ed9cc7_17  ┆ robostack-kilted ┆   30.
#16 174.1  │ │ 46 KiB │
#16 174.1  │ │ │ setuptools                                        ┆ setuptools                           ┆ 82.0.1       ┆ pyh332efcf_0         ┆ conda-forge      ┆  624.
#16 174.1  │ │ 70 KiB │
#16 174.1  │ │ │ _openmp_mutex                                     ┆                                      ┆ 4.5          ┆ 20_gnu               ┆ conda-forge      ┆   28.
#16 174.1  │ │ 27 KiB │
#16 174.1  │ │ │ argcomplete                                       ┆                                      ┆ 3.6.3        ┆ pyhd8ed1ab_0         ┆ conda-forge      ┆   41.
#16 174.1  │ │ 39 KiB │
#16 174.1  │ │ │ binutils_impl_linux-64                            ┆                                      ┆ 2.45.1       ┆ default_hfdba357_102 ┆ conda-forge      ┆    3.
#16 174.1  │ │ 49 MiB │
#16 174.1  │ │ │ binutils_linux-64                                 ┆                                      ┆ 2.45.1       ┆ default_h4852527_102 ┆ conda-forge      ┆   35.
#16 174.1  │ │ 45 KiB │
#16 174.1  │ │ │ bzip2                                             ┆                                      ┆ 1.0.8        ┆ hda65f42_9           ┆ conda-forge      ┆  254.
#16 174.1  │ │ 08 KiB │
#16 174.1  │ │ │ c-ares                                            ┆                                      ┆ 1.34.6       ┆ hb03c661_0           ┆ conda-forge      ┆  203.
#16 174.1  │ │ 01 KiB │
#16 174.1  │ │ │ ca-certificates                                   ┆                                      ┆ 2026.4.22    ┆ hbd8a1cb_0           ┆ conda-forge      ┆  127.
#16 174.1  │ │ 97 KiB │
#16 174.1  │ │ │ catkin_pkg                                        ┆                                      ┆ 1.1.0        ┆ pyhd8ed1ab_0         ┆ conda-forge      ┆   52.
#16 174.1  │ │ 84 KiB │
#16 174.1  │ │ │ cppcheck                                          ┆                                      ┆ 2.20.1       ┆ py312h014360a_0      ┆ conda-forge      ┆    2.
#16 174.1  │ │ 96 MiB │
#16 174.1  │ │ │ docutils                                          ┆                                      ┆ 0.22.4       ┆ pyhd8ed1ab_0         ┆ conda-forge      ┆  427.
#16 174.1  │ │ 74 KiB │
#16 174.1  │ │ │ empy                                              ┆                                      ┆ 3.3.4        ┆ pyh9f0ad1d_1         ┆ conda-forge      ┆   39.
#16 174.1  │ │ 27 KiB │
#16 174.1  │ │ │ flake8                                            ┆                                      ┆ 7.3.0        ┆ pyhd8ed1ab_0         ┆ conda-forge      ┆  109.
#16 174.1  │ │ 29 KiB │
#16 174.1  │ │ │ flake8-builtins                                   ┆                                      ┆ 3.1.0        ┆ pyhd8ed1ab_0         ┆ conda-forge      ┆   19.
#16 174.1  │ │ 04 KiB │
#16 174.1  │ │ │ flake8-comprehensions                             ┆                                      ┆ 3.17.0       ┆ pyhd8ed1ab_0         ┆ conda-forge      ┆   13.
#16 174.1  │ │ 72 KiB │
#16 174.1  │ │ │ flake8-docstrings                                 ┆                                      ┆ 1.7.0        ┆ pyhd8ed1ab_0         ┆ conda-forge      ┆   10.
#16 174.1  │ │ 15 KiB │
#16 174.1  │ │ │ flake8-import-order                               ┆                                      ┆ 0.19.2       ┆ pyhd8ed1ab_0         ┆ conda-forge      ┆   20.
#16 174.1  │ │ 55 KiB │
#16 174.1  │ │ │ flake8-quotes                                     ┆                                      ┆ 3.4.0        ┆ pyhd8ed1ab_1         ┆ conda-forge      ┆   14.
#16 174.1  │ │ 43 KiB │
#16 174.1  │ │ │ gcc_impl_linux-64                                 ┆                                      ┆ 15.2.0       ┆ he420e7e_18          ┆ conda-forge      ┆   78.
#16 174.1  │ │ 02 MiB │
#16 174.1  │ │ │ gxx_impl_linux-64                                 ┆                                      ┆ 15.2.0       ┆ hda75c37_18          ┆ conda-forge      ┆   14.
#16 174.1  │ │ 87 MiB │
#16 174.1  │ │ │ icu                                               ┆                                      ┆ 78.3         ┆ h33c6efd_0           ┆ conda-forge      ┆   12.
#16 174.1  │ │ 13 MiB │
#16 174.1  │ │ │ importlib-metadata                                ┆                                      ┆ 8.8.0        ┆ pyhcf101f3_0         ┆ conda-forge      ┆   33.
#16 174.1  │ │ 58 KiB │
#16 174.1  │ │ │ importlib_resources                               ┆                                      ┆ 7.1.0        ┆ pyhd8ed1ab_0         ┆ conda-forge      ┆   33.
#16 174.1  │ │ 99 KiB │
#16 174.1  │ │ │ kernel-headers_linux-64                           ┆                                      ┆ 4.18.0       ┆ he073ed8_9           ┆ conda-forge      ┆    1.
#16 174.1  │ │ 22 MiB │
#16 174.1  │ │ │ keyutils                                          ┆                                      ┆ 1.6.3        ┆ hb9d3cd8_0           ┆ conda-forge      ┆  130.
#16 174.1  │ │ 95 KiB │
#16 174.1  │ │ │ krb5                                              ┆                                      ┆ 1.22.2       ┆ ha1258a1_0           ┆ conda-forge      ┆    1.
#16 174.1  │ │ 32 MiB │
#16 174.1  │ │ │ lark-parser                                       ┆                                      ┆ 0.12.0       ┆ pyhd8ed1ab_1         ┆ conda-forge      ┆   84.
#16 174.1  │ │ 12 KiB │
#16 174.1  │ │ │ ld_impl_linux-64                                  ┆                                      ┆ 2.45.1       ┆ default_hbd61a6d_102 ┆ conda-forge      ┆  710.
#16 174.1  │ │ 94 KiB │
#16 174.1  │ │ │ libblas                                           ┆                                      ┆ 3.11.0       ┆ 6_h4a7cf45_openblas  ┆ conda-forge      ┆   18.
#16 174.1  │ │ 18 KiB │
#16 174.1  │ │ │ libcblas                                          ┆                                      ┆ 3.11.0       ┆ 6_h0358290_openblas  ┆ conda-forge      ┆   18.
#16 174.1  │ │ 19 KiB │
#16 174.1  │ │ │ libcurl                                           ┆                                      ┆ 8.19.0       ┆ hcf29cc6_0           ┆ conda-forge      ┆  455.
#16 174.1  │ │ 77 KiB │
#16 174.1  │ │ │ libedit                                           ┆                                      ┆ 3.1.20250104 ┆ pl5321h7949ede_0     ┆ conda-forge      ┆  131.
#16 174.1  │ │ 52 KiB │
#16 174.1  │ │ │ libev                                             ┆                                      ┆ 4.33         ┆ hd590300_2           ┆ conda-forge      ┆  110.
#16 174.1  │ │ 12 KiB │
#16 174.1  │ │ │ libexpat                                          ┆                                      ┆ 2.7.5        ┆ hecca717_0           ┆ conda-forge      ┆   74.
#16 174.1  │ │ 83 KiB │
#16 174.1  │ │ │ libffi                                            ┆                                      ┆ 3.5.2        ┆ h3435931_0           ┆ conda-forge      ┆   57.
#16 174.1  │ │ 22 KiB │
#16 174.1  │ │ │ libgcc                                            ┆                                      ┆ 15.2.0       ┆ he0feb66_18          ┆ conda-forge      ┆ 1017.
#16 174.1  │ │ 37 KiB │
#16 174.1  │ │ │ libgcc-devel_linux-64                             ┆                                      ┆ 15.2.0       ┆ hcc6f6b0_118         ┆ conda-forge      ┆    2.
#16 174.1  │ │ 94 MiB │
#16 174.1  │ │ │ libgcc-ng                                         ┆                                      ┆ 15.2.0       ┆ h69a702a_18          ┆ conda-forge      ┆   26.
#16 174.1  │ │ 88 KiB │
#16 174.1  │ │ │ libgfortran                                       ┆                                      ┆ 15.2.0       ┆ h69a702a_18          ┆ conda-forge      ┆   26.
#16 174.1  │ │ 88 KiB │
#16 174.1  │ │ │ libgfortran5                                      ┆                                      ┆ 15.2.0       ┆ h68bc16d_18          ┆ conda-forge      ┆    2.
#16 174.1  │ │ 37 MiB │
#16 174.1  │ │ │ libgomp                                           ┆                                      ┆ 15.2.0       ┆ he0feb66_18          ┆ conda-forge      ┆  589.
#16 174.1  │ │ 12 KiB │
#16 174.1  │ │ │ libiconv                                          ┆                                      ┆ 1.18         ┆ h3b78370_2           ┆ conda-forge      ┆  771.
#16 174.1  │ │ 66 KiB │
#16 174.1  │ │ │ liblapack                                         ┆                                      ┆ 3.11.0       ┆ 6_h47877c9_openblas  ┆ conda-forge      ┆   18.
#16 174.1  │ │ 19 KiB │
#16 174.1  │ │ │ liblzma                                           ┆                                      ┆ 5.8.3        ┆ hb03c661_0           ┆ conda-forge      ┆  110.
#16 174.1  │ │ 82 KiB │
#16 174.1  │ │ │ libnghttp2                                        ┆                                      ┆ 1.68.1       ┆ h877daf1_0           ┆ conda-forge      ┆  647.
#16 174.1  │ │ 80 KiB │
#16 174.1  │ │ │ libnsl                                            ┆                                      ┆ 2.0.1        ┆ hb9d3cd8_1           ┆ conda-forge      ┆   32.
#16 174.1  │ │ 94 KiB │
#16 174.1  │ │ │ libopenblas                                       ┆                                      ┆ 0.3.32       ┆ pthreads_h94d23a6_0  ┆ conda-forge      ┆    5.
#16 174.1  │ │ 65 MiB │
#16 174.1  │ │ │ libsanitizer                                      ┆                                      ┆ 15.2.0       ┆ h90f66d4_18          ┆ conda-forge      ┆    7.
#16 174.1  │ │ 72 MiB │
#16 174.1  │ │ │ libsqlite                                         ┆                                      ┆ 3.53.0       ┆ hf4e2dac_0           ┆ conda-forge      ┆  936.
#16 174.1  │ │ 39 KiB │
#16 174.1  │ │ │ libssh2                                           ┆                                      ┆ 1.11.1       ┆ hcf80075_0           ┆ conda-forge      ┆  297.
#16 174.1  │ │ 65 KiB │
#16 174.1  │ │ │ libstdcxx                                         ┆                                      ┆ 15.2.0       ┆ h934c35e_18          ┆ conda-forge      ┆    5.
#16 174.1  │ │ 58 MiB │
#16 174.1  │ │ │ libstdcxx-devel_linux-64                          ┆                                      ┆ 15.2.0       ┆ hd446a21_118         ┆ conda-forge      ┆   19.
#16 174.1  │ │ 71 MiB │
#16 174.1  │ │ │ libstdcxx-ng                                      ┆                                      ┆ 15.2.0       ┆ hdf11a46_18          ┆ conda-forge      ┆   26.
#16 174.1  │ │ 93 KiB │
#16 174.1  │ │ │ libuuid                                           ┆                                      ┆ 2.42         ┆ h5347b49_0           ┆ conda-forge      ┆   39.
#16 174.1  │ │ 35 KiB │
#16 174.1  │ │ │ libuv                                             ┆                                      ┆ 1.51.0       ┆ hb03c661_1           ┆ conda-forge      ┆  874.
#16 174.1  │ │ 13 KiB │
#16 174.1  │ │ │ libxcrypt                                         ┆                                      ┆ 4.4.36       ┆ hd590300_1           ┆ conda-forge      ┆   98.
#16 174.1  │ │ 04 KiB │
#16 174.1  │ │ │ libxml2                                           ┆                                      ┆ 2.15.3       ┆ h49c6c72_0           ┆ conda-forge      ┆   45.
#16 174.1  │ │ 71 KiB │
#16 174.1  │ │ │ libxml2-16                                        ┆                                      ┆ 2.15.3       ┆ hca6bf5a_0           ┆ conda-forge      ┆  546.
#16 174.1  │ │ 66 KiB │
#16 174.1  │ │ │ libzlib                                           ┆                                      ┆ 1.3.2        ┆ h25fd6f3_2           ┆ conda-forge      ┆   62.
#16 174.1  │ │ 14 KiB │
#16 174.1  │ │ │ mccabe                                            ┆                                      ┆ 0.7.0        ┆ pyhd8ed1ab_1         ┆ conda-forge      ┆   12.
#16 174.1  │ │ 63 KiB │
#16 174.1  │ │ │ ncurses                                           ┆                                      ┆ 6.6          ┆ hdb14827_0           ┆ conda-forge      ┆  897.
#16 174.1  │ │ 42 KiB │
#16 174.1  │ │ │ numpy                                             ┆                                      ┆ 2.4.3        ┆ py312h33ff503_0      ┆ conda-forge      ┆    8.
#16 174.1  │ │ 35 MiB │
#16 174.1  │ │ │ openssl                                           ┆                                      ┆ 3.6.2        ┆ h35e630c_0           ┆ conda-forge      ┆    3.
#16 174.1  │ │ 02 MiB │
#16 174.1  │ │ │ packaging                                         ┆                                      ┆ 26.2         ┆ pyhc364b38_0         ┆ conda-forge      ┆   89.
#16 174.1  │ │ 43 KiB │
#16 174.1  │ │ │ pcre                                              ┆                                      ┆ 8.45         ┆ h9c3ff4c_0           ┆ conda-forge      ┆  253.
#16 174.1  │ │ 30 KiB │
#16 174.1  │ │ │ pcre2                                             ┆                                      ┆ 10.47        ┆ haa7fec5_0           ┆ conda-forge      ┆    1.
#16 174.1  │ │ 17 MiB │
#16 174.1  │ │ │ perl                                              ┆                                      ┆ 5.32.1       ┆ 7_hd590300_perl5     ┆ conda-forge      ┆   12.
#16 174.1  │ │ 73 MiB │
#16 174.1  │ │ │ pycodestyle                                       ┆                                      ┆ 2.14.0       ┆ pyhd8ed1ab_0         ┆ conda-forge      ┆   34.
#16 174.1  │ │ 36 KiB │
#16 174.1  │ │ │ pydocstyle                                        ┆                                      ┆ 6.3.0        ┆ pyhd8ed1ab_1         ┆ conda-forge      ┆   39.
#16 174.1  │ │ 29 KiB │
#16 174.1  │ │ │ pyflakes                                          ┆                                      ┆ 3.4.0        ┆ pyhd8ed1ab_0         ┆ conda-forge      ┆   58.
#16 174.1  │ │ 20 KiB │
#16 174.1  │ │ │ pygments                                          ┆                                      ┆ 2.20.0       ┆ pyhd8ed1ab_0         ┆ conda-forge      ┆  872.
#16 174.1  │ │ 10 KiB │
#16 174.1  │ │ │ pyparsing                                         ┆                                      ┆ 3.3.2        ┆ pyhcf101f3_0         ┆ conda-forge      ┆  108.
#16 174.1  │ │ 29 KiB │
#16 174.1  │ │ │ python-dateutil                                   ┆                                      ┆ 2.9.0.post0  ┆ pyhe01879c_2         ┆ conda-forge      ┆  227.
#16 174.1  │ │ 84 KiB │
#16 174.1  │ │ │ python_abi                                        ┆                                      ┆ 3.12         ┆ 8_cp312              ┆ conda-forge      ┆    6.
#16 174.1  │ │ 79 KiB │
#16 174.1  │ │ │ readline                                          ┆                                      ┆ 8.3          ┆ h853b02a_0           ┆ conda-forge      ┆  336.
#16 174.1  │ │ 99 KiB │
#16 174.1  │ │ │ rhash                                             ┆                                      ┆ 1.4.6        ┆ hb9d3cd8_1           ┆ conda-forge      ┆  189.
#16 174.1  │ │ 23 KiB │
#16 174.1  │ │ │ ros-kilted-action-msgs                            ┆                                      ┆ 2.3.1        ┆ np2py312h2ed9cc7_17  ┆ robostack-kilted ┆  150.
#16 174.1  │ │ 07 KiB │
#16 174.1  │ │ │ ros-kilted-ament-cmake-copyright                  ┆                                      ┆ 0.19.2       ┆ np2py312h2ed9cc7_17  ┆ robostack-kilted ┆   22.
#16 174.1  │ │ 14 KiB │
#16 174.1  │ │ │ ros-kilted-ament-cmake-core                       ┆                                      ┆ 2.7.5        ┆ np2py312h2ed9cc7_17  ┆ robostack-kilted ┆   43.
#16 174.1  │ │ 98 KiB │
#16 174.1  │ │ │ ros-kilted-ament-cmake-cppcheck                   ┆                                      ┆ 0.19.2       ┆ np2py312h2ed9cc7_17  ┆ robostack-kilted ┆   23.
#16 174.1  │ │ 89 KiB │
#16 174.1  │ │ │ ros-kilted-ament-cmake-cpplint                    ┆                                      ┆ 0.19.2       ┆ np2py312h2ed9cc7_17  ┆ robostack-kilted ┆   22.
#16 174.1  │ │ 76 KiB │
#16 174.1  │ │ │ ros-kilted-ament-cmake-export-definitions         ┆                                      ┆ 2.7.5        ┆ np2py312h2ed9cc7_17  ┆ robostack-kilted ┆   21.
#16 174.1  │ │ 48 KiB │
#16 174.1  │ │ │ ros-kilted-ament-cmake-export-dependencies        ┆                                      ┆ 2.7.5        ┆ np2py312h2ed9cc7_17  ┆ robostack-kilted ┆   22.
#16 174.1  │ │ 41 KiB │
#16 174.1  │ │ │ ros-kilted-ament-cmake-export-include-directories ┆                                      ┆ 2.7.5        ┆ np2py312h2ed9cc7_17  ┆ robostack-kilted ┆   21.
#16 174.1  │ │ 91 KiB │
#16 174.1  │ │ │ ros-kilted-ament-cmake-export-interfaces          ┆                                      ┆ 2.7.5        ┆ np2py312h2ed9cc7_17  ┆ robostack-kilted ┆   22.
#16 174.1  │ │ 11 KiB │
#16 174.1  │ │ │ ros-kilted-ament-cmake-export-libraries           ┆                                      ┆ 2.7.5        ┆ np2py312h2ed9cc7_17  ┆ robostack-kilted ┆   23.
#16 174.1  │ │ 39 KiB │
#16 174.1  │ │ │ ros-kilted-ament-cmake-export-link-flags          ┆                                      ┆ 2.7.5        ┆ np2py312h2ed9cc7_17  ┆ robostack-kilted ┆   21.
#16 174.1  │ │ 45 KiB │
#16 174.1  │ │ │ ros-kilted-ament-cmake-export-targets             ┆                                      ┆ 2.7.5        ┆ np2py312h2ed9cc7_17  ┆ robostack-kilted ┆   22.
#16 174.1  │ │ 26 KiB │
#16 174.1  │ │ │ ros-kilted-ament-cmake-flake8                     ┆                                      ┆ 0.19.2       ┆ np2py312h2ed9cc7_17  ┆ robostack-kilted ┆   23.
#16 174.1  │ │ 73 KiB │
#16 174.1  │ │ │ ros-kilted-ament-cmake-gen-version-h              ┆                                      ┆ 2.7.5        ┆ np2py312h2ed9cc7_17  ┆ robostack-kilted ┆   24.
#16 174.1  │ │ 16 KiB │
#16 174.1  │ │ │ ros-kilted-ament-cmake-include-directories        ┆                                      ┆ 2.7.5        ┆ np2py312h2ed9cc7_17  ┆ robostack-kilted ┆   21.
#16 174.1  │ │ 36 KiB │
#16 174.1  │ │ │ ros-kilted-ament-cmake-libraries                  ┆                                      ┆ 2.7.5        ┆ np2py312h2ed9cc7_17  ┆ robostack-kilted ┆   21.
#16 174.1  │ │ 06 KiB │
#16 174.1  │ │ │ ros-kilted-ament-cmake-lint-cmake                 ┆                                      ┆ 0.19.2       ┆ np2py312h2ed9cc7_17  ┆ robostack-kilted ┆   21.
#16 174.1  │ │ 80 KiB │
#16 174.1  │ │ │ ros-kilted-ament-cmake-pep257                     ┆                                      ┆ 0.19.2       ┆ np2py312h2ed9cc7_17  ┆ robostack-kilted ┆   22.
#16 174.1  │ │ 58 KiB │
#16 174.1  │ │ │ ros-kilted-ament-cmake-python                     ┆                                      ┆ 2.7.5        ┆ np2py312h2ed9cc7_17  ┆ robostack-kilted ┆   23.
#16 174.1  │ │ 55 KiB │
#16 174.1  │ │ │ ros-kilted-ament-cmake-ros-core                   ┆                                      ┆ 0.14.7       ┆ np2py312h2ed9cc7_17  ┆ robostack-kilted ┆   26.
#16 174.1  │ │ 39 KiB │
#16 174.1  │ │ │ ros-kilted-ament-cmake-target-dependencies        ┆                                      ┆ 2.7.5        ┆ np2py312h2ed9cc7_17  ┆ robostack-kilted ┆   23.
#16 174.1  │ │ 29 KiB │
#16 174.1  │ │ │ ros-kilted-ament-cmake-test                       ┆                                      ┆ 2.7.5        ┆ np2py312h2ed9cc7_17  ┆ robostack-kilted ┆   35.
#16 174.1  │ │ 17 KiB │
#16 174.1  │ │ │ ros-kilted-ament-cmake-uncrustify                 ┆                                      ┆ 0.19.2       ┆ np2py312h2ed9cc7_17  ┆ robostack-kilted ┆   23.
#16 174.1  │ │ 12 KiB │
#16 174.1  │ │ │ ros-kilted-ament-cmake-version                    ┆                                      ┆ 2.7.5        ┆ np2py312h2ed9cc7_17  ┆ robostack-kilted ┆   21.
#16 174.1  │ │ 24 KiB │
#16 174.1  │ │ │ ros-kilted-ament-cmake-xmllint                    ┆                                      ┆ 0.19.2       ┆ np2py312h2ed9cc7_17  ┆ robostack-kilted ┆   22.
#16 174.1  │ │ 58 KiB │
#16 174.1  │ │ │ ros-kilted-ament-copyright                        ┆                                      ┆ 0.19.2       ┆ np2py312h2ed9cc7_17  ┆ robostack-kilted ┆   64.
#16 174.1  │ │ 93 KiB │
#16 174.1  │ │ │ ros-kilted-ament-cppcheck                         ┆                                      ┆ 0.19.2       ┆ np2py312h2ed9cc7_17  ┆ robostack-kilted ┆   29.
#16 174.1  │ │ 34 KiB │
#16 174.1  │ │ │ ros-kilted-ament-cpplint                          ┆                                      ┆ 0.19.2       ┆ np2py312h2ed9cc7_17  ┆ robostack-kilted ┆  165.
#16 174.1  │ │ 26 KiB │
#16 174.1  │ │ │ ros-kilted-ament-flake8                           ┆                                      ┆ 0.19.2       ┆ np2py312h2ed9cc7_17  ┆ robostack-kilted ┆   27.
#16 174.1  │ │ 55 KiB │
#16 174.1  │ │ │ ros-kilted-ament-index-python                     ┆                                      ┆ 1.11.3       ┆ np2py312h2ed9cc7_17  ┆ robostack-kilted ┆   29.
#16 174.1  │ │ 79 KiB │
#16 174.1  │ │ │ ros-kilted-ament-lint                             ┆                                      ┆ 0.19.2       ┆ np2py312h2ed9cc7_17  ┆ robostack-kilted ┆   17.
#16 174.1  │ │ 04 KiB │
#16 174.1  │ │ │ ros-kilted-ament-lint-cmake                       ┆                                      ┆ 0.19.2       ┆ np2py312h2ed9cc7_17  ┆ robostack-kilted ┆   38.
#16 174.1  │ │ 71 KiB │
#16 174.1  │ │ │ ros-kilted-ament-package                          ┆                                      ┆ 0.17.2       ┆ np2py312h2ed9cc7_17  ┆ robostack-kilted ┆   41.
#16 174.1  │ │ 83 KiB │
#16 174.1  │ │ │ ros-kilted-ament-pep257                           ┆                                      ┆ 0.19.2       ┆ np2py312h2ed9cc7_17  ┆ robostack-kilted ┆   26.
#16 174.1  │ │ 22 KiB │
#16 174.1  │ │ │ ros-kilted-ament-uncrustify                       ┆                                      ┆ 0.19.2       ┆ np2py312h2ed9cc7_17  ┆ robostack-kilted ┆   66.
#16 174.1  │ │ 74 KiB │
#16 174.1  │ │ │ ros-kilted-ament-xmllint                          ┆                                      ┆ 0.19.2       ┆ np2py312h2ed9cc7_17  ┆ robostack-kilted ┆   27.
#16 174.1  │ │ 28 KiB │
#16 174.1  │ │ │ ros-kilted-builtin-interfaces                     ┆                                      ┆ 2.3.1        ┆ np2py312h2ed9cc7_17  ┆ robostack-kilted ┆   78.
#16 174.1  │ │ 56 KiB │
#16 174.1  │ │ │ ros-kilted-fastcdr                                ┆                                      ┆ 2.3.5        ┆ np2py312h2ed9cc7_17  ┆ robostack-kilted ┆   87.
#16 174.1  │ │ 44 KiB │
#16 174.1  │ │ │ ros-kilted-rcpputils                              ┆                                      ┆ 2.13.5       ┆ np2py312h2ed9cc7_17  ┆ robostack-kilted ┆   79.
#16 174.1  │ │ 27 KiB │
#16 174.1  │ │ │ ros-kilted-rcutils                                ┆                                      ┆ 6.9.10       ┆ np2py312h2ed9cc7_17  ┆ robostack-kilted ┆  121.
#16 174.1  │ │ 88 KiB │
#16 174.1  │ │ │ ros-kilted-rmw                                    ┆                                      ┆ 7.8.2        ┆ np2py312h2ed9cc7_17  ┆ robostack-kilted ┆   94.
#16 174.1  │ │ 45 KiB │
#16 174.1  │ │ │ ros-kilted-ros-environment                        ┆                                      ┆ 4.3.1        ┆ np2py312h2ed9cc7_17  ┆ robostack-kilted ┆   20.
#16 174.1  │ │ 85 KiB │
#16 174.1  │ │ │ ros-kilted-rosidl-adapter                         ┆                                      ┆ 4.9.6        ┆ np2py312h2ed9cc7_17  ┆ robostack-kilted ┆   66.
#16 174.1  │ │ 46 KiB │
#16 174.1  │ │ │ ros-kilted-rosidl-cli                             ┆                                      ┆ 4.9.6        ┆ np2py312h2ed9cc7_17  ┆ robostack-kilted ┆   45.
#16 174.1  │ │ 24 KiB │
#16 174.1  │ │ │ ros-kilted-rosidl-cmake                           ┆                                      ┆ 4.9.6        ┆ np2py312h2ed9cc7_17  ┆ robostack-kilted ┆   35.
#16 174.1  │ │ 50 KiB │
#16 174.1  │ │ │ ros-kilted-rosidl-core-generators                 ┆                                      ┆ 0.3.2        ┆ np2py312h2ed9cc7_17  ┆ robostack-kilted ┆   30.
#16 174.1  │ │ 27 KiB │
#16 174.1  │ │ │ ros-kilted-rosidl-core-runtime                    ┆                                      ┆ 0.3.2        ┆ np2py312h2ed9cc7_17  ┆ robostack-kilted ┆   29.
#16 174.1  │ │ 33 KiB │
#16 174.1  │ │ │ ros-kilted-rosidl-dynamic-typesupport             ┆                                      ┆ 0.3.1        ┆ np2py312h2ed9cc7_17  ┆ robostack-kilted ┆   59.
#16 174.1  │ │ 43 KiB │
#16 174.1  │ │ │ ros-kilted-rosidl-generator-c                     ┆                                      ┆ 4.9.6        ┆ np2py312h2ed9cc7_17  ┆ robostack-kilted ┆   50.
#16 174.1  │ │ 87 KiB │
#16 174.1  │ │ │ ros-kilted-rosidl-generator-cpp                   ┆                                      ┆ 4.9.6        ┆ np2py312h2ed9cc7_17  ┆ robostack-kilted ┆   49.
#16 174.1  │ │ 20 KiB │
#16 174.1  │ │ │ ros-kilted-rosidl-generator-py                    ┆                                      ┆ 0.24.2       ┆ np2py312h2ed9cc7_17  ┆ robostack-kilted ┆   58.
#16 174.1  │ │ 46 KiB │
#16 174.1  │ │ │ ros-kilted-rosidl-generator-rs                    ┆                                      ┆ 0.4.11       ┆ np2py312h2ed9cc7_17  ┆ robostack-kilted ┆   47.
#16 174.1  │ │ 05 KiB │
#16 174.1  │ │ │ ros-kilted-rosidl-generator-type-description      ┆                                      ┆ 4.9.6        ┆ np2py312h2ed9cc7_17  ┆ robostack-kilted ┆   45.
#16 174.1  │ │ 90 KiB │
#16 174.1  │ │ │ ros-kilted-rosidl-parser                          ┆                                      ┆ 4.9.6        ┆ np2py312h2ed9cc7_17  ┆ robostack-kilted ┆   64.
#16 174.1  │ │ 65 KiB │
#16 174.1  │ │ │ ros-kilted-rosidl-pycommon                        ┆                                      ┆ 4.9.6        ┆ np2py312h2ed9cc7_17  ┆ robostack-kilted ┆   26.
#16 174.1  │ │ 21 KiB │
#16 174.1  │ │ │ ros-kilted-rosidl-runtime-c                       ┆                                      ┆ 4.9.6        ┆ np2py312h2ed9cc7_17  ┆ robostack-kilted ┆   80.
#16 174.1  │ │ 85 KiB │
#16 174.1  │ │ │ ros-kilted-rosidl-runtime-cpp                     ┆                                      ┆ 4.9.6        ┆ np2py312h2ed9cc7_17  ┆ robostack-kilted ┆   40.
#16 174.1  │ │ 18 KiB │
#16 174.1  │ │ │ ros-kilted-rosidl-typesupport-c                   ┆                                      ┆ 3.3.3        ┆ np2py312h2ed9cc7_17  ┆ robostack-kilted ┆   49.
#16 174.1  │ │ 61 KiB │
#16 174.1  │ │ │ ros-kilted-rosidl-typesupport-cpp                 ┆                                      ┆ 3.3.3        ┆ np2py312h2ed9cc7_17  ┆ robostack-kilted ┆   48.
#16 174.1  │ │ 76 KiB │
#16 174.1  │ │ │ ros-kilted-rosidl-typesupport-fastrtps-c          ┆                                      ┆ 3.8.2        ┆ np2py312h2ed9cc7_17  ┆ robostack-kilted ┆   50.
#16 174.1  │ │ 31 KiB │
#16 174.1  │ │ │ ros-kilted-rosidl-typesupport-fastrtps-cpp        ┆                                      ┆ 3.8.2        ┆ np2py312h2ed9cc7_17  ┆ robostack-kilted ┆   52.
#16 174.1  │ │ 32 KiB │
#16 174.1  │ │ │ ros-kilted-rosidl-typesupport-interface           ┆                                      ┆ 4.9.6        ┆ np2py312h2ed9cc7_17  ┆ robostack-kilted ┆   28.
#16 174.1  │ │ 82 KiB │
#16 174.1  │ │ │ ros-kilted-rosidl-typesupport-introspection-c     ┆                                      ┆ 4.9.6        ┆ np2py312h2ed9cc7_17  ┆ robostack-kilted ┆   45.
#16 174.1  │ │ 99 KiB │
#16 174.1  │ │ │ ros-kilted-rosidl-typesupport-introspection-cpp   ┆                                      ┆ 4.9.6        ┆ np2py312h2ed9cc7_17  ┆ robostack-kilted ┆   46.
#16 174.1  │ │ 24 KiB │
#16 174.1  │ │ │ ros-kilted-rpyutils                               ┆                                      ┆ 0.6.3        ┆ np2py312h2ed9cc7_17  ┆ robostack-kilted ┆   26.
#16 174.1  │ │ 66 KiB │
#16 174.1  │ │ │ ros-kilted-service-msgs                           ┆                                      ┆ 2.3.1        ┆ np2py312h2ed9cc7_17  ┆ robostack-kilted ┆   78.
#16 174.1  │ │ 16 KiB │
#16 174.1  │ │ │ ros-kilted-uncrustify-vendor                      ┆                                      ┆ 3.1.0        ┆ np2py312h2ed9cc7_17  ┆ robostack-kilted ┆   22.
#16 174.1  │ │ 64 KiB │
#16 174.1  │ │ │ ros-kilted-unique-identifier-msgs                 ┆                                      ┆ 2.7.0        ┆ np2py312h2ed9cc7_17  ┆ robostack-kilted ┆   72.
#16 174.1  │ │ 52 KiB │
#16 174.1  │ │ │ ros2-distro-mutex                                 ┆                                      ┆ 0.14.0       ┆ kilted_17            ┆ robostack-kilted ┆    2.
#16 174.1  │ │ 32 KiB │
#16 174.1  │ │ │ six                                               ┆                                      ┆ 1.17.0       ┆ pyhe01879c_1         ┆ conda-forge      ┆   18.
#16 174.1  │ │ 02 KiB │
#16 174.1  │ │ │ snowballstemmer                                   ┆                                      ┆ 3.0.1        ┆ pyhd8ed1ab_0         ┆ conda-forge      ┆   71.
#16 174.1  │ │ 30 KiB │
#16 174.1  │ │ │ sysroot_linux-64                                  ┆                                      ┆ 2.28         ┆ h4ee821c_9           ┆ conda-forge      ┆   22.
#16 174.1  │ │ 90 MiB │
#16 174.1  │ │ │ tinyxml2                                          ┆                                      ┆ 11.0.0       ┆ h3f2d84a_0           ┆ conda-forge      ┆  128.
#16 174.1  │ │ 27 KiB │
#16 174.1  │ │ │ tk                                                ┆                                      ┆ 8.6.13       ┆ noxft_h366c992_103   ┆ conda-forge      ┆    3.
#16 174.1  │ │ 15 MiB │
#16 174.1  │ │ │ tomli                                             ┆                                      ┆ 2.4.1        ┆ pyhcf101f3_0         ┆ conda-forge      ┆   21.
#16 174.1  │ │ 06 KiB │
#16 174.1  │ │ │ tzdata                                            ┆                                      ┆ 2025c        ┆ hc9c84f9_1           ┆ conda-forge      ┆  116.
#16 174.1  │ │ 34 KiB │
#16 174.1  │ │ │ uncrustify                                        ┆                                      ┆ 0.81.0       ┆ h54a6638_2           ┆ conda-forge      ┆  707.
#16 174.1  │ │ 61 KiB │
#16 174.1  │ │ │ zipp                                              ┆                                      ┆ 3.23.1       ┆ pyhcf101f3_0         ┆ conda-forge      ┆   23.
#16 174.1  │ │ 89 KiB │
#16 174.1  │ │ │ zstd                                              ┆                                      ┆ 1.5.7        ┆ hb78ec9c_6           ┆ conda-forge      ┆  587.
#16 174.1  │ │ 28 KiB │
#16 174.1  │ │ ╰───────────────────────────────────────────────────┴──────────────────────────────────────┴──────────────┴──────────────────────┴──────────────────┴──────
#16 174.1  │ │ ───────╯
#16 174.1  │ │ Resolved host dependencies(ros-kilted-aic-task-interfaces-0.0.1-hb0f4dca_0):
#16 174.1  │ │ ╭───────────────────────────────────────────────────┬──────────────────────────────────────────────┬──────────────┬──────────────────────┬─────────────────
#16 174.1  │ │ ─┬─────────────╮
#16 174.1  │ │ │ Package                                           ┆ Spec                                         ┆ Version      ┆ Build                ┆ Channel         
#16 174.1  │ │  ┆        Size │
#16 174.1  │ │ ╞═══════════════════════════════════════════════════╪══════════════════════════════════════════════╪══════════════╪══════════════════════╪═════════════════
#16 174.1  │ │ ═╪═════════════╡
#16 174.1  │ │ │ libgcc                                            ┆ libgcc >=15 (RE of [build: gcc_linux-64])    ┆ 15.2.0       ┆ he0feb66_18          ┆ conda-forge     
#16 174.1  │ │  ┆ 1017.37 KiB │
#16 174.1  │ │ │ libstdcxx                                         ┆ libstdcxx >=15 (RE of [build: gxx_linux-64]) ┆ 15.2.0       ┆ h934c35e_18          ┆ conda-forge     
#16 174.1  │ │  ┆    5.58 MiB │
#16 174.1  │ │ │ numpy                                             ┆ numpy                                        ┆ 2.4.3        ┆ py312h33ff503_0      ┆ conda-forge     
#16 174.1  │ │  ┆    8.35 MiB │
#16 174.1  │ │ │ pip                                               ┆ pip                                          ┆ 26.0.1       ┆ pyh8b19718_0         ┆ conda-forge     
#16 174.1  │ │  ┆    1.13 MiB │
#16 174.1  │ │ │ pkg-config                                        ┆ pkg-config                                   ┆ 0.29.2       ┆ h4bc722e_1009        ┆ conda-forge     
#16 174.1  │ │  ┆  112.48 KiB │
#16 174.1  │ │ │ python                                            ┆ python                                       ┆ 3.12.13      ┆ hd63d673_0_cpython   ┆ conda-forge     
#16 174.1  │ │  ┆   30.14 MiB │
#16 174.1  │ │ │ ros-kilted-ament-cmake                            ┆ ros-kilted-ament-cmake                       ┆ 2.7.5        ┆ np2py312h2ed9cc7_17  ┆ robostack-kilted
#16 174.1  │ │  ┆   22.73 KiB │
#16 174.1  │ │ │ ros-kilted-ament-lint-auto                        ┆ ros-kilted-ament-lint-auto                   ┆ 0.19.2       ┆ np2py312h2ed9cc7_17  ┆ robostack-kilted
#16 174.1  │ │  ┆   21.47 KiB │
#16 174.1  │ │ │ ros-kilted-ament-lint-common                      ┆ ros-kilted-ament-lint-common                 ┆ 0.19.2       ┆ np2py312h2ed9cc7_17  ┆ robostack-kilted
#16 174.1  │ │  ┆   21.79 KiB │
#16 174.1  │ │ │ ros-kilted-ros-workspace                          ┆ ros-kilted-ros-workspace                     ┆ 1.0.3        ┆ np2py312h2ed9cc7_17  ┆ robostack-kilted
#16 174.1  │ │  ┆   34.44 KiB │
#16 174.1  │ │ │ ros-kilted-rosidl-default-generators              ┆ ros-kilted-rosidl-default-generators         ┆ 1.7.2        ┆ np2py312h2ed9cc7_17  ┆ robostack-kilted
#16 174.1  │ │  ┆   30.46 KiB │
#16 174.1  │ │ │ ros2-distro-mutex                                 ┆ ros2-distro-mutex                            ┆ 0.14.0       ┆ kilted_17            ┆ robostack-kilted
#16 174.1  │ │  ┆    2.32 KiB │
#16 174.1  │ │ │ _openmp_mutex                                     ┆                                              ┆ 4.5          ┆ 20_gnu               ┆ conda-forge     
#16 174.1  │ │  ┆   28.27 KiB │
#16 174.1  │ │ │ argcomplete                                       ┆                                              ┆ 3.6.3        ┆ pyhd8ed1ab_0         ┆ conda-forge     
#16 174.1  │ │  ┆   41.39 KiB │
#16 174.1  │ │ │ bzip2                                             ┆                                              ┆ 1.0.8        ┆ hda65f42_9           ┆ conda-forge     
#16 174.1  │ │  ┆  254.08 KiB │
#16 174.1  │ │ │ c-ares                                            ┆                                              ┆ 1.34.6       ┆ hb03c661_0           ┆ conda-forge     
#16 174.1  │ │  ┆  203.01 KiB │
#16 174.1  │ │ │ ca-certificates                                   ┆                                              ┆ 2026.4.22    ┆ hbd8a1cb_0           ┆ conda-forge     
#16 174.1  │ │  ┆  127.97 KiB │
#16 174.1  │ │ │ catkin_pkg                                        ┆                                              ┆ 1.1.0        ┆ pyhd8ed1ab_0         ┆ conda-forge     
#16 174.1  │ │  ┆   52.84 KiB │
#16 174.1  │ │ │ cmake                                             ┆                                              ┆ 4.3.2        ┆ hc85cc9f_0           ┆ conda-forge     
#16 174.1  │ │  ┆   22.01 MiB │
#16 174.1  │ │ │ cppcheck                                          ┆                                              ┆ 2.20.1       ┆ py312h014360a_0      ┆ conda-forge     
#16 174.1  │ │  ┆    2.96 MiB │
#16 174.1  │ │ │ docutils                                          ┆                                              ┆ 0.22.4       ┆ pyhd8ed1ab_0         ┆ conda-forge     
#16 174.1  │ │  ┆  427.74 KiB │
#16 174.1  │ │ │ empy                                              ┆                                              ┆ 3.3.4        ┆ pyh9f0ad1d_1         ┆ conda-forge     
#16 174.1  │ │  ┆   39.27 KiB │
#16 174.1  │ │ │ flake8                                            ┆                                              ┆ 7.3.0        ┆ pyhd8ed1ab_0         ┆ conda-forge     
#16 174.1  │ │  ┆  109.29 KiB │
#16 174.1  │ │ │ flake8-builtins                                   ┆                                              ┆ 3.1.0        ┆ pyhd8ed1ab_0         ┆ conda-forge     
#16 174.1  │ │  ┆   19.04 KiB │
#16 174.1  │ │ │ flake8-comprehensions                             ┆                                              ┆ 3.17.0       ┆ pyhd8ed1ab_0         ┆ conda-forge     
#16 174.1  │ │  ┆   13.72 KiB │
#16 174.1  │ │ │ flake8-docstrings                                 ┆                                              ┆ 1.7.0        ┆ pyhd8ed1ab_0         ┆ conda-forge     
#16 174.1  │ │  ┆   10.15 KiB │
#16 174.1  │ │ │ flake8-import-order                               ┆                                              ┆ 0.19.2       ┆ pyhd8ed1ab_0         ┆ conda-forge     
#16 174.1  │ │  ┆   20.55 KiB │
#16 174.1  │ │ │ flake8-quotes                                     ┆                                              ┆ 3.4.0        ┆ pyhd8ed1ab_1         ┆ conda-forge     
#16 174.1  │ │  ┆   14.43 KiB │
#16 174.1  │ │ │ icu                                               ┆                                              ┆ 78.3         ┆ h33c6efd_0           ┆ conda-forge     
#16 174.1  │ │  ┆   12.13 MiB │
#16 174.1  │ │ │ importlib-metadata                                ┆                                              ┆ 8.8.0        ┆ pyhcf101f3_0         ┆ conda-forge     
#16 174.1  │ │  ┆   33.58 KiB │
#16 174.1  │ │ │ importlib_resources                               ┆                                              ┆ 7.1.0        ┆ pyhd8ed1ab_0         ┆ conda-forge     
#16 174.1  │ │  ┆   33.99 KiB │
#16 174.1  │ │ │ keyutils                                          ┆                                              ┆ 1.6.3        ┆ hb9d3cd8_0           ┆ conda-forge     
#16 174.1  │ │  ┆  130.95 KiB │
#16 174.1  │ │ │ krb5                                              ┆                                              ┆ 1.22.2       ┆ ha1258a1_0           ┆ conda-forge     
#16 174.1  │ │  ┆    1.32 MiB │
#16 174.1  │ │ │ lark-parser                                       ┆                                              ┆ 0.12.0       ┆ pyhd8ed1ab_1         ┆ conda-forge     
#16 174.1  │ │  ┆   84.12 KiB │
#16 174.1  │ │ │ ld_impl_linux-64                                  ┆                                              ┆ 2.45.1       ┆ default_hbd61a6d_102 ┆ conda-forge     
#16 174.1  │ │  ┆  710.94 KiB │
#16 174.1  │ │ │ libblas                                           ┆                                              ┆ 3.11.0       ┆ 6_h4a7cf45_openblas  ┆ conda-forge     
#16 174.1  │ │  ┆   18.18 KiB │
#16 174.1  │ │ │ libcblas                                          ┆                                              ┆ 3.11.0       ┆ 6_h0358290_openblas  ┆ conda-forge     
#16 174.1  │ │  ┆   18.19 KiB │
#16 174.1  │ │ │ libcurl                                           ┆                                              ┆ 8.19.0       ┆ hcf29cc6_0           ┆ conda-forge     
#16 174.1  │ │  ┆  455.77 KiB │
#16 174.1  │ │ │ libedit                                           ┆                                              ┆ 3.1.20250104 ┆ pl5321h7949ede_0     ┆ conda-forge     
#16 174.1  │ │  ┆  131.52 KiB │
#16 174.1  │ │ │ libev                                             ┆                                              ┆ 4.33         ┆ hd590300_2           ┆ conda-forge     
#16 174.1  │ │  ┆  110.12 KiB │
#16 174.1  │ │ │ libexpat                                          ┆                                              ┆ 2.7.5        ┆ hecca717_0           ┆ conda-forge     
#16 174.1  │ │  ┆   74.83 KiB │
#16 174.1  │ │ │ libffi                                            ┆                                              ┆ 3.5.2        ┆ h3435931_0           ┆ conda-forge     
#16 174.1  │ │  ┆   57.22 KiB │
#16 174.1  │ │ │ libgcc-ng                                         ┆                                              ┆ 15.2.0       ┆ h69a702a_18          ┆ conda-forge     
#16 174.1  │ │  ┆   26.88 KiB │
#16 174.1  │ │ │ libgfortran                                       ┆                                              ┆ 15.2.0       ┆ h69a702a_18          ┆ conda-forge     
#16 174.1  │ │  ┆   26.88 KiB │
#16 174.1  │ │ │ libgfortran5                                      ┆                                              ┆ 15.2.0       ┆ h68bc16d_18          ┆ conda-forge     
#16 174.1  │ │  ┆    2.37 MiB │
#16 174.1  │ │ │ libgomp                                           ┆                                              ┆ 15.2.0       ┆ he0feb66_18          ┆ conda-forge     
#16 174.1  │ │  ┆  589.12 KiB │
#16 174.1  │ │ │ libiconv                                          ┆                                              ┆ 1.18         ┆ h3b78370_2           ┆ conda-forge     
#16 174.1  │ │  ┆  771.66 KiB │
#16 174.1  │ │ │ liblapack                                         ┆                                              ┆ 3.11.0       ┆ 6_h47877c9_openblas  ┆ conda-forge     
#16 174.1  │ │  ┆   18.19 KiB │
#16 174.1  │ │ │ liblzma                                           ┆                                              ┆ 5.8.3        ┆ hb03c661_0           ┆ conda-forge     
#16 174.1  │ │  ┆  110.82 KiB │
#16 174.1  │ │ │ libnghttp2                                        ┆                                              ┆ 1.68.1       ┆ h877daf1_0           ┆ conda-forge     
#16 174.1  │ │  ┆  647.80 KiB │
#16 174.1  │ │ │ libnsl                                            ┆                                              ┆ 2.0.1        ┆ hb9d3cd8_1           ┆ conda-forge     
#16 174.1  │ │  ┆   32.94 KiB │
#16 174.1  │ │ │ libopenblas                                       ┆                                              ┆ 0.3.32       ┆ pthreads_h94d23a6_0  ┆ conda-forge     
#16 174.1  │ │  ┆    5.65 MiB │
#16 174.1  │ │ │ libsqlite                                         ┆                                              ┆ 3.53.0       ┆ hf4e2dac_0           ┆ conda-forge     
#16 174.1  │ │  ┆  936.39 KiB │
#16 174.1  │ │ │ libssh2                                           ┆                                              ┆ 1.11.1       ┆ hcf80075_0           ┆ conda-forge     
#16 174.1  │ │  ┆  297.65 KiB │
#16 174.1  │ │ │ libstdcxx-ng                                      ┆                                              ┆ 15.2.0       ┆ hdf11a46_18          ┆ conda-forge     
#16 174.1  │ │  ┆   26.93 KiB │
#16 174.1  │ │ │ libuuid                                           ┆                                              ┆ 2.42         ┆ h5347b49_0           ┆ conda-forge     
#16 174.1  │ │  ┆   39.35 KiB │
#16 174.1  │ │ │ libuv                                             ┆                                              ┆ 1.51.0       ┆ hb03c661_1           ┆ conda-forge     
#16 174.1  │ │  ┆  874.13 KiB │
#16 174.1  │ │ │ libxcrypt                                         ┆                                              ┆ 4.4.36       ┆ hd590300_1           ┆ conda-forge     
#16 174.1  │ │  ┆   98.04 KiB │
#16 174.1  │ │ │ libxml2                                           ┆                                              ┆ 2.15.3       ┆ h49c6c72_0           ┆ conda-forge     
#16 174.1  │ │  ┆   45.71 KiB │
#16 174.1  │ │ │ libxml2-16                                        ┆                                              ┆ 2.15.3       ┆ hca6bf5a_0           ┆ conda-forge     
#16 174.1  │ │  ┆  546.66 KiB │
#16 174.1  │ │ │ libzlib                                           ┆                                              ┆ 1.3.2        ┆ h25fd6f3_2           ┆ conda-forge     
#16 174.1  │ │  ┆   62.14 KiB │
#16 174.1  │ │ │ mccabe                                            ┆                                              ┆ 0.7.0        ┆ pyhd8ed1ab_1         ┆ conda-forge     
#16 174.1  │ │  ┆   12.63 KiB │
#16 174.1  │ │ │ ncurses                                           ┆                                              ┆ 6.6          ┆ hdb14827_0           ┆ conda-forge     
#16 174.1  │ │  ┆  897.42 KiB │
#16 174.1  │ │ │ openssl                                           ┆                                              ┆ 3.6.2        ┆ h35e630c_0           ┆ conda-forge     
#16 174.1  │ │  ┆    3.02 MiB │
#16 174.1  │ │ │ packaging                                         ┆                                              ┆ 26.2         ┆ pyhc364b38_0         ┆ conda-forge     
#16 174.1  │ │  ┆   89.43 KiB │
#16 174.1  │ │ │ pcre                                              ┆                                              ┆ 8.45         ┆ h9c3ff4c_0           ┆ conda-forge     
#16 174.1  │ │  ┆  253.30 KiB │
#16 174.1  │ │ │ pycodestyle                                       ┆                                              ┆ 2.14.0       ┆ pyhd8ed1ab_0         ┆ conda-forge     
#16 174.1  │ │  ┆   34.36 KiB │
#16 174.1  │ │ │ pydocstyle                                        ┆                                              ┆ 6.3.0        ┆ pyhd8ed1ab_1         ┆ conda-forge     
#16 174.1  │ │  ┆   39.29 KiB │
#16 174.1  │ │ │ pyflakes                                          ┆                                              ┆ 3.4.0        ┆ pyhd8ed1ab_0         ┆ conda-forge     
#16 174.1  │ │  ┆   58.20 KiB │
#16 174.1  │ │ │ pygments                                          ┆                                              ┆ 2.20.0       ┆ pyhd8ed1ab_0         ┆ conda-forge     
#16 174.1  │ │  ┆  872.10 KiB │
#16 174.1  │ │ │ pyparsing                                         ┆                                              ┆ 3.3.2        ┆ pyhcf101f3_0         ┆ conda-forge     
#16 174.1  │ │  ┆  108.29 KiB │
#16 174.1  │ │ │ python-dateutil                                   ┆                                              ┆ 2.9.0.post0  ┆ pyhe01879c_2         ┆ conda-forge     
#16 174.1  │ │  ┆  227.84 KiB │
#16 174.1  │ │ │ python_abi                                        ┆                                              ┆ 3.12         ┆ 8_cp312              ┆ conda-forge     
#16 174.1  │ │  ┆    6.79 KiB │
#16 174.1  │ │ │ readline                                          ┆                                              ┆ 8.3          ┆ h853b02a_0           ┆ conda-forge     
#16 174.1  │ │  ┆  336.99 KiB │
#16 174.1  │ │ │ rhash                                             ┆                                              ┆ 1.4.6        ┆ hb9d3cd8_1           ┆ conda-forge     
#16 174.1  │ │  ┆  189.23 KiB │
#16 174.1  │ │ │ ros-kilted-action-msgs                            ┆                                              ┆ 2.3.1        ┆ np2py312h2ed9cc7_17  ┆ robostack-kilted
#16 174.1  │ │  ┆  150.07 KiB │
#16 174.1  │ │ │ ros-kilted-ament-cmake-copyright                  ┆                                              ┆ 0.19.2       ┆ np2py312h2ed9cc7_17  ┆ robostack-kilted
#16 174.1  │ │  ┆   22.14 KiB │
#16 174.1  │ │ │ ros-kilted-ament-cmake-core                       ┆                                              ┆ 2.7.5        ┆ np2py312h2ed9cc7_17  ┆ robostack-kilted
#16 174.1  │ │  ┆   43.98 KiB │
#16 174.1  │ │ │ ros-kilted-ament-cmake-cppcheck                   ┆                                              ┆ 0.19.2       ┆ np2py312h2ed9cc7_17  ┆ robostack-kilted
#16 174.1  │ │  ┆   23.89 KiB │
#16 174.1  │ │ │ ros-kilted-ament-cmake-cpplint                    ┆                                              ┆ 0.19.2       ┆ np2py312h2ed9cc7_17  ┆ robostack-kilted
#16 174.1  │ │  ┆   22.76 KiB │
#16 174.1  │ │ │ ros-kilted-ament-cmake-export-definitions         ┆                                              ┆ 2.7.5        ┆ np2py312h2ed9cc7_17  ┆ robostack-kilted
#16 174.1  │ │  ┆   21.48 KiB │
#16 174.1  │ │ │ ros-kilted-ament-cmake-export-dependencies        ┆                                              ┆ 2.7.5        ┆ np2py312h2ed9cc7_17  ┆ robostack-kilted
#16 174.1  │ │  ┆   22.41 KiB │
#16 174.1  │ │ │ ros-kilted-ament-cmake-export-include-directories ┆                                              ┆ 2.7.5        ┆ np2py312h2ed9cc7_17  ┆ robostack-kilted
#16 174.1  │ │  ┆   21.91 KiB │
#16 174.1  │ │ │ ros-kilted-ament-cmake-export-interfaces          ┆                                              ┆ 2.7.5        ┆ np2py312h2ed9cc7_17  ┆ robostack-kilted
#16 174.1  │ │  ┆   22.11 KiB │
#16 174.1  │ │ │ ros-kilted-ament-cmake-export-libraries           ┆                                              ┆ 2.7.5        ┆ np2py312h2ed9cc7_17  ┆ robostack-kilted
#16 174.1  │ │  ┆   23.39 KiB │
#16 174.1  │ │ │ ros-kilted-ament-cmake-export-link-flags          ┆                                              ┆ 2.7.5        ┆ np2py312h2ed9cc7_17  ┆ robostack-kilted
#16 174.1  │ │  ┆   21.45 KiB │
#16 174.1  │ │ │ ros-kilted-ament-cmake-export-targets             ┆                                              ┆ 2.7.5        ┆ np2py312h2ed9cc7_17  ┆ robostack-kilted
#16 174.1  │ │  ┆   22.26 KiB │
#16 174.1  │ │ │ ros-kilted-ament-cmake-flake8                     ┆                                              ┆ 0.19.2       ┆ np2py312h2ed9cc7_17  ┆ robostack-kilted
#16 174.1  │ │  ┆   23.73 KiB │
#16 174.1  │ │ │ ros-kilted-ament-cmake-gen-version-h              ┆                                              ┆ 2.7.5        ┆ np2py312h2ed9cc7_17  ┆ robostack-kilted
#16 174.1  │ │  ┆   24.16 KiB │
#16 174.1  │ │ │ ros-kilted-ament-cmake-include-directories        ┆                                              ┆ 2.7.5        ┆ np2py312h2ed9cc7_17  ┆ robostack-kilted
#16 174.1  │ │  ┆   21.36 KiB │
#16 174.1  │ │ │ ros-kilted-ament-cmake-libraries                  ┆                                              ┆ 2.7.5        ┆ np2py312h2ed9cc7_17  ┆ robostack-kilted
#16 174.1  │ │  ┆   21.06 KiB │
#16 174.1  │ │ │ ros-kilted-ament-cmake-lint-cmake                 ┆                                              ┆ 0.19.2       ┆ np2py312h2ed9cc7_17  ┆ robostack-kilted
#16 174.1  │ │  ┆   21.80 KiB │
#16 174.1  │ │ │ ros-kilted-ament-cmake-pep257                     ┆                                              ┆ 0.19.2       ┆ np2py312h2ed9cc7_17  ┆ robostack-kilted
#16 174.1  │ │  ┆   22.58 KiB │
#16 174.1  │ │ │ ros-kilted-ament-cmake-python                     ┆                                              ┆ 2.7.5        ┆ np2py312h2ed9cc7_17  ┆ robostack-kilted
#16 174.1  │ │  ┆   23.55 KiB │
#16 174.1  │ │ │ ros-kilted-ament-cmake-ros-core                   ┆                                              ┆ 0.14.7       ┆ np2py312h2ed9cc7_17  ┆ robostack-kilted
#16 174.1  │ │  ┆   26.39 KiB │
#16 174.1  │ │ │ ros-kilted-ament-cmake-target-dependencies        ┆                                              ┆ 2.7.5        ┆ np2py312h2ed9cc7_17  ┆ robostack-kilted
#16 174.1  │ │  ┆   23.29 KiB │
#16 174.1  │ │ │ ros-kilted-ament-cmake-test                       ┆                                              ┆ 2.7.5        ┆ np2py312h2ed9cc7_17  ┆ robostack-kilted
#16 174.1  │ │  ┆   35.17 KiB │
#16 174.1  │ │ │ ros-kilted-ament-cmake-uncrustify                 ┆                                              ┆ 0.19.2       ┆ np2py312h2ed9cc7_17  ┆ robostack-kilted
#16 174.1  │ │  ┆   23.12 KiB │
#16 174.1  │ │ │ ros-kilted-ament-cmake-version                    ┆                                              ┆ 2.7.5        ┆ np2py312h2ed9cc7_17  ┆ robostack-kilted
#16 174.1  │ │  ┆   21.24 KiB │
#16 174.1  │ │ │ ros-kilted-ament-cmake-xmllint                    ┆                                              ┆ 0.19.2       ┆ np2py312h2ed9cc7_17  ┆ robostack-kilted
#16 174.1  │ │  ┆   22.58 KiB │
#16 174.1  │ │ │ ros-kilted-ament-copyright                        ┆                                              ┆ 0.19.2       ┆ np2py312h2ed9cc7_17  ┆ robostack-kilted
#16 174.1  │ │  ┆   64.93 KiB │
#16 174.1  │ │ │ ros-kilted-ament-cppcheck                         ┆                                              ┆ 0.19.2       ┆ np2py312h2ed9cc7_17  ┆ robostack-kilted
#16 174.1  │ │  ┆   29.34 KiB │
#16 174.1  │ │ │ ros-kilted-ament-cpplint                          ┆                                              ┆ 0.19.2       ┆ np2py312h2ed9cc7_17  ┆ robostack-kilted
#16 174.1  │ │  ┆  165.26 KiB │
#16 174.1  │ │ │ ros-kilted-ament-flake8                           ┆                                              ┆ 0.19.2       ┆ np2py312h2ed9cc7_17  ┆ robostack-kilted
#16 174.1  │ │  ┆   27.55 KiB │
#16 174.1  │ │ │ ros-kilted-ament-index-python                     ┆                                              ┆ 1.11.3       ┆ np2py312h2ed9cc7_17  ┆ robostack-kilted
#16 174.1  │ │  ┆   29.79 KiB │
#16 174.1  │ │ │ ros-kilted-ament-lint                             ┆                                              ┆ 0.19.2       ┆ np2py312h2ed9cc7_17  ┆ robostack-kilted
#16 174.1  │ │  ┆   17.04 KiB │
#16 174.1  │ │ │ ros-kilted-ament-lint-cmake                       ┆                                              ┆ 0.19.2       ┆ np2py312h2ed9cc7_17  ┆ robostack-kilted
#16 174.1  │ │  ┆   38.71 KiB │
#16 174.1  │ │ │ ros-kilted-ament-package                          ┆                                              ┆ 0.17.2       ┆ np2py312h2ed9cc7_17  ┆ robostack-kilted
#16 174.1  │ │  ┆   41.83 KiB │
#16 174.1  │ │ │ ros-kilted-ament-pep257                           ┆                                              ┆ 0.19.2       ┆ np2py312h2ed9cc7_17  ┆ robostack-kilted
#16 174.1  │ │  ┆   26.22 KiB │
#16 174.1  │ │ │ ros-kilted-ament-uncrustify                       ┆                                              ┆ 0.19.2       ┆ np2py312h2ed9cc7_17  ┆ robostack-kilted
#16 174.1  │ │  ┆   66.74 KiB │
#16 174.1  │ │ │ ros-kilted-ament-xmllint                          ┆                                              ┆ 0.19.2       ┆ np2py312h2ed9cc7_17  ┆ robostack-kilted
#16 174.1  │ │  ┆   27.28 KiB │
#16 174.1  │ │ │ ros-kilted-builtin-interfaces                     ┆                                              ┆ 2.3.1        ┆ np2py312h2ed9cc7_17  ┆ robostack-kilted
#16 174.1  │ │  ┆   78.56 KiB │
#16 174.1  │ │ │ ros-kilted-fastcdr                                ┆                                              ┆ 2.3.5        ┆ np2py312h2ed9cc7_17  ┆ robostack-kilted
#16 174.1  │ │  ┆   87.44 KiB │
#16 174.1  │ │ │ ros-kilted-rcpputils                              ┆                                              ┆ 2.13.5       ┆ np2py312h2ed9cc7_17  ┆ robostack-kilted
#16 174.1  │ │  ┆   79.27 KiB │
#16 174.1  │ │ │ ros-kilted-rcutils                                ┆                                              ┆ 6.9.10       ┆ np2py312h2ed9cc7_17  ┆ robostack-kilted
#16 174.1  │ │  ┆  121.88 KiB │
#16 174.1  │ │ │ ros-kilted-rmw                                    ┆                                              ┆ 7.8.2        ┆ np2py312h2ed9cc7_17  ┆ robostack-kilted
#16 174.1  │ │  ┆   94.45 KiB │
#16 174.1  │ │ │ ros-kilted-ros-environment                        ┆                                              ┆ 4.3.1        ┆ np2py312h2ed9cc7_17  ┆ robostack-kilted
#16 174.1  │ │  ┆   20.85 KiB │
#16 174.1  │ │ │ ros-kilted-rosidl-adapter                         ┆                                              ┆ 4.9.6        ┆ np2py312h2ed9cc7_17  ┆ robostack-kilted
#16 174.1  │ │  ┆   66.46 KiB │
#16 174.1  │ │ │ ros-kilted-rosidl-cli                             ┆                                              ┆ 4.9.6        ┆ np2py312h2ed9cc7_17  ┆ robostack-kilted
#16 174.1  │ │  ┆   45.24 KiB │
#16 174.1  │ │ │ ros-kilted-rosidl-cmake                           ┆                                              ┆ 4.9.6        ┆ np2py312h2ed9cc7_17  ┆ robostack-kilted
#16 174.1  │ │  ┆   35.50 KiB │
#16 174.1  │ │ │ ros-kilted-rosidl-core-generators                 ┆                                              ┆ 0.3.2        ┆ np2py312h2ed9cc7_17  ┆ robostack-kilted
#16 174.1  │ │  ┆   30.27 KiB │
#16 174.1  │ │ │ ros-kilted-rosidl-core-runtime                    ┆                                              ┆ 0.3.2        ┆ np2py312h2ed9cc7_17  ┆ robostack-kilted
#16 174.1  │ │  ┆   29.33 KiB │
#16 174.1  │ │ │ ros-kilted-rosidl-dynamic-typesupport             ┆                                              ┆ 0.3.1        ┆ np2py312h2ed9cc7_17  ┆ robostack-kilted
#16 174.1  │ │  ┆   59.43 KiB │
#16 174.1  │ │ │ ros-kilted-rosidl-generator-c                     ┆                                              ┆ 4.9.6        ┆ np2py312h2ed9cc7_17  ┆ robostack-kilted
#16 174.1  │ │  ┆   50.87 KiB │
#16 174.1  │ │ │ ros-kilted-rosidl-generator-cpp                   ┆                                              ┆ 4.9.6        ┆ np2py312h2ed9cc7_17  ┆ robostack-kilted
#16 174.1  │ │  ┆   49.20 KiB │
#16 174.1  │ │ │ ros-kilted-rosidl-generator-py                    ┆                                              ┆ 0.24.2       ┆ np2py312h2ed9cc7_17  ┆ robostack-kilted
#16 174.1  │ │  ┆   58.46 KiB │
#16 174.1  │ │ │ ros-kilted-rosidl-generator-rs                    ┆                                              ┆ 0.4.11       ┆ np2py312h2ed9cc7_17  ┆ robostack-kilted
#16 174.1  │ │  ┆   47.05 KiB │
#16 174.1  │ │ │ ros-kilted-rosidl-generator-type-description      ┆                                              ┆ 4.9.6        ┆ np2py312h2ed9cc7_17  ┆ robostack-kilted
#16 174.1  │ │  ┆   45.90 KiB │
#16 174.1  │ │ │ ros-kilted-rosidl-parser                          ┆                                              ┆ 4.9.6        ┆ np2py312h2ed9cc7_17  ┆ robostack-kilted
#16 174.1  │ │  ┆   64.65 KiB │
#16 174.1  │ │ │ ros-kilted-rosidl-pycommon                        ┆                                              ┆ 4.9.6        ┆ np2py312h2ed9cc7_17  ┆ robostack-kilted
#16 174.1  │ │  ┆   26.21 KiB │
#16 174.1  │ │ │ ros-kilted-rosidl-runtime-c                       ┆                                              ┆ 4.9.6        ┆ np2py312h2ed9cc7_17  ┆ robostack-kilted
#16 174.1  │ │  ┆   80.85 KiB │
#16 174.1  │ │ │ ros-kilted-rosidl-runtime-cpp                     ┆                                              ┆ 4.9.6        ┆ np2py312h2ed9cc7_17  ┆ robostack-kilted
#16 174.1  │ │  ┆   40.18 KiB │
#16 174.1  │ │ │ ros-kilted-rosidl-typesupport-c                   ┆                                              ┆ 3.3.3        ┆ np2py312h2ed9cc7_17  ┆ robostack-kilted
#16 174.1  │ │  ┆   49.61 KiB │
#16 174.1  │ │ │ ros-kilted-rosidl-typesupport-cpp                 ┆                                              ┆ 3.3.3        ┆ np2py312h2ed9cc7_17  ┆ robostack-kilted
#16 174.1  │ │  ┆   48.76 KiB │
#16 174.1  │ │ │ ros-kilted-rosidl-typesupport-fastrtps-c          ┆                                              ┆ 3.8.2        ┆ np2py312h2ed9cc7_17  ┆ robostack-kilted
#16 174.1  │ │  ┆   50.31 KiB │
#16 174.1  │ │ │ ros-kilted-rosidl-typesupport-fastrtps-cpp        ┆                                              ┆ 3.8.2        ┆ np2py312h2ed9cc7_17  ┆ robostack-kilted
#16 174.1  │ │  ┆   52.32 KiB │
#16 174.1  │ │ │ ros-kilted-rosidl-typesupport-interface           ┆                                              ┆ 4.9.6        ┆ np2py312h2ed9cc7_17  ┆ robostack-kilted
#16 174.1  │ │  ┆   28.82 KiB │
#16 174.1  │ │ │ ros-kilted-rosidl-typesupport-introspection-c     ┆                                              ┆ 4.9.6        ┆ np2py312h2ed9cc7_17  ┆ robostack-kilted
#16 174.1  │ │  ┆   45.99 KiB │
#16 174.1  │ │ │ ros-kilted-rosidl-typesupport-introspection-cpp   ┆                                              ┆ 4.9.6        ┆ np2py312h2ed9cc7_17  ┆ robostack-kilted
#16 174.1  │ │  ┆   46.24 KiB │
#16 174.1  │ │ │ ros-kilted-rpyutils                               ┆                                              ┆ 0.6.3        ┆ np2py312h2ed9cc7_17  ┆ robostack-kilted
#16 174.1  │ │  ┆   26.66 KiB │
#16 174.1  │ │ │ ros-kilted-service-msgs                           ┆                                              ┆ 2.3.1        ┆ np2py312h2ed9cc7_17  ┆ robostack-kilted
#16 174.1  │ │  ┆   78.16 KiB │
#16 174.1  │ │ │ ros-kilted-uncrustify-vendor                      ┆                                              ┆ 3.1.0        ┆ np2py312h2ed9cc7_17  ┆ robostack-kilted
#16 174.1  │ │  ┆   22.64 KiB │
#16 174.1  │ │ │ ros-kilted-unique-identifier-msgs                 ┆                                              ┆ 2.7.0        ┆ np2py312h2ed9cc7_17  ┆ robostack-kilted
#16 174.1  │ │  ┆   72.52 KiB │
#16 174.1  │ │ │ setuptools                                        ┆                                              ┆ 82.0.1       ┆ pyh332efcf_0         ┆ conda-forge     
#16 174.1  │ │  ┆  624.70 KiB │
#16 174.1  │ │ │ six                                               ┆                                              ┆ 1.17.0       ┆ pyhe01879c_1         ┆ conda-forge     
#16 174.1  │ │  ┆   18.02 KiB │
#16 174.1  │ │ │ snowballstemmer                                   ┆                                              ┆ 3.0.1        ┆ pyhd8ed1ab_0         ┆ conda-forge     
#16 174.1  │ │  ┆   71.30 KiB │
#16 174.1  │ │ │ tinyxml2                                          ┆                                              ┆ 11.0.0       ┆ h3f2d84a_0           ┆ conda-forge     
#16 174.1  │ │  ┆  128.27 KiB │
#16 174.1  │ │ │ tk                                                ┆                                              ┆ 8.6.13       ┆ noxft_h366c992_103   ┆ conda-forge     
#16 174.1  │ │  ┆    3.15 MiB │
#16 174.1  │ │ │ tomli                                             ┆                                              ┆ 2.4.1        ┆ pyhcf101f3_0         ┆ conda-forge     
#16 174.1  │ │  ┆   21.06 KiB │
#16 174.1  │ │ │ tzdata                                            ┆                                              ┆ 2025c        ┆ hc9c84f9_1           ┆ conda-forge     
#16 174.1  │ │  ┆  116.34 KiB │
#16 174.1  │ │ │ uncrustify                                        ┆                                              ┆ 0.81.0       ┆ h54a6638_2           ┆ conda-forge     
#16 174.1  │ │  ┆  707.61 KiB │
#16 174.1  │ │ │ wheel                                             ┆                                              ┆ 0.47.0       ┆ pyhd8ed1ab_0         ┆ conda-forge     
#16 174.1  │ │  ┆   32.71 KiB │
#16 174.1  │ │ │ zipp                                              ┆                                              ┆ 3.23.1       ┆ pyhcf101f3_0         ┆ conda-forge     
#16 174.1  │ │  ┆   23.89 KiB │
#16 174.1  │ │ │ zstd                                              ┆                                              ┆ 1.5.7        ┆ hb78ec9c_6           ┆ conda-forge     
#16 174.1  │ │  ┆  587.28 KiB │
#16 174.1  │ │ ╰───────────────────────────────────────────────────┴──────────────────────────────────────────────┴──────────────┴──────────────────────┴─────────────────
#16 174.1  │ │ ─┴─────────────╯
#16 174.1  │ │ Resolved run dependencies(ros-kilted-aic-task-interfaces-0.0.1-hb0f4dca_0):
#16 174.1  │ │ ╭───────────────────────────────────┬──────────────────────────────────────────────────────╮
#16 174.1  │ │ │ Name                              ┆ Spec                                                 │
#16 174.1  │ │ ╞═══════════════════════════════════╪══════════════════════════════════════════════════════╡
#16 174.1  │ │ │ Run dependencies                  ┆                                                      │
#16 174.1  │ │ │ libgcc                            ┆ >=15 (RE of [build: gcc_linux-64])                   │
#16 174.1  │ │ │                                   ┆ >=15 (RE of [build: gxx_linux-64])                   │
#16 174.1  │ │ │ libstdcxx                         ┆ >=15 (RE of [build: gxx_linux-64])                   │
#16 174.1  │ │ │ numpy                             ┆ >=1.23,<3 (RE of [host: numpy])                      │
#16 174.1  │ │ │ python_abi                        ┆ 3.12.* *_cp312 (RE of [host: python])                │
#16 174.1  │ │ │ ros-kilted-rosidl-default-runtime ┆ *                                                    │
#16 174.1  │ │ │ ros2-distro-mutex                 ┆ *                                                    │
#16 174.1  │ │ │                                   ┆ >=0.14.0,<0.15.0a0 (RE of [host: ros2-distro-mutex]) │
#16 174.1  │ │ ╰───────────────────────────────────┴──────────────────────────────────────────────────────╯
#16 174.1  │ │
#16 174.1  │ ╰─────────────────── (took 0 seconds)
#16 175.3  │
#16 175.3  │ ╭─ Running build script
#16 175.3  │ │ INFO: activate-binutils_linux-64.sh made the following environmental changes:
#16 175.3  │ │ +ADDR2LINE=x86_64-conda-linux-gnu-addr2line
#16 175.3  │ │ +AR=x86_64-conda-linux-gnu-ar
#16 175.3  │ │ +AS=x86_64-conda-linux-gnu-as
#16 175.3  │ │ +CXXFILT=x86_64-conda-linux-gnu-c++filt
#16 175.3  │ │ +ELFEDIT=x86_64-conda-linux-gnu-elfedit
#16 175.3  │ │ +GPROF=x86_64-conda-linux-gnu-gprof
#16 175.3  │ │ +LD=x86_64-conda-linux-gnu-ld
#16 175.3  │ │ +NM=x86_64-conda-linux-gnu-nm
#16 175.3  │ │ +OBJCOPY=x86_64-conda-linux-gnu-objcopy
#16 175.3  │ │ +OBJDUMP=x86_64-conda-linux-gnu-objdump
#16 175.3  │ │ +RANLIB=x86_64-conda-linux-gnu-ranlib
#16 175.3  │ │ +READELF=x86_64-conda-linux-gnu-readelf
#16 175.4  │ │ +SIZE=x86_64-conda-linux-gnu-size
#16 175.4  │ │ +STRINGS=x86_64-conda-linux-gnu-strings
#16 175.4  │ │ +STRIP=x86_64-conda-linux-gnu-strip
#16 175.4  │ │ INFO: activate-gcc_linux-64.sh made the following environmental changes:
#16 175.5  │ │ +BUILD=x86_64-conda-linux-gnu
#16 175.5  │ │ +CC=x86_64-conda-linux-gnu-cc
#16 175.5  │ │ +CC_FOR_BUILD=x86_64-conda-linux-gnu-cc
#16 175.5  │ │ +CFLAGS=-march=nocona -mtune=haswell -ftree-vectorize -fPIC -fstack-protector-strong -fno-plt -O2 -ffunction-sections -pipe -isystem $PREFIX/include -fdebu
#16 175.5  │ │ g-prefix-map=$SRC_DIR=/usr/local/src/conda/ros-kilted-aic-task-interfaces-0.0.1 -fdebug-prefix-map=$PREFIX=/usr/local/src/conda-prefix
#16 175.5  │ │ +CMAKE_ARGS=-DCMAKE_AR=$BUILD_PREFIX/bin/x86_64-conda-linux-gnu-ar -DCMAKE_CXX_COMPILER_AR=$BUILD_PREFIX/bin/x86_64-conda-linux-gnu-gcc-ar -DCMAKE_C_COMPIL
#16 175.5  │ │ ER_AR=$BUILD_PREFIX/bin/x86_64-conda-linux-gnu-gcc-ar -DCMAKE_RANLIB=$BUILD_PREFIX/bin/x86_64-conda-linux-gnu-ranlib -DCMAKE_CXX_COMPILER_RANLIB=$BUILD_PRE
#16 175.5  │ │ FIX/bin/x86_64-conda-linux-gnu-gcc-ranlib -DCMAKE_C_COMPILER_RANLIB=$BUILD_PREFIX/bin/x86_64-conda-linux-gnu-gcc-ranlib -DCMAKE_LINKER=$BUILD_PREFIX/bin/x8
#16 175.5  │ │ 6_64-conda-linux-gnu-ld -DCMAKE_STRIP=$BUILD_PREFIX/bin/x86_64-conda-linux-gnu-strip -DCMAKE_BUILD_TYPE=Release -DCMAKE_FIND_ROOT_PATH_MODE_PROGRAM=NEVER -
#16 175.5  │ │ DCMAKE_FIND_ROOT_PATH_MODE_LIBRARY=ONLY -DCMAKE_FIND_ROOT_PATH_MODE_INCLUDE=ONLY -DCMAKE_FIND_ROOT_PATH=$PREFIX;$BUILD_PREFIX/x86_64-conda-linux-gnu/sysroo
#16 175.5  │ │ t -DCMAKE_INSTALL_PREFIX=$PREFIX -DCMAKE_INSTALL_LIBDIR=lib -DCMAKE_PROGRAM_PATH=$BUILD_PREFIX/bin;$PREFIX/bin
#16 175.5  │ │ +CMAKE_PREFIX_PATH=$PREFIX:$BUILD_PREFIX/x86_64-conda-linux-gnu/sysroot/usr
#16 175.5  │ │ +CONDA_BUILD_CROSS_COMPILATION=
#16 175.5  │ │ +CONDA_BUILD_SYSROOT=$BUILD_PREFIX/x86_64-conda-linux-gnu/sysroot
#16 175.6  │ │ +CONDA_TOOLCHAIN_BUILD=x86_64-conda-linux-gnu
#16 175.6  │ │ +CONDA_TOOLCHAIN_HOST=x86_64-conda-linux-gnu
#16 175.6  │ │ +CPP=x86_64-conda-linux-gnu-cpp
#16 175.6  │ │ +CPPFLAGS=-DNDEBUG -D_FORTIFY_SOURCE=2 -O2 -isystem $PREFIX/include
#16 175.6  │ │ +CPP_FOR_BUILD=x86_64-conda-linux-gnu-cpp
#16 175.6  │ │ +DEBUG_CFLAGS=-march=nocona -mtune=haswell -ftree-vectorize -fPIC -fstack-protector-all -fno-plt -Og -g -Wall -Wextra -fvar-tracking-assignments -ffunction
#16 175.6  │ │ -sections -pipe -isystem $PREFIX/include -fdebug-prefix-map=$SRC_DIR=/usr/local/src/conda/ros-kilted-aic-task-interfaces-0.0.1 -fdebug-prefix-map=$PREFIX=/
#16 175.6  │ │ usr/local/src/conda-prefix
#16 175.6  │ │ +DEBUG_CPPFLAGS=-D_DEBUG -D_FORTIFY_SOURCE=2 -Og -isystem $PREFIX/include
#16 175.6  │ │ +GCC=x86_64-conda-linux-gnu-gcc
#16 175.6  │ │ +GCC_AR=x86_64-conda-linux-gnu-gcc-ar
#16 175.6  │ │ +GCC_NM=x86_64-conda-linux-gnu-gcc-nm
#16 175.6  │ │ +GCC_RANLIB=x86_64-conda-linux-gnu-gcc-ranlib
#16 175.6  │ │ +HOST=x86_64-conda-linux-gnu
#16 175.6  │ │ +LDFLAGS=-Wl,-O2 -Wl,--sort-common -Wl,--as-needed -Wl,-z,relro -Wl,-z,now -Wl,--disable-new-dtags -Wl,--gc-sections -Wl,--allow-shlib-undefined -Wl,-rpath
#16 175.6  │ │ ,$PREFIX/lib -Wl,-rpath-link,$PREFIX/lib -L$PREFIX/lib
#16 175.6  │ │ +LDFLAGS_LD=-O2 --sort-common --as-needed -z relro -z now --disable-new-dtags --gc-sections --allow-shlib-undefined -rpath $PREFIX/lib -rpath-link $PREFIX/
#16 175.6  │ │ lib -L$PREFIX/lib
#16 175.6  │ │ +MESON_ARGS=-Dbuildtype=release --prefix=$PREFIX -Dlibdir=lib
#16 175.6  │ │ +build_alias=x86_64-conda-linux-gnu
#16 175.6  │ │ +host_alias=x86_64-conda-linux-gnu
#16 175.6  │ │ -BUILD=x86_64-conda_cos6-linux-gnu
#16 175.6  │ │ -CONDA_BUILD_CROSS_COMPILATION=0
#16 175.7  │ │ INFO: activate-gxx_linux-64.sh made the following environmental changes:
#16 175.7  │ │ +CXX=x86_64-conda-linux-gnu-c++
#16 175.7  │ │ +CXXFLAGS=-fvisibility-inlines-hidden -fmessage-length=0 -march=nocona -mtune=haswell -ftree-vectorize -fPIC -fstack-protector-strong -fno-plt -O2 -ffuncti
#16 175.7  │ │ on-sections -pipe -isystem $PREFIX/include -fdebug-prefix-map=$SRC_DIR=/usr/local/src/conda/ros-kilted-aic-task-interfaces-0.0.1 -fdebug-prefix-map=$PREFIX
#16 175.7  │ │ =/usr/local/src/conda-prefix
#16 175.7  │ │ +CXX_FOR_BUILD=x86_64-conda-linux-gnu-c++
#16 175.7  │ │ +DEBUG_CXXFLAGS=-fvisibility-inlines-hidden -fmessage-length=0 -march=nocona -mtune=haswell -ftree-vectorize -fPIC -fstack-protector-all -fno-plt -Og -g -W
#16 175.7  │ │ all -Wextra -fvar-tracking-assignments -ffunction-sections -pipe -isystem $PREFIX/include -fdebug-prefix-map=$SRC_DIR=/usr/local/src/conda/ros-kilted-aic-t
#16 175.7  │ │ ask-interfaces-0.0.1 -fdebug-prefix-map=$PREFIX=/usr/local/src/conda-prefix
#16 175.7  │ │ +GXX=x86_64-conda-linux-gnu-g++
#16 175.8  │ │ $SRC_DIR/build $SRC_DIR
#16 175.8  │ │ USING PYTHON_EXECUTABLE=$PREFIX/bin/python
#16 175.9  │ │ USING PKG_CONFIG_EXECUTABLE=$PREFIX/bin/pkg-config
#16 175.9  │ │ Using Python 3
#16 175.9  │ │ Using PREFIX: $PREFIX
#16 175.9  │ │ Using SP_DIR: $PREFIX/lib/python3.12/site-packages
#16 175.9  │ │ Using CONDA_BUILD: 1
#16 175.9  │ │ Using CPU_COUNT: 8
#16 175.9  │ │ Using PY_VER: 3
#16 175.9  │ │ Using PYTHON: $PREFIX/bin/python
#16 175.9  │ │ Using STDLIB_DIR: $PREFIX/lib/python3.12
#16 175.9  │ │ Using ROS_PYTHON_VERSION: 3
#16 175.9  │ │ Using SRC_DIR: $SRC_DIR
#16 175.9  │ │ Using PYTHON_INSTALL_DIR: lib/python3.12/site-packages
#16 176.1  │ │ Ignoring COMPILE_WARNING_AS_ERROR target property and CMAKE_COMPILE_WARNING_AS_ERROR variable.
#16 176.1  │ │ [0mCMake Deprecation Warning at CMakeLists.txt:1 (cmake_minimum_required):
#16 176.1  │ │   Compatibility with CMake < 3.10 will be removed from a future version of
#16 176.1  │ │   CMake.
#16 176.1  │ │   Update the VERSION argument <min> value.  Or, use the <min>...<max> syntax
#16 176.1  │ │   to tell CMake that the project requires at least <min> but has been updated
#16 176.1  │ │   to work with policies introduced by <max> or earlier.
#16 176.1  │ │ [0m
#16 176.7  │ │ -- The C compiler identification is GNU 15.2.0
#16 177.3  │ │ -- The CXX compiler identification is GNU 15.2.0
#16 177.4  │ │ -- Detecting C compiler ABI info
#16 177.5  │ │ -- Detecting C compiler ABI info - done
#16 177.6  │ │ -- Check for working C compiler: $BUILD_PREFIX/bin/x86_64-conda-linux-gnu-cc - skipped
#16 177.6  │ │ -- Detecting C compile features
#16 177.6  │ │ -- Detecting C compile features - done
#16 177.6  │ │ -- Detecting CXX compiler ABI info
#16 177.8  │ │ -- Detecting CXX compiler ABI info - done
#16 177.9  │ │ -- Check for working CXX compiler: $BUILD_PREFIX/bin/x86_64-conda-linux-gnu-c++ - skipped
#16 177.9  │ │ -- Detecting CXX compile features
#16 177.9  │ │ -- Detecting CXX compile features - done
#16 177.9  │ │ -- Found ament_cmake: 2.7.5 ($PREFIX/share/ament_cmake/cmake)
#16 178.2  │ │ -- Found Python3: $PREFIX/bin/python (found version "3.12.13") found components: Interpreter
#16 178.7  │ │ -- Found builtin_interfaces: 2.3.1 ($PREFIX/share/builtin_interfaces/cmake)
#16 178.8  │ │ -- Found rosidl_generator_c: 4.9.6 ($PREFIX/share/rosidl_generator_c/cmake)
#16 178.9  │ │ -- Found rosidl_generator_cpp: 4.9.6 ($PREFIX/share/rosidl_generator_cpp/cmake)
#16 178.9  │ │ -- Using all available rosidl_typesupport_c: rosidl_typesupport_fastrtps_c;rosidl_typesupport_introspection_c
#16 179.0  │ │ -- Using all available rosidl_typesupport_cpp: rosidl_typesupport_fastrtps_cpp;rosidl_typesupport_introspection_cpp
#16 179.1  │ │ -- Found rosidl_default_generators: 1.7.2 ($PREFIX/share/rosidl_default_generators/cmake)
#16 179.1  │ │ -- Found rosidl_adapter: 4.9.6 ($PREFIX/share/rosidl_adapter/cmake)
#16 181.1  │ │ -- Found ament_cmake_ros_core: 0.14.7 ($PREFIX/share/ament_cmake_ros_core/cmake)
#16 182.5  │ │ -- Using all available rosidl_typesupport_c: rosidl_typesupport_fastrtps_c;rosidl_typesupport_introspection_c
#16 183.1  │ │ -- Using all available rosidl_typesupport_cpp: rosidl_typesupport_fastrtps_cpp;rosidl_typesupport_introspection_cpp
#16 184.3  │ │ -- Found Python3: $PREFIX/bin/python (found version "3.12.13") found components: Interpreter Development NumPy Development.Module Development.Embed
#16 184.4  │ │ -- Found Python3: $PREFIX/bin/python (found version "3.12.13") found components: Interpreter
#16 184.4  │ │ -- Configuring done (8.4s)
#16 184.6  │ │ -- Generating done (0.1s)
#16 184.6  │ │ [33mCMake Warning:
#16 184.6  │ │   Manually-specified variables were not used by the project:
#16 184.6  │ │     AMENT_PREFIX_PATH
#16 184.6  │ │     CATKIN_SKIP_TESTING
#16 184.6  │ │ -- Build files have been written to: $SRC_DIR/build
#16 184.6  │ │     CMAKE_INSTALL_LIBDIR
#16 184.6  │ │     CMAKE_INSTALL_SYSTEM_RUNTIME_LIBS_SKIP
#16 184.6  │ │     PKG_CONFIG_EXECUTABLE
#16 184.6  │ │     Python_EXECUTABLE
#16 184.6  │ │     SETUPTOOLS_DEB_LAYOUT
#16 184.6  │ │ [0m
#16 184.7  │ │ [1/48] cd $SRC_DIR/build && $BUILD_PREFIX/bin/cmake -E copy_directory $SRC_DIR/build/rosidl_generator_py/aic_task_interfaces $SRC_DIR/build/ament_cmake_pyt
#16 184.7  │ │ hon/aic_task_interfaces/aic_task_interfaces
#16 185.4  │ │ [2/48] Generating type hashes for ROS interfaces
#16 185.6  │ │ [3/48] Generating Rust code for ROS interfaces
#16 185.7  │ │ [4/48] cd $SRC_DIR/build/ament_cmake_python/aic_task_interfaces && $PREFIX/bin/python setup.py egg_info
#16 185.7  │ │ running egg_info
#16 185.7  │ │ creating aic_task_interfaces.egg-info
#16 185.7  │ │ writing aic_task_interfaces.egg-info/PKG-INFO
#16 185.7  │ │ writing dependency_links to aic_task_interfaces.egg-info/dependency_links.txt
#16 185.7  │ │ writing top-level names to aic_task_interfaces.egg-info/top_level.txt
#16 185.7  │ │ writing manifest file 'aic_task_interfaces.egg-info/SOURCES.txt'
#16 185.7  │ │ reading manifest file 'aic_task_interfaces.egg-info/SOURCES.txt'
#16 185.7  │ │ writing manifest file 'aic_task_interfaces.egg-info/SOURCES.txt'
#16 186.4  │ │ [5/48] Generating C++ code for ROS interfaces
#16 186.5  │ │ [6/48] Generating C code for ROS interfaces
#16 186.7  │ │ [7/48] Building C object CMakeFiles/aic_task_interfaces__rosidl_generator_c.dir/rosidl_generator_c/aic_task_interfaces/msg/detail/task__type_support.c.o
#16 186.7  │ │ [8/48] Building C object CMakeFiles/aic_task_interfaces__rosidl_generator_c.dir/rosidl_generator_c/aic_task_interfaces/msg/detail/task__description.c.o
#16 186.7  │ │ [9/48] Building C object CMakeFiles/aic_task_interfaces__rosidl_generator_c.dir/rosidl_generator_c/aic_task_interfaces/action/detail/insert_cable__type_sup
#16 186.7  │ │ port.c.o
#16 186.8  │ │ [10/48] Building C object CMakeFiles/aic_task_interfaces__rosidl_generator_c.dir/rosidl_generator_c/aic_task_interfaces/msg/detail/task__functions.c.o
#16 187.0  │ │ [11/48] Building C object CMakeFiles/aic_task_interfaces__rosidl_generator_c.dir/rosidl_generator_c/aic_task_interfaces/action/detail/insert_cable__descrip
#16 187.0  │ │ tion.c.o
#16 188.2  │ │ [12/48] Building C object CMakeFiles/aic_task_interfaces__rosidl_generator_c.dir/rosidl_generator_c/aic_task_interfaces/action/detail/insert_cable__functio
#16 188.2  │ │ ns.c.o
#16 188.3  │ │ [13/48] Linking C shared library libaic_task_interfaces__rosidl_generator_c.so
#16 189.2  │ │ [14/48] Generating C++ type support dispatch for ROS interfaces
#16 189.2  │ │ [15/48] Generating C type support dispatch for ROS interfaces
#16 189.4  │ │ [16/48] Generating C++ introspection for ROS interfaces
#16 189.5  │ │ [17/48] Building CXX object CMakeFiles/aic_task_interfaces__rosidl_typesupport_c.dir/rosidl_typesupport_c/aic_task_interfaces/msg/task__type_support.cpp.o
#16 189.5  │ │ [18/48] Generating C introspection for ROS interfaces
#16 189.8  │ │ [19/48] Building C object CMakeFiles/aic_task_interfaces__rosidl_typesupport_introspection_c.dir/rosidl_typesupport_introspection_c/aic_task_interfaces/msg
#16 189.8  │ │ /detail/task__type_support.c.o
#16 189.8  │ │ [20/48] Building CXX object CMakeFiles/aic_task_interfaces__rosidl_typesupport_c.dir/rosidl_typesupport_c/aic_task_interfaces/action/insert_cable__type_sup
#16 189.8  │ │ port.cpp.o
#16 189.9  │ │ [21/48] Linking CXX shared library libaic_task_interfaces__rosidl_typesupport_c.so
#16 190.0  │ │ [22/48] Generating C++ type support for eProsima Fast-RTPS
#16 190.2  │ │ [23/48] Building C object CMakeFiles/aic_task_interfaces__rosidl_typesupport_introspection_c.dir/rosidl_typesupport_introspection_c/aic_task_interfaces/act
#16 190.2  │ │ ion/detail/insert_cable__type_support.c.o
#16 190.2  │ │ [24/48] Linking C shared library libaic_task_interfaces__rosidl_typesupport_introspection_c.so
#16 190.3  │ │ [25/48] Generating C type support for eProsima Fast-RTPS
#16 190.9  │ │ [26/48] Building CXX object CMakeFiles/aic_task_interfaces__rosidl_typesupport_cpp.dir/rosidl_typesupport_cpp/aic_task_interfaces/msg/task__type_support.cp
#16 190.9  │ │ p.o
#16 191.3  │ │ [27/48] Building CXX object CMakeFiles/aic_task_interfaces__rosidl_typesupport_introspection_cpp.dir/rosidl_typesupport_introspection_cpp/aic_task_interfac
#16 191.4  │ │ es/msg/detail/task__type_support.cpp.o
#16 192.7  │ │ [28/48] Building CXX object CMakeFiles/aic_task_interfaces__rosidl_typesupport_fastrtps_c.dir/rosidl_typesupport_fastrtps_c/aic_task_interfaces/msg/detail/
#16 192.7  │ │ task__type_support_c.cpp.o
#16 193.0  │ │ [29/48] Building CXX object CMakeFiles/aic_task_interfaces__rosidl_typesupport_cpp.dir/rosidl_typesupport_cpp/aic_task_interfaces/action/insert_cable__type
#16 193.0  │ │ _support.cpp.o
#16 193.0  │ │ [30/48] Building CXX object CMakeFiles/aic_task_interfaces__rosidl_typesupport_fastrtps_cpp.dir/rosidl_typesupport_fastrtps_cpp/aic_task_interfaces/msg/det
#16 193.1  │ │ ail/dds_fastrtps/task__type_support.cpp.o
#16 193.2  │ │ [31/48] Linking CXX shared library libaic_task_interfaces__rosidl_typesupport_cpp.so
#16 194.0  │ │ [32/48] Building CXX object CMakeFiles/aic_task_interfaces__rosidl_typesupport_fastrtps_c.dir/rosidl_typesupport_fastrtps_c/aic_task_interfaces/action/deta
#16 194.0  │ │ il/insert_cable__type_support_c.cpp.o
#16 194.0  │ │ [33/48] Building CXX object CMakeFiles/aic_task_interfaces__rosidl_typesupport_introspection_cpp.dir/rosidl_typesupport_introspection_cpp/aic_task_interfac
#16 194.0  │ │ es/action/detail/insert_cable__type_support.cpp.o
#16 194.2  │ │ [34/48] Linking CXX shared library libaic_task_interfaces__rosidl_typesupport_fastrtps_c.so
#16 194.2  │ │ [35/48] Linking CXX shared library libaic_task_interfaces__rosidl_typesupport_introspection_cpp.so
#16 195.5  │ │ [36/48] Building CXX object CMakeFiles/aic_task_interfaces__rosidl_typesupport_fastrtps_cpp.dir/rosidl_typesupport_fastrtps_cpp/aic_task_interfaces/action/
#16 195.5  │ │ detail/dds_fastrtps/insert_cable__type_support.cpp.o
#16 195.7  │ │ [37/48] Linking CXX shared library libaic_task_interfaces__rosidl_typesupport_fastrtps_cpp.so
#16 197.7  │ │ [38/48] Generating Python code for ROS interfaces
#16 199.4  │ │ [39/48] Building C object CMakeFiles/aic_task_interfaces_s__rosidl_typesupport_introspection_c.dir/rosidl_generator_py/aic_task_interfaces/_aic_task_interf
#16 199.4  │ │ aces_s.ep.rosidl_typesupport_introspection_c.c.o
#16 199.4  │ │ [40/48] Building C object CMakeFiles/aic_task_interfaces_s__rosidl_typesupport_fastrtps_c.dir/rosidl_generator_py/aic_task_interfaces/_aic_task_interfaces_
#16 199.4  │ │ s.ep.rosidl_typesupport_fastrtps_c.c.o
#16 199.5  │ │ [41/48] Building C object CMakeFiles/aic_task_interfaces__rosidl_generator_py.dir/rosidl_generator_py/aic_task_interfaces/msg/_task_s.c.o
#16 199.5  │ │ [42/48] Building C object CMakeFiles/aic_task_interfaces_s__rosidl_typesupport_c.dir/rosidl_generator_py/aic_task_interfaces/_aic_task_interfaces_s.ep.rosi
#16 199.5  │ │ dl_typesupport_c.c.o
#16 200.2  │ │ [43/48] Building C object CMakeFiles/aic_task_interfaces__rosidl_generator_py.dir/rosidl_generator_py/aic_task_interfaces/action/_insert_cable_s.c.o
#16 200.3  │ │ [44/48] Linking C shared library libaic_task_interfaces__rosidl_generator_py.so
#16 200.3  │ │ [45/48] Linking C shared module rosidl_generator_py/aic_task_interfaces/aic_task_interfaces_s__rosidl_typesupport_introspection_c.so
#16 200.3  │ │ [46/48] Linking C shared module rosidl_generator_py/aic_task_interfaces/aic_task_interfaces_s__rosidl_typesupport_fastrtps_c.so
#16 200.4  │ │ [47/48] Linking C shared module rosidl_generator_py/aic_task_interfaces/aic_task_interfaces_s__rosidl_typesupport_c.so
#16 200.4  │ │ [47/48] Install the project...
#16 200.4  │ │ -- Install configuration: "Release"
#16 200.4  │ │ -- Installing: $PREFIX/share/ament_index/resource_index/rosidl_interfaces/aic_task_interfaces
#16 200.4  │ │ -- Installing: $PREFIX/share/aic_task_interfaces/msg/Task.json
#16 200.4  │ │ -- Installing: $PREFIX/share/aic_task_interfaces/action/InsertCable.json
#16 200.4  │ │ -- Installing: $PREFIX/include/aic_task_interfaces/aic_task_interfaces
#16 200.4  │ │ -- Installing: $PREFIX/include/aic_task_interfaces/aic_task_interfaces/action
#16 200.4  │ │ -- Installing: $PREFIX/include/aic_task_interfaces/aic_task_interfaces/action/detail
#16 200.4  │ │ -- Installing: $PREFIX/include/aic_task_interfaces/aic_task_interfaces/action/detail/insert_cable__functions.c
#16 200.4  │ │ -- Installing: $PREFIX/include/aic_task_interfaces/aic_task_interfaces/action/detail/insert_cable__type_support.h
#16 200.4  │ │ -- Installing: $PREFIX/include/aic_task_interfaces/aic_task_interfaces/action/detail/insert_cable__struct.h
#16 200.4  │ │ -- Installing: $PREFIX/include/aic_task_interfaces/aic_task_interfaces/action/detail/insert_cable__description.c
#16 200.4  │ │ -- Installing: $PREFIX/include/aic_task_interfaces/aic_task_interfaces/action/detail/insert_cable__type_support.c
#16 200.4  │ │ -- Installing: $PREFIX/include/aic_task_interfaces/aic_task_interfaces/action/detail/insert_cable__functions.h
#16 200.4  │ │ -- Installing: $PREFIX/include/aic_task_interfaces/aic_task_interfaces/action/insert_cable.h
#16 200.4  │ │ -- Installing: $PREFIX/include/aic_task_interfaces/aic_task_interfaces/msg
#16 200.4  │ │ -- Installing: $PREFIX/include/aic_task_interfaces/aic_task_interfaces/msg/task.h
#16 200.4  │ │ -- Installing: $PREFIX/include/aic_task_interfaces/aic_task_interfaces/msg/detail
#16 200.4  │ │ -- Installing: $PREFIX/include/aic_task_interfaces/aic_task_interfaces/msg/detail/task__type_support.h
#16 200.5  │ │ -- Installing: $PREFIX/include/aic_task_interfaces/aic_task_interfaces/msg/detail/task__description.c
#16 200.5  │ │ -- Installing: $PREFIX/include/aic_task_interfaces/aic_task_interfaces/msg/detail/task__functions.c
#16 200.5  │ │ -- Installing: $PREFIX/include/aic_task_interfaces/aic_task_interfaces/msg/detail/task__struct.h
#16 200.5  │ │ -- Installing: $PREFIX/include/aic_task_interfaces/aic_task_interfaces/msg/detail/task__functions.h
#16 200.5  │ │ -- Installing: $PREFIX/include/aic_task_interfaces/aic_task_interfaces/msg/detail/task__type_support.c
#16 200.5  │ │ -- Installing: $PREFIX/include/aic_task_interfaces/aic_task_interfaces/msg/rosidl_generator_c__visibility_control.h
#16 200.5  │ │ -- Installing: $PREFIX/share/aic_task_interfaces/environment/library_path.sh
#16 200.5  │ │ -- Installing: $PREFIX/share/aic_task_interfaces/environment/library_path.dsv
#16 200.5  │ │ -- Installing: $PREFIX/lib/libaic_task_interfaces__rosidl_generator_c.so
#16 200.5  │ │ -- Up-to-date: $PREFIX/include/aic_task_interfaces/aic_task_interfaces
#16 200.5  │ │ -- Up-to-date: $PREFIX/include/aic_task_interfaces/aic_task_interfaces/action
#16 200.5  │ │ -- Up-to-date: $PREFIX/include/aic_task_interfaces/aic_task_interfaces/action/detail
#16 200.5  │ │ -- Installing: $PREFIX/include/aic_task_interfaces/aic_task_interfaces/action/detail/insert_cable__rosidl_typesupport_fastrtps_c.h
#16 200.5  │ │ -- Up-to-date: $PREFIX/include/aic_task_interfaces/aic_task_interfaces/msg
#16 200.5  │ │ -- Installing: $PREFIX/include/aic_task_interfaces/aic_task_interfaces/msg/rosidl_typesupport_fastrtps_c__visibility_control.h
#16 200.5  │ │ -- Up-to-date: $PREFIX/include/aic_task_interfaces/aic_task_interfaces/msg/detail
#16 200.5  │ │ -- Installing: $PREFIX/include/aic_task_interfaces/aic_task_interfaces/msg/detail/task__rosidl_typesupport_fastrtps_c.h
#16 200.5  │ │ -- Installing: $PREFIX/lib/libaic_task_interfaces__rosidl_typesupport_fastrtps_c.so
#16 200.5  │ │ -- Set non-toolchain portion of runtime path of "$PREFIX/lib/libaic_task_interfaces__rosidl_typesupport_fastrtps_c.so" to ""
#16 200.5  │ │ -- Up-to-date: $PREFIX/include/aic_task_interfaces/aic_task_interfaces
#16 200.5  │ │ -- Up-to-date: $PREFIX/include/aic_task_interfaces/aic_task_interfaces/action
#16 200.5  │ │ -- Up-to-date: $PREFIX/include/aic_task_interfaces/aic_task_interfaces/action/detail
#16 200.5  │ │ -- Installing: $PREFIX/include/aic_task_interfaces/aic_task_interfaces/action/detail/insert_cable__struct.hpp
#16 200.5  │ │ -- Installing: $PREFIX/include/aic_task_interfaces/aic_task_interfaces/action/detail/insert_cable__type_support.hpp
#16 200.5  │ │ -- Installing: $PREFIX/include/aic_task_interfaces/aic_task_interfaces/action/detail/insert_cable__traits.hpp
#16 200.5  │ │ -- Installing: $PREFIX/include/aic_task_interfaces/aic_task_interfaces/action/detail/insert_cable__builder.hpp
#16 200.5  │ │ -- Installing: $PREFIX/include/aic_task_interfaces/aic_task_interfaces/action/insert_cable.hpp
#16 200.5  │ │ -- Up-to-date: $PREFIX/include/aic_task_interfaces/aic_task_interfaces/msg
#16 200.5  │ │ -- Installing: $PREFIX/include/aic_task_interfaces/aic_task_interfaces/msg/rosidl_generator_cpp__visibility_control.hpp
#16 200.5  │ │ -- Up-to-date: $PREFIX/include/aic_task_interfaces/aic_task_interfaces/msg/detail
#16 200.5  │ │ -- Installing: $PREFIX/include/aic_task_interfaces/aic_task_interfaces/msg/detail/task__traits.hpp
#16 200.5  │ │ -- Installing: $PREFIX/include/aic_task_interfaces/aic_task_interfaces/msg/detail/task__struct.hpp
#16 200.5  │ │ -- Installing: $PREFIX/include/aic_task_interfaces/aic_task_interfaces/msg/detail/task__builder.hpp
#16 200.5  │ │ -- Installing: $PREFIX/include/aic_task_interfaces/aic_task_interfaces/msg/detail/task__type_support.hpp
#16 200.5  │ │ -- Installing: $PREFIX/include/aic_task_interfaces/aic_task_interfaces/msg/task.hpp
#16 200.5  │ │ -- Up-to-date: $PREFIX/include/aic_task_interfaces/aic_task_interfaces
#16 200.5  │ │ -- Up-to-date: $PREFIX/include/aic_task_interfaces/aic_task_interfaces/action
#16 200.5  │ │ -- Up-to-date: $PREFIX/include/aic_task_interfaces/aic_task_interfaces/action/detail
#16 200.5  │ │ -- Installing: $PREFIX/include/aic_task_interfaces/aic_task_interfaces/action/detail/insert_cable__rosidl_typesupport_fastrtps_cpp.hpp
#16 200.5  │ │ -- Installing: $PREFIX/include/aic_task_interfaces/aic_task_interfaces/action/detail/dds_fastrtps
#16 200.5  │ │ -- Up-to-date: $PREFIX/include/aic_task_interfaces/aic_task_interfaces/msg
#16 200.5  │ │ -- Installing: $PREFIX/include/aic_task_interfaces/aic_task_interfaces/msg/rosidl_typesupport_fastrtps_cpp__visibility_control.h
#16 200.5  │ │ -- Up-to-date: $PREFIX/include/aic_task_interfaces/aic_task_interfaces/msg/detail
#16 200.5  │ │ -- Installing: $PREFIX/include/aic_task_interfaces/aic_task_interfaces/msg/detail/task__rosidl_typesupport_fastrtps_cpp.hpp
#16 200.5  │ │ -- Installing: $PREFIX/include/aic_task_interfaces/aic_task_interfaces/msg/detail/dds_fastrtps
#16 200.5  │ │ -- Installing: $PREFIX/lib/libaic_task_interfaces__rosidl_typesupport_fastrtps_cpp.so
#16 200.5  │ │ -- Set non-toolchain portion of runtime path of "$PREFIX/lib/libaic_task_interfaces__rosidl_typesupport_fastrtps_cpp.so" to ""
#16 200.5  │ │ -- Up-to-date: $PREFIX/include/aic_task_interfaces/aic_task_interfaces
#16 200.5  │ │ -- Up-to-date: $PREFIX/include/aic_task_interfaces/aic_task_interfaces/action
#16 200.5  │ │ -- Up-to-date: $PREFIX/include/aic_task_interfaces/aic_task_interfaces/action/detail
#16 200.5  │ │ -- Installing: $PREFIX/include/aic_task_interfaces/aic_task_interfaces/action/detail/insert_cable__type_support.c
#16 200.5  │ │ -- Installing: $PREFIX/include/aic_task_interfaces/aic_task_interfaces/action/detail/insert_cable__rosidl_typesupport_introspection_c.h
#16 200.5  │ │ -- Up-to-date: $PREFIX/include/aic_task_interfaces/aic_task_interfaces/msg
#16 200.6  │ │ -- Up-to-date: $PREFIX/include/aic_task_interfaces/aic_task_interfaces/msg/detail
#16 200.6  │ │ -- Installing: $PREFIX/include/aic_task_interfaces/aic_task_interfaces/msg/detail/task__rosidl_typesupport_introspection_c.h
#16 200.6  │ │ -- Installing: $PREFIX/include/aic_task_interfaces/aic_task_interfaces/msg/detail/task__type_support.c
#16 200.6  │ │ -- Installing: $PREFIX/include/aic_task_interfaces/aic_task_interfaces/msg/rosidl_typesupport_introspection_c__visibility_control.h
#16 200.6  │ │ -- Installing: $PREFIX/lib/libaic_task_interfaces__rosidl_typesupport_introspection_c.so
#16 200.6  │ │ -- Set non-toolchain portion of runtime path of "$PREFIX/lib/libaic_task_interfaces__rosidl_typesupport_introspection_c.so" to ""
#16 200.6  │ │ -- Installing: $PREFIX/lib/libaic_task_interfaces__rosidl_typesupport_c.so
#16 200.6  │ │ -- Set non-toolchain portion of runtime path of "$PREFIX/lib/libaic_task_interfaces__rosidl_typesupport_c.so" to ""
#16 200.6  │ │ -- Up-to-date: $PREFIX/include/aic_task_interfaces/aic_task_interfaces
#16 200.6  │ │ -- Up-to-date: $PREFIX/include/aic_task_interfaces/aic_task_interfaces/action
#16 200.6  │ │ -- Up-to-date: $PREFIX/include/aic_task_interfaces/aic_task_interfaces/action/detail
#16 200.6  │ │ -- Installing: $PREFIX/include/aic_task_interfaces/aic_task_interfaces/action/detail/insert_cable__rosidl_typesupport_introspection_cpp.hpp
#16 200.6  │ │ -- Installing: $PREFIX/include/aic_task_interfaces/aic_task_interfaces/action/detail/insert_cable__type_support.cpp
#16 200.6  │ │ -- Up-to-date: $PREFIX/include/aic_task_interfaces/aic_task_interfaces/msg
#16 200.6  │ │ -- Up-to-date: $PREFIX/include/aic_task_interfaces/aic_task_interfaces/msg/detail
#16 200.6  │ │ -- Installing: $PREFIX/include/aic_task_interfaces/aic_task_interfaces/msg/detail/task__type_support.cpp
#16 200.6  │ │ -- Installing: $PREFIX/include/aic_task_interfaces/aic_task_interfaces/msg/detail/task__rosidl_typesupport_introspection_cpp.hpp
#16 200.6  │ │ -- Installing: $PREFIX/lib/libaic_task_interfaces__rosidl_typesupport_introspection_cpp.so
#16 200.6  │ │ -- Set non-toolchain portion of runtime path of "$PREFIX/lib/libaic_task_interfaces__rosidl_typesupport_introspection_cpp.so" to ""
#16 200.6  │ │ -- Installing: $PREFIX/lib/libaic_task_interfaces__rosidl_typesupport_cpp.so
#16 200.6  │ │ -- Set non-toolchain portion of runtime path of "$PREFIX/lib/libaic_task_interfaces__rosidl_typesupport_cpp.so" to ""
#16 200.6  │ │ -- Installing: $PREFIX/share/aic_task_interfaces/environment/pythonpath.sh
#16 200.6  │ │ -- Installing: $PREFIX/share/aic_task_interfaces/environment/pythonpath.dsv
#16 200.6  │ │ -- Installing: $PREFIX/lib/python3.12/site-packages/aic_task_interfaces-0.0.1-py3.12.egg-info
#16 200.6  │ │ -- Installing: $PREFIX/lib/python3.12/site-packages/aic_task_interfaces-0.0.1-py3.12.egg-info/SOURCES.txt
#16 200.6  │ │ -- Installing: $PREFIX/lib/python3.12/site-packages/aic_task_interfaces-0.0.1-py3.12.egg-info/dependency_links.txt
#16 200.6  │ │ -- Installing: $PREFIX/lib/python3.12/site-packages/aic_task_interfaces-0.0.1-py3.12.egg-info/PKG-INFO
#16 200.6  │ │ -- Installing: $PREFIX/lib/python3.12/site-packages/aic_task_interfaces-0.0.1-py3.12.egg-info/top_level.txt
#16 200.6  │ │ -- Installing: $PREFIX/lib/python3.12/site-packages/aic_task_interfaces
#16 200.6  │ │ -- Installing: $PREFIX/lib/python3.12/site-packages/aic_task_interfaces/aic_task_interfaces_s__rosidl_typesupport_c.so
#16 200.6  │ │ -- Installing: $PREFIX/lib/python3.12/site-packages/aic_task_interfaces/aic_task_interfaces_s__rosidl_typesupport_fastrtps_c.so
#16 200.6  │ │ -- Installing: $PREFIX/lib/python3.12/site-packages/aic_task_interfaces/aic_task_interfaces_s__rosidl_typesupport_introspection_c.so
#16 200.6  │ │ -- Installing: $PREFIX/lib/python3.12/site-packages/aic_task_interfaces/__init__.py
#16 200.6  │ │ -- Installing: $PREFIX/lib/python3.12/site-packages/aic_task_interfaces/_aic_task_interfaces_s.ep.rosidl_typesupport_c.c
#16 200.6  │ │ -- Installing: $PREFIX/lib/python3.12/site-packages/aic_task_interfaces/action
#16 200.6  │ │ -- Installing: $PREFIX/lib/python3.12/site-packages/aic_task_interfaces/action/_insert_cable.py
#16 200.6  │ │ -- Installing: $PREFIX/lib/python3.12/site-packages/aic_task_interfaces/action/__init__.py
#16 200.6  │ │ -- Installing: $PREFIX/lib/python3.12/site-packages/aic_task_interfaces/action/_insert_cable_s.c
#16 200.6  │ │ -- Installing: $PREFIX/lib/python3.12/site-packages/aic_task_interfaces/msg
#16 200.6  │ │ -- Installing: $PREFIX/lib/python3.12/site-packages/aic_task_interfaces/msg/_task.py
#16 200.6  │ │ -- Installing: $PREFIX/lib/python3.12/site-packages/aic_task_interfaces/msg/__init__.py
#16 200.6  │ │ -- Installing: $PREFIX/lib/python3.12/site-packages/aic_task_interfaces/msg/_task_s.c
#16 200.6  │ │ -- Installing: $PREFIX/lib/python3.12/site-packages/aic_task_interfaces/_aic_task_interfaces_s.ep.rosidl_typesupport_introspection_c.c
#16 200.6  │ │ -- Installing: $PREFIX/lib/python3.12/site-packages/aic_task_interfaces/_aic_task_interfaces_s.ep.rosidl_typesupport_fastrtps_c.c
#16 200.6  │ │ Listing '$PREFIX/lib/python3.12/site-packages/aic_task_interfaces'...
#16 200.6  │ │ Compiling '$PREFIX/lib/python3.12/site-packages/aic_task_interfaces/__init__.py'...
#16 200.6  │ │ Listing '$PREFIX/lib/python3.12/site-packages/aic_task_interfaces/action'...
#16 200.6  │ │ Compiling '$PREFIX/lib/python3.12/site-packages/aic_task_interfaces/action/__init__.py'...
#16 200.6  │ │ Compiling '$PREFIX/lib/python3.12/site-packages/aic_task_interfaces/action/_insert_cable.py'...
#16 200.6  │ │ Listing '$PREFIX/lib/python3.12/site-packages/aic_task_interfaces/msg'...
#16 200.6  │ │ Compiling '$PREFIX/lib/python3.12/site-packages/aic_task_interfaces/msg/__init__.py'...
#16 200.6  │ │ Compiling '$PREFIX/lib/python3.12/site-packages/aic_task_interfaces/msg/_task.py'...
#16 200.6  │ │ -- Installing: $PREFIX/lib/python3.12/site-packages/aic_task_interfaces/aic_task_interfaces_s__rosidl_typesupport_fastrtps_c.so
#16 200.6  │ │ -- Set non-toolchain portion of runtime path of "$PREFIX/lib/python3.12/site-packages/aic_task_interfaces/aic_task_interfaces_s__rosidl_typesupport_fastrtp
#16 200.6  │ │ s_c.so" to ""
#16 200.6  │ │ -- Installing: $PREFIX/lib/python3.12/site-packages/aic_task_interfaces/aic_task_interfaces_s__rosidl_typesupport_introspection_c.so
#16 200.6  │ │ -- Set non-toolchain portion of runtime path of "$PREFIX/lib/python3.12/site-packages/aic_task_interfaces/aic_task_interfaces_s__rosidl_typesupport_introsp
#16 200.6  │ │ ection_c.so" to ""
#16 200.6  │ │ -- Installing: $PREFIX/lib/python3.12/site-packages/aic_task_interfaces/aic_task_interfaces_s__rosidl_typesupport_c.so
#16 200.6  │ │ -- Set non-toolchain portion of runtime path of "$PREFIX/lib/python3.12/site-packages/aic_task_interfaces/aic_task_interfaces_s__rosidl_typesupport_c.so" t
#16 200.6  │ │ o ""
#16 200.6  │ │ -- Installing: $PREFIX/lib/libaic_task_interfaces__rosidl_generator_py.so
#16 200.6  │ │ -- Set non-toolchain portion of runtime path of "$PREFIX/lib/libaic_task_interfaces__rosidl_generator_py.so" to ""
#16 200.7  │ │ -- Installing: $PREFIX/share/ament_index/resource_index/rust_packages/aic_task_interfaces
#16 200.7  │ │ -- Installing: $PREFIX/share/aic_task_interfaces/rust
#16 200.7  │ │ -- Installing: $PREFIX/share/aic_task_interfaces/rust/build.rs
#16 200.7  │ │ -- Installing: $PREFIX/share/aic_task_interfaces/rust/Cargo.toml
#16 200.7  │ │ -- Installing: $PREFIX/share/aic_task_interfaces/rust/src
#16 200.7  │ │ -- Installing: $PREFIX/share/aic_task_interfaces/rust/src/action.rs
#16 200.7  │ │ -- Installing: $PREFIX/share/aic_task_interfaces/rust/src/msg.rs
#16 200.7  │ │ -- Installing: $PREFIX/share/aic_task_interfaces/rust/src/lib.rs
#16 200.7  │ │ -- Installing: $PREFIX/share/aic_task_interfaces/rust/src/action
#16 200.7  │ │ -- Installing: $PREFIX/share/aic_task_interfaces/rust/src/action/rmw.rs
#16 200.7  │ │ -- Installing: $PREFIX/share/aic_task_interfaces/rust/src/msg
#16 200.7  │ │ -- Installing: $PREFIX/share/aic_task_interfaces/rust/src/msg/rmw.rs
#16 200.7  │ │ -- Installing: $PREFIX/share/aic_task_interfaces/msg/Task.idl
#16 200.7  │ │ -- Installing: $PREFIX/share/aic_task_interfaces/action/InsertCable.idl
#16 200.7  │ │ -- Installing: $PREFIX/share/aic_task_interfaces/msg/Task.msg
#16 200.7  │ │ -- Installing: $PREFIX/share/aic_task_interfaces/action/InsertCable.action
#16 200.7  │ │ -- Installing: $PREFIX/share/ament_index/resource_index/package_run_dependencies/aic_task_interfaces
#16 200.7  │ │ -- Installing: $PREFIX/share/ament_index/resource_index/parent_prefix_path/aic_task_interfaces
#16 200.7  │ │ -- Installing: $PREFIX/share/aic_task_interfaces/environment/ament_prefix_path.sh
#16 200.7  │ │ -- Installing: $PREFIX/share/aic_task_interfaces/environment/ament_prefix_path.dsv
#16 200.7  │ │ -- Installing: $PREFIX/share/aic_task_interfaces/environment/path.sh
#16 200.7  │ │ -- Installing: $PREFIX/share/aic_task_interfaces/environment/path.dsv
#16 200.7  │ │ -- Installing: $PREFIX/share/aic_task_interfaces/local_setup.bash
#16 200.7  │ │ -- Installing: $PREFIX/share/aic_task_interfaces/local_setup.sh
#16 200.7  │ │ -- Installing: $PREFIX/share/aic_task_interfaces/local_setup.zsh
#16 200.7  │ │ -- Installing: $PREFIX/share/aic_task_interfaces/local_setup.dsv
#16 200.7  │ │ -- Installing: $PREFIX/share/aic_task_interfaces/package.dsv
#16 200.7  │ │ -- Installing: $PREFIX/share/ament_index/resource_index/packages/aic_task_interfaces
#16 200.7  │ │ -- Installing: $PREFIX/share/aic_task_interfaces/cmake/export_aic_task_interfaces__rosidl_generator_cExport.cmake
#16 200.7  │ │ -- Installing: $PREFIX/share/aic_task_interfaces/cmake/export_aic_task_interfaces__rosidl_generator_cExport-release.cmake
#16 200.7  │ │ -- Installing: $PREFIX/share/aic_task_interfaces/cmake/export_aic_task_interfaces__rosidl_typesupport_fastrtps_cExport.cmake
#16 200.7  │ │ -- Installing: $PREFIX/share/aic_task_interfaces/cmake/export_aic_task_interfaces__rosidl_typesupport_fastrtps_cExport-release.cmake
#16 200.7  │ │ -- Installing: $PREFIX/share/aic_task_interfaces/cmake/export_aic_task_interfaces__rosidl_generator_cppExport.cmake
#16 200.7  │ │ -- Installing: $PREFIX/share/aic_task_interfaces/cmake/export_aic_task_interfaces__rosidl_typesupport_fastrtps_cppExport.cmake
#16 200.7  │ │ -- Installing: $PREFIX/share/aic_task_interfaces/cmake/export_aic_task_interfaces__rosidl_typesupport_fastrtps_cppExport-release.cmake
#16 200.7  │ │ -- Installing: $PREFIX/share/aic_task_interfaces/cmake/aic_task_interfaces__rosidl_typesupport_introspection_cExport.cmake
#16 200.7  │ │ -- Installing: $PREFIX/share/aic_task_interfaces/cmake/aic_task_interfaces__rosidl_typesupport_introspection_cExport-release.cmake
#16 200.7  │ │ -- Installing: $PREFIX/share/aic_task_interfaces/cmake/aic_task_interfaces__rosidl_typesupport_cExport.cmake
#16 200.7  │ │ -- Installing: $PREFIX/share/aic_task_interfaces/cmake/aic_task_interfaces__rosidl_typesupport_cExport-release.cmake
#16 200.7  │ │ -- Installing: $PREFIX/share/aic_task_interfaces/cmake/aic_task_interfaces__rosidl_typesupport_introspection_cppExport.cmake
#16 200.7  │ │ -- Installing: $PREFIX/share/aic_task_interfaces/cmake/aic_task_interfaces__rosidl_typesupport_introspection_cppExport-release.cmake
#16 200.7  │ │ -- Installing: $PREFIX/share/aic_task_interfaces/cmake/aic_task_interfaces__rosidl_typesupport_cppExport.cmake
#16 200.7  │ │ -- Installing: $PREFIX/share/aic_task_interfaces/cmake/aic_task_interfaces__rosidl_typesupport_cppExport-release.cmake
#16 200.7  │ │ -- Installing: $PREFIX/share/aic_task_interfaces/cmake/export_aic_task_interfaces__rosidl_generator_pyExport.cmake
#16 200.7  │ │ -- Installing: $PREFIX/share/aic_task_interfaces/cmake/export_aic_task_interfaces__rosidl_generator_pyExport-release.cmake
#16 200.7  │ │ -- Installing: $PREFIX/share/aic_task_interfaces/cmake/rosidl_cmake-extras.cmake
#16 200.7  │ │ -- Installing: $PREFIX/share/aic_task_interfaces/cmake/ament_cmake_export_dependencies-extras.cmake
#16 200.7  │ │ -- Installing: $PREFIX/share/aic_task_interfaces/cmake/ament_cmake_export_include_directories-extras.cmake
#16 200.7  │ │ -- Installing: $PREFIX/share/aic_task_interfaces/cmake/ament_cmake_export_libraries-extras.cmake
#16 200.7  │ │ -- Installing: $PREFIX/share/aic_task_interfaces/cmake/ament_cmake_export_targets-extras.cmake
#16 200.7  │ │ -- Installing: $PREFIX/share/aic_task_interfaces/cmake/rosidl_cmake_export_typesupport_targets-extras.cmake
#16 200.7  │ │ -- Installing: $PREFIX/share/aic_task_interfaces/cmake/rosidl_cmake_export_typesupport_libraries-extras.cmake
#16 200.7  │ │ -- Installing: $PREFIX/share/aic_task_interfaces/cmake/aic_task_interfacesConfig.cmake
#16 200.7  │ │ -- Installing: $PREFIX/share/aic_task_interfaces/cmake/aic_task_interfacesConfig-version.cmake
#16 200.7  │ │ -- Installing: $PREFIX/share/aic_task_interfaces/package.xml
#16 200.7  │ │
#16 200.7  │ ╰─────────────────── (took 26 seconds)
#16 201.1  │
#16 201.1  │ ╭─ Packaging new files
#16 201.1  │ │ Copying done!
#16 201.2  │ │ rpath ("/ws_aic/src/aic/.pixi/build/work/ros-kilted-aic-task-interfaces-AXMHihC3BhU-thgBGAeBgEM/bld/lib") is outside of prefix ("/ws_aic/src/aic/.pixi/buil
#16 201.2  │ │ d/work/ros-kilted-aic-task-interfaces-AXMHihC3BhU-thgBGAeBgEM/host_placehold_placehold_placehold_placehold_placehold_placehold_placehold_placehold_placehol
#16 201.2  │ │ d_placehold_placehold_placehold_placehold_placehold_placehold_placehold_pl") for "/tmp/ros-kilted-aic-task-interfacesAFjymN/lib/libaic_task_interfaces__ros
#16 201.2  │ │ idl_typesupport_introspection_cpp.so" - removing it
#16 201.2  │ │ rpath ("/ws_aic/src/aic/.pixi/build/work/ros-kilted-aic-task-interfaces-AXMHihC3BhU-thgBGAeBgEM/bld/lib") is outside of prefix ("/ws_aic/src/aic/.pixi/buil
#16 201.2  │ │ d/work/ros-kilted-aic-task-interfaces-AXMHihC3BhU-thgBGAeBgEM/host_placehold_placehold_placehold_placehold_placehold_placehold_placehold_placehold_placehol
#16 201.2  │ │ d_placehold_placehold_placehold_placehold_placehold_placehold_placehold_pl") for "/tmp/ros-kilted-aic-task-interfacesAFjymN/lib/libaic_task_interfaces__ros
#16 201.2  │ │ idl_generator_c.so" - removing it
#16 201.2  │ │ rpath ("/ws_aic/src/aic/.pixi/build/work/ros-kilted-aic-task-interfaces-AXMHihC3BhU-thgBGAeBgEM/bld/lib") is outside of prefix ("/ws_aic/src/aic/.pixi/buil
#16 201.2  │ │ d/work/ros-kilted-aic-task-interfaces-AXMHihC3BhU-thgBGAeBgEM/host_placehold_placehold_placehold_placehold_placehold_placehold_placehold_placehold_placehol
#16 201.2  │ │ d_placehold_placehold_placehold_placehold_placehold_placehold_placehold_pl") for "/tmp/ros-kilted-aic-task-interfacesAFjymN/lib/libaic_task_interfaces__ros
#16 201.2  │ │ idl_typesupport_fastrtps_cpp.so" - removing it
#16 201.2  │ │ Relinking "libaic_task_interfaces__rosidl_generator_c.so"
#16 201.2  │ │ Relinking "libaic_task_interfaces__rosidl_typesupport_fastrtps_cpp.so"
#16 201.2  │ │ rpath ("/ws_aic/src/aic/.pixi/build/work/ros-kilted-aic-task-interfaces-AXMHihC3BhU-thgBGAeBgEM/bld/lib") is outside of prefix ("/ws_aic/src/aic/.pixi/buil
#16 201.2  │ │ d/work/ros-kilted-aic-task-interfaces-AXMHihC3BhU-thgBGAeBgEM/host_placehold_placehold_placehold_placehold_placehold_placehold_placehold_placehold_placehol
#16 201.2  │ │ d_placehold_placehold_placehold_placehold_placehold_placehold_placehold_pl") for "/tmp/ros-kilted-aic-task-interfacesAFjymN/lib/libaic_task_interfaces__ros
#16 201.2  │ │ idl_typesupport_introspection_c.so" - removing it
#16 201.2  │ │ Relinking "libaic_task_interfaces__rosidl_typesupport_introspection_cpp.so"
#16 201.2  │ │ rpath ("/ws_aic/src/aic/.pixi/build/work/ros-kilted-aic-task-interfaces-AXMHihC3BhU-thgBGAeBgEM/bld/lib") is outside of prefix ("/ws_aic/src/aic/.pixi/buil
#16 201.2  │ │ d/work/ros-kilted-aic-task-interfaces-AXMHihC3BhU-thgBGAeBgEM/host_placehold_placehold_placehold_placehold_placehold_placehold_placehold_placehold_placehol
#16 201.2  │ │ d_placehold_placehold_placehold_placehold_placehold_placehold_placehold_pl") for "/tmp/ros-kilted-aic-task-interfacesAFjymN/lib/libaic_task_interfaces__ros
#16 201.2  │ │ idl_typesupport_c.so" - removing it
#16 201.2  │ │ rpath ("/ws_aic/src/aic/.pixi/build/work/ros-kilted-aic-task-interfaces-AXMHihC3BhU-thgBGAeBgEM/bld/lib") is outside of prefix ("/ws_aic/src/aic/.pixi/buil
#16 201.2  │ │ d/work/ros-kilted-aic-task-interfaces-AXMHihC3BhU-thgBGAeBgEM/host_placehold_placehold_placehold_placehold_placehold_placehold_placehold_placehold_placehol
#16 201.2  │ │ d_placehold_placehold_placehold_placehold_placehold_placehold_placehold_pl") for "/tmp/ros-kilted-aic-task-interfacesAFjymN/lib/python3.12/site-packages/ai
#16 201.2  │ │ c_task_interfaces/aic_task_interfaces_s__rosidl_typesupport_c.so" - removing it
#16 201.2  │ │ rpath ("/ws_aic/src/aic/.pixi/build/work/ros-kilted-aic-task-interfaces-AXMHihC3BhU-thgBGAeBgEM/bld/lib") is outside of prefix ("/ws_aic/src/aic/.pixi/buil
#16 201.2  │ │ d/work/ros-kilted-aic-task-interfaces-AXMHihC3BhU-thgBGAeBgEM/host_placehold_placehold_placehold_placehold_placehold_placehold_placehold_placehold_placehol
#16 201.2  │ │ d_placehold_placehold_placehold_placehold_placehold_placehold_placehold_pl") for "/tmp/ros-kilted-aic-task-interfacesAFjymN/lib/libaic_task_interfaces__ros
#16 201.2  │ │ idl_typesupport_fastrtps_c.so" - removing it
#16 202.3  │ │ Relinking "libaic_task_interfaces__rosidl_typesupport_introspection_c.so"
#16 202.3  │ │ Relinking "libaic_task_interfaces__rosidl_typesupport_fastrtps_c.so"
#16 202.3  │ │ Relinking "libaic_task_interfaces__rosidl_typesupport_c.so"
#16 202.3  │ │ rpath ("/ws_aic/src/aic/.pixi/build/work/ros-kilted-aic-task-interfaces-AXMHihC3BhU-thgBGAeBgEM/bld/lib") is outside of prefix ("/ws_aic/src/aic/.pixi/buil
#16 202.3  │ │ d/work/ros-kilted-aic-task-interfaces-AXMHihC3BhU-thgBGAeBgEM/host_placehold_placehold_placehold_placehold_placehold_placehold_placehold_placehold_placehol
#16 202.3  │ │ d_placehold_placehold_placehold_placehold_placehold_placehold_placehold_pl") for "/tmp/ros-kilted-aic-task-interfacesAFjymN/lib/libaic_task_interfaces__ros
#16 202.3  │ │ idl_typesupport_cpp.so" - removing it
#16 202.3  │ │ Relinking "aic_task_interfaces_s__rosidl_typesupport_c.so"
#16 202.3  │ │ Relinking "libaic_task_interfaces__rosidl_typesupport_cpp.so"
#16 202.3  │ │ rpath ("/ws_aic/src/aic/.pixi/build/work/ros-kilted-aic-task-interfaces-AXMHihC3BhU-thgBGAeBgEM/bld/lib") is outside of prefix ("/ws_aic/src/aic/.pixi/buil
#16 202.3  │ │ d/work/ros-kilted-aic-task-interfaces-AXMHihC3BhU-thgBGAeBgEM/host_placehold_placehold_placehold_placehold_placehold_placehold_placehold_placehold_placehol
#16 202.3  │ │ d_placehold_placehold_placehold_placehold_placehold_placehold_placehold_pl") for "/tmp/ros-kilted-aic-task-interfacesAFjymN/lib/python3.12/site-packages/ai
#16 202.3  │ │ c_task_interfaces/aic_task_interfaces_s__rosidl_typesupport_fastrtps_c.so" - removing it
#16 202.3  │ │ rpath ("/ws_aic/src/aic/.pixi/build/work/ros-kilted-aic-task-interfaces-AXMHihC3BhU-thgBGAeBgEM/bld/lib") is outside of prefix ("/ws_aic/src/aic/.pixi/buil
#16 202.3  │ │ d/work/ros-kilted-aic-task-interfaces-AXMHihC3BhU-thgBGAeBgEM/host_placehold_placehold_placehold_placehold_placehold_placehold_placehold_placehold_placehol
#16 202.3  │ │ d_placehold_placehold_placehold_placehold_placehold_placehold_placehold_pl") for "/tmp/ros-kilted-aic-task-interfacesAFjymN/lib/libaic_task_interfaces__ros
#16 202.3  │ │ idl_generator_py.so" - removing it
#16 202.3  │ │ Relinking "libaic_task_interfaces__rosidl_generator_py.so"
#16 202.3  │ │ Relinking "aic_task_interfaces_s__rosidl_typesupport_fastrtps_c.so"
#16 202.3  │ │ rpath ("/ws_aic/src/aic/.pixi/build/work/ros-kilted-aic-task-interfaces-AXMHihC3BhU-thgBGAeBgEM/bld/lib") is outside of prefix ("/ws_aic/src/aic/.pixi/buil
#16 202.3  │ │ d/work/ros-kilted-aic-task-interfaces-AXMHihC3BhU-thgBGAeBgEM/host_placehold_placehold_placehold_placehold_placehold_placehold_placehold_placehold_placehol
#16 202.3  │ │ d_placehold_placehold_placehold_placehold_placehold_placehold_placehold_pl") for "/tmp/ros-kilted-aic-task-interfacesAFjymN/lib/python3.12/site-packages/ai
#16 202.3  │ │ c_task_interfaces/aic_task_interfaces_s__rosidl_typesupport_introspection_c.so" - removing it
#16 202.3  │ │ Relinking "aic_task_interfaces_s__rosidl_typesupport_introspection_c.so"
#16 202.4  │ │ 
#16 202.4  │ │ [lib/libaic_task_interfaces__rosidl_generator_c.so] links against:
#16 202.4  │ │  ├─ lib/librosidl_runtime_c.so
#16 202.4  │ │  ├─ lib/libservice_msgs__rosidl_generator_c.so
#16 202.4  │ │  ├─ lib/libbuiltin_interfaces__rosidl_generator_c.so
#16 202.4  │ │  ├─ libc.so.6 (system)
#16 202.4  │ │  ├─ lib/libunique_identifier_msgs__rosidl_generator_c.so
#16 202.4  │ │  └─ lib/librcutils.so
#16 202.4  │ │ 
#16 202.4  │ │ [lib/python3.12/site-packages/aic_task_interfaces/aic_task_interfaces_s__rosidl_typesupport_fastrtps_c.so] links against:
#16 202.4  │ │  ├─ lib/libaic_task_interfaces__rosidl_typesupport_c.so (package)
#16 202.4  │ │  ├─ lib/libaic_task_interfaces__rosidl_generator_py.so (package)
#16 202.4  │ │  └─ lib/libaic_task_interfaces__rosidl_generator_c.so (package)
#16 202.4  │ │ 
#16 202.4  │ │ [lib/libaic_task_interfaces__rosidl_typesupport_fastrtps_cpp.so] links against:
#16 202.4  │ │  ├─ lib/libgcc_s.so.1 (libgcc)
#16 202.4  │ │  ├─ lib/libstdc++.so.6.0.34 (libstdcxx)
#16 202.4  │ │  ├─ lib/librosidl_typesupport_fastrtps_cpp.so
#16 202.4  │ │  ├─ libc.so.6 (system)
#16 202.4  │ │  ├─ lib/librosidl_runtime_c.so
#16 202.4  │ │  ├─ lib/libaic_task_interfaces__rosidl_generator_c.so (package)
#16 202.4  │ │  ├─ lib/libfastcdr.so.2.3.5
#16 202.4  │ │  ├─ lib/libunique_identifier_msgs__rosidl_typesupport_fastrtps_cpp.so
#16 202.4  │ │  ├─ lib/libservice_msgs__rosidl_typesupport_fastrtps_cpp.so
#16 202.4  │ │  └─ lib/libbuiltin_interfaces__rosidl_typesupport_fastrtps_cpp.so
#16 202.4  │ │ 
#16 202.4  │ │ [lib/python3.12/site-packages/aic_task_interfaces/aic_task_interfaces_s__rosidl_typesupport_c.so] links against:
#16 202.4  │ │  ├─ lib/libaic_task_interfaces__rosidl_generator_py.so (package)
#16 202.4  │ │  ├─ lib/libaic_task_interfaces__rosidl_generator_c.so (package)
#16 202.4  │ │  └─ lib/libaic_task_interfaces__rosidl_typesupport_c.so (package)
#16 202.4  │ │ 
#16 202.4  │ │ [lib/libaic_task_interfaces__rosidl_typesupport_introspection_cpp.so] links against:
#16 202.4  │ │  ├─ lib/libservice_msgs__rosidl_typesupport_introspection_cpp.so
#16 202.4  │ │  ├─ lib/libaic_task_interfaces__rosidl_generator_c.so (package)
#16 202.4  │ │  ├─ libc.so.6 (system)
#16 202.4  │ │  ├─ lib/libunique_identifier_msgs__rosidl_typesupport_introspection_cpp.so
#16 202.4  │ │  ├─ lib/libstdc++.so.6.0.34 (libstdcxx)
#16 202.4  │ │  ├─ lib/libbuiltin_interfaces__rosidl_typesupport_introspection_cpp.so
#16 202.4  │ │  ├─ lib/librosidl_typesupport_introspection_cpp.so
#16 202.4  │ │  ├─ lib/libgcc_s.so.1 (libgcc)
#16 202.4  │ │  └─ lib/librosidl_runtime_c.so
#16 202.4  │ │ 
#16 202.4  │ │ [lib/libaic_task_interfaces__rosidl_typesupport_c.so] links against:
#16 202.4  │ │  ├─ lib/libaction_msgs__rosidl_typesupport_c.so
#16 202.4  │ │  ├─ lib/librosidl_typesupport_c.so
#16 202.4  │ │  └─ lib/libaic_task_interfaces__rosidl_generator_c.so (package)
#16 202.4  │ │ 
#16 202.4  │ │ [lib/python3.12/site-packages/aic_task_interfaces/aic_task_interfaces_s__rosidl_typesupport_introspection_c.so] links against:
#16 202.4  │ │  ├─ lib/libaic_task_interfaces__rosidl_generator_c.so (package)
#16 202.4  │ │  ├─ lib/libaic_task_interfaces__rosidl_generator_py.so (package)
#16 202.4  │ │  └─ lib/libaic_task_interfaces__rosidl_typesupport_c.so (package)
#16 202.4  │ │ 
#16 202.4  │ │ [lib/libaic_task_interfaces__rosidl_typesupport_fastrtps_c.so] links against:
#16 202.4  │ │  ├─ lib/libstdc++.so.6.0.34 (libstdcxx)
#16 202.4  │ │  ├─ lib/libaic_task_interfaces__rosidl_generator_c.so (package)
#16 202.4  │ │  ├─ lib/libgcc_s.so.1 (libgcc)
#16 202.4  │ │  ├─ lib/libunique_identifier_msgs__rosidl_typesupport_fastrtps_c.so
#16 202.4  │ │  ├─ lib/libbuiltin_interfaces__rosidl_typesupport_fastrtps_c.so
#16 202.4  │ │  ├─ libc.so.6 (system)
#16 202.4  │ │  ├─ lib/libservice_msgs__rosidl_typesupport_fastrtps_c.so
#16 202.4  │ │  ├─ lib/librosidl_runtime_c.so
#16 202.4  │ │  ├─ lib/librosidl_typesupport_fastrtps_c.so
#16 202.4  │ │  └─ lib/libfastcdr.so.2.3.5
#16 202.4  │ │ 
#16 202.4  │ │ [lib/libaic_task_interfaces__rosidl_generator_py.so] links against:
#16 202.4  │ │  ├─ libc.so.6 (system)
#16 202.4  │ │  ├─ lib/libservice_msgs__rosidl_generator_py.so
#16 202.4  │ │  ├─ lib/libaic_task_interfaces__rosidl_generator_c.so (package)
#16 202.4  │ │  ├─ lib/libbuiltin_interfaces__rosidl_generator_py.so
#16 202.4  │ │  ├─ lib/librosidl_runtime_c.so
#16 202.4  │ │  └─ lib/libunique_identifier_msgs__rosidl_generator_py.so
#16 202.4  │ │ 
#16 202.4  │ │ [lib/libaic_task_interfaces__rosidl_typesupport_cpp.so] links against:
#16 202.4  │ │  ├─ libc.so.6 (system)
#16 202.4  │ │  ├─ lib/libaction_msgs__rosidl_typesupport_cpp.so
#16 202.4  │ │  ├─ lib/libaic_task_interfaces__rosidl_generator_c.so (package)
#16 202.4  │ │  ├─ lib/libgcc_s.so.1 (libgcc)
#16 202.4  │ │  ├─ lib/librosidl_typesupport_cpp.so
#16 202.4  │ │  └─ lib/libstdc++.so.6.0.34 (libstdcxx)
#16 202.4  │ │ 
#16 202.4  │ │ [lib/libaic_task_interfaces__rosidl_typesupport_introspection_c.so] links against:
#16 202.4  │ │  ├─ lib/libaic_task_interfaces__rosidl_generator_c.so (package)
#16 202.4  │ │  ├─ lib/libunique_identifier_msgs__rosidl_typesupport_introspection_c.so
#16 202.4  │ │  ├─ lib/librosidl_runtime_c.so
#16 202.4  │ │  ├─ lib/libservice_msgs__rosidl_typesupport_introspection_c.so
#16 202.4  │ │  ├─ lib/librosidl_typesupport_introspection_c.so
#16 202.4  │ │  └─ lib/libbuiltin_interfaces__rosidl_typesupport_introspection_c.so
#16 202.5  │ │ Post-processing done!
#16 202.5  │ │ Writing test files
#16 202.5  │ │ Writing metadata for package
#16 202.5  │ │ Copying license files
#16 202.5  │ │ Copying recipe files
#16 202.5  │ │ 
#16 202.5  │ │ Files in package:
#16 202.5  │ │   ├─ include/aic_task_interfaces/aic_task_interfaces/action/detail/insert_cable__builder.hpp (13.26 KiB)
#16 202.5  │ │   ├─ include/aic_task_interfaces/aic_task_interfaces/action/detail/insert_cable__description.c (71.80 KiB)
#16 202.5  │ │   ├─ include/aic_task_interfaces/aic_task_interfaces/action/detail/insert_cable__functions.c (82.72 KiB)
#16 202.5  │ │   ├─ include/aic_task_interfaces/aic_task_interfaces/action/detail/insert_cable__functions.h (81.11 KiB)
#16 202.5  │ │   ├─ include/aic_task_interfaces/aic_task_interfaces/action/detail/insert_cable__rosidl_typesupport_fastrtps_c.h (24.46 KiB)
#16 202.5  │ │   ├─ include/aic_task_interfaces/aic_task_interfaces/action/detail/insert_cable__rosidl_typesupport_fastrtps_cpp.hpp (27.20 KiB)
#16 202.5  │ │   ├─ include/aic_task_interfaces/aic_task_interfaces/action/detail/insert_cable__rosidl_typesupport_introspection_c.h (6.70 KiB)
#16 202.5  │ │   ├─ include/aic_task_interfaces/aic_task_interfaces/action/detail/insert_cable__rosidl_typesupport_introspection_cpp.hpp (7.80 KiB)
#16 202.5  │ │   ├─ include/aic_task_interfaces/aic_task_interfaces/action/detail/insert_cable__struct.h (10.09 KiB)
#16 202.5  │ │   ├─ include/aic_task_interfaces/aic_task_interfaces/action/detail/insert_cable__struct.hpp (46.14 KiB)
#16 202.5  │ │   ├─ include/aic_task_interfaces/aic_task_interfaces/action/detail/insert_cable__traits.hpp (33.78 KiB)
#16 202.5  │ │   ├─ include/aic_task_interfaces/aic_task_interfaces/action/detail/insert_cable__type_support.c (88.80 KiB)
#16 202.5  │ │   ├─ include/aic_task_interfaces/aic_task_interfaces/action/detail/insert_cable__type_support.cpp (72.26 KiB)
#16 202.5  │ │   ├─ include/aic_task_interfaces/aic_task_interfaces/action/detail/insert_cable__type_support.h (6.97 KiB)
#16 202.5  │ │   ├─ include/aic_task_interfaces/aic_task_interfaces/action/detail/insert_cable__type_support.hpp (5.30 KiB)
#16 202.5  │ │   ├─ include/aic_task_interfaces/aic_task_interfaces/action/insert_cable.h (549 B)
#16 202.5  │ │   ├─ include/aic_task_interfaces/aic_task_interfaces/action/insert_cable.hpp (571 B)
#16 202.5  │ │   ├─ include/aic_task_interfaces/aic_task_interfaces/msg/detail/task__builder.hpp (4.03 KiB)
#16 202.5  │ │   ├─ include/aic_task_interfaces/aic_task_interfaces/msg/detail/task__description.c (6.46 KiB)
#16 202.5  │ │   ├─ include/aic_task_interfaces/aic_task_interfaces/msg/detail/task__functions.c (10.41 KiB)
#16 202.5  │ │   ├─ include/aic_task_interfaces/aic_task_interfaces/msg/detail/task__functions.h (7.64 KiB)
#16 202.5  │ │   ├─ include/aic_task_interfaces/aic_task_interfaces/msg/detail/task__rosidl_typesupport_fastrtps_c.h (2.31 KiB)
#16 202.5  │ │   ├─ include/aic_task_interfaces/aic_task_interfaces/msg/detail/task__rosidl_typesupport_fastrtps_cpp.hpp (2.66 KiB)
#16 202.5  │ │   ├─ include/aic_task_interfaces/aic_task_interfaces/msg/detail/task__rosidl_typesupport_introspection_c.h (968 B)
#16 202.5  │ │   ├─ include/aic_task_interfaces/aic_task_interfaces/msg/detail/task__rosidl_typesupport_introspection_cpp.hpp (1.00 KiB)
#16 202.5  │ │   ├─ include/aic_task_interfaces/aic_task_interfaces/msg/detail/task__struct.h (2.40 KiB)
#16 202.5  │ │   ├─ include/aic_task_interfaces/aic_task_interfaces/msg/detail/task__struct.hpp (8.34 KiB)
#16 202.5  │ │   ├─ include/aic_task_interfaces/aic_task_interfaces/msg/detail/task__traits.hpp (5.39 KiB)
#16 202.5  │ │   ├─ include/aic_task_interfaces/aic_task_interfaces/msg/detail/task__type_support.c (9.46 KiB)
#16 202.5  │ │   ├─ include/aic_task_interfaces/aic_task_interfaces/msg/detail/task__type_support.cpp (9.16 KiB)
#16 202.5  │ │   ├─ include/aic_task_interfaces/aic_task_interfaces/msg/detail/task__type_support.h (966 B)
#16 202.5  │ │   ├─ include/aic_task_interfaces/aic_task_interfaces/msg/detail/task__type_support.hpp (913 B)
#16 202.5  │ │   ├─ include/aic_task_interfaces/aic_task_interfaces/msg/rosidl_generator_c__visibility_control.h (1.58 KiB)
#16 202.5  │ │   ├─ include/aic_task_interfaces/aic_task_interfaces/msg/rosidl_generator_cpp__visibility_control.hpp (1.63 KiB)
#16 202.5  │ │   ├─ include/aic_task_interfaces/aic_task_interfaces/msg/rosidl_typesupport_fastrtps_c__visibility_control.h (1.78 KiB)
#16 202.5  │ │   ├─ include/aic_task_interfaces/aic_task_interfaces/msg/rosidl_typesupport_fastrtps_cpp__visibility_control.h (1.81 KiB)
#16 202.5  │ │   ├─ include/aic_task_interfaces/aic_task_interfaces/msg/rosidl_typesupport_introspection_c__visibility_control.h (1.87 KiB)
#16 202.5  │ │   ├─ include/aic_task_interfaces/aic_task_interfaces/msg/task.h (473 B)
#16 202.5  │ │   ├─ include/aic_task_interfaces/aic_task_interfaces/msg/task.hpp (494 B)
#16 202.5  │ │   ├─ lib/libaic_task_interfaces__rosidl_generator_c.so (123.52 KiB)
#16 202.5  │ │   ├─ lib/libaic_task_interfaces__rosidl_generator_py.so (34.88 KiB)
#16 202.5  │ │   ├─ lib/libaic_task_interfaces__rosidl_typesupport_c.so (47.30 KiB)
#16 202.5  │ │   ├─ lib/libaic_task_interfaces__rosidl_typesupport_cpp.so (60.10 KiB)
#16 202.5  │ │   ├─ lib/libaic_task_interfaces__rosidl_typesupport_fastrtps_c.so (91.28 KiB)
#16 202.5  │ │   ├─ lib/libaic_task_interfaces__rosidl_typesupport_fastrtps_cpp.so (131.63 KiB)
#16 202.5  │ │   ├─ lib/libaic_task_interfaces__rosidl_typesupport_introspection_c.so (69.45 KiB)
#16 202.5  │ │   ├─ lib/libaic_task_interfaces__rosidl_typesupport_introspection_cpp.so (95.54 KiB)
#16 202.5  │ │   ├─ lib/python3.12/site-packages/aic_task_interfaces/__init__.py (0 B)
#16 202.5  │ │   ├─ lib/python3.12/site-packages/aic_task_interfaces/__pycache__/__init__.cpython-312.pyc (416 B)
#16 202.5  │ │   ├─ lib/python3.12/site-packages/aic_task_interfaces/_aic_task_interfaces_s.ep.rosidl_typesupport_c.c (60.14 KiB)
#16 202.5  │ │   ├─ lib/python3.12/site-packages/aic_task_interfaces/_aic_task_interfaces_s.ep.rosidl_typesupport_fastrtps_c.c (60.15 KiB)
#16 202.5  │ │   ├─ lib/python3.12/site-packages/aic_task_interfaces/_aic_task_interfaces_s.ep.rosidl_typesupport_introspection_c.c (60.15 KiB)
#16 202.5  │ │   ├─ lib/python3.12/site-packages/aic_task_interfaces/action/__init__.py (656 B)
#16 202.5  │ │   ├─ lib/python3.12/site-packages/aic_task_interfaces/action/__pycache__/__init__.cpython-312.pyc (815 B)
#16 202.5  │ │   ├─ lib/python3.12/site-packages/aic_task_interfaces/action/__pycache__/_insert_cable.cpython-312.pyc (72.87 KiB)
#16 202.5  │ │   ├─ lib/python3.12/site-packages/aic_task_interfaces/action/_insert_cable.py (66.82 KiB)
#16 202.5  │ │   ├─ lib/python3.12/site-packages/aic_task_interfaces/action/_insert_cable_s.c (45.79 KiB)
#16 202.5  │ │   ├─ lib/python3.12/site-packages/aic_task_interfaces/aic_task_interfaces_s__rosidl_typesupport_c.so (40.30 KiB)
#16 202.5  │ │   ├─ lib/python3.12/site-packages/aic_task_interfaces/aic_task_interfaces_s__rosidl_typesupport_fastrtps_c.so (40.33 KiB)
#16 202.5  │ │   ├─ lib/python3.12/site-packages/aic_task_interfaces/aic_task_interfaces_s__rosidl_typesupport_introspection_c.so (40.34 KiB)
#16 202.5  │ │   ├─ lib/python3.12/site-packages/aic_task_interfaces/msg/__init__.py (61 B)
#16 202.5  │ │   ├─ lib/python3.12/site-packages/aic_task_interfaces/msg/__pycache__/__init__.cpython-312.pyc (481 B)
#16 202.5  │ │   ├─ lib/python3.12/site-packages/aic_task_interfaces/msg/__pycache__/_task.cpython-312.pyc (13.06 KiB)
#16 202.5  │ │   ├─ lib/python3.12/site-packages/aic_task_interfaces/msg/_task.py (10.00 KiB)
#16 202.5  │ │   ├─ lib/python3.12/site-packages/aic_task_interfaces/msg/_task_s.c (9.54 KiB)
#16 202.5  │ │   ├─ lib/python3.12/site-packages/aic_task_interfaces-0.0.1-py3.12.egg-info/PKG-INFO (63 B)
#16 202.5  │ │   ├─ lib/python3.12/site-packages/aic_task_interfaces-0.0.1-py3.12.egg-info/SOURCES.txt (212 B)
#16 202.5  │ │   ├─ lib/python3.12/site-packages/aic_task_interfaces-0.0.1-py3.12.egg-info/dependency_links.txt (1 B)
#16 202.5  │ │   ├─ lib/python3.12/site-packages/aic_task_interfaces-0.0.1-py3.12.egg-info/top_level.txt (20 B)
#16 202.5  │ │   ├─ share/aic_task_interfaces/action/InsertCable.action (221 B)
#16 202.5  │ │   ├─ share/aic_task_interfaces/action/InsertCable.idl (889 B)
#16 202.5  │ │   ├─ share/aic_task_interfaces/action/InsertCable.json (17.85 KiB)
#16 202.5  │ │   ├─ share/aic_task_interfaces/cmake/aic_task_interfacesConfig-version.cmake (432 B)
#16 202.5  │ │   ├─ share/aic_task_interfaces/cmake/aic_task_interfacesConfig.cmake (1.64 KiB)
#16 202.5  │ │   ├─ share/aic_task_interfaces/cmake/aic_task_interfaces__rosidl_typesupport_cExport-release.cmake (1.27 KiB)
#16 202.5  │ │   ├─ share/aic_task_interfaces/cmake/aic_task_interfaces__rosidl_typesupport_cExport.cmake (5.31 KiB)
#16 202.5  │ │   ├─ share/aic_task_interfaces/cmake/aic_task_interfaces__rosidl_typesupport_cppExport-release.cmake (1.34 KiB)
#16 202.5  │ │   ├─ share/aic_task_interfaces/cmake/aic_task_interfaces__rosidl_typesupport_cppExport.cmake (5.45 KiB)
#16 202.5  │ │   ├─ share/aic_task_interfaces/cmake/aic_task_interfaces__rosidl_typesupport_introspection_cExport-release.cmake (1.26 KiB)
#16 202.5  │ │   ├─ share/aic_task_interfaces/cmake/aic_task_interfaces__rosidl_typesupport_introspection_cExport.cmake (5.67 KiB)
#16 202.5  │ │   ├─ share/aic_task_interfaces/cmake/aic_task_interfaces__rosidl_typesupport_introspection_cppExport-release.cmake (1.28 KiB)
#16 202.5  │ │   ├─ share/aic_task_interfaces/cmake/aic_task_interfaces__rosidl_typesupport_introspection_cppExport.cmake (5.81 KiB)
#16 202.5  │ │   ├─ share/aic_task_interfaces/cmake/ament_cmake_export_dependencies-extras.cmake (4.49 KiB)
#16 202.5  │ │   ├─ share/aic_task_interfaces/cmake/ament_cmake_export_include_directories-extras.cmake (825 B)
#16 202.5  │ │   ├─ share/aic_task_interfaces/cmake/ament_cmake_export_libraries-extras.cmake (5.15 KiB)
#16 202.5  │ │   ├─ share/aic_task_interfaces/cmake/ament_cmake_export_targets-extras.cmake (1.40 KiB)
#16 202.5  │ │   ├─ share/aic_task_interfaces/cmake/export_aic_task_interfaces__rosidl_generator_cExport-release.cmake (1.14 KiB)
#16 202.5  │ │   ├─ share/aic_task_interfaces/cmake/export_aic_task_interfaces__rosidl_generator_cExport.cmake (4.61 KiB)
#16 202.5  │ │   ├─ share/aic_task_interfaces/cmake/export_aic_task_interfaces__rosidl_generator_cppExport.cmake (4.60 KiB)
#16 202.5  │ │   ├─ share/aic_task_interfaces/cmake/export_aic_task_interfaces__rosidl_generator_pyExport-release.cmake (3.27 KiB)
#16 202.5  │ │   ├─ share/aic_task_interfaces/cmake/export_aic_task_interfaces__rosidl_generator_pyExport.cmake (4.09 KiB)
#16 202.5  │ │   ├─ share/aic_task_interfaces/cmake/export_aic_task_interfaces__rosidl_typesupport_fastrtps_cExport-release.cmake (1.22 KiB)
#16 202.5  │ │   ├─ share/aic_task_interfaces/cmake/export_aic_task_interfaces__rosidl_typesupport_fastrtps_cExport.cmake (5.73 KiB)
#16 202.5  │ │   ├─ share/aic_task_interfaces/cmake/export_aic_task_interfaces__rosidl_typesupport_fastrtps_cppExport-release.cmake (1.24 KiB)
#16 202.5  │ │   ├─ share/aic_task_interfaces/cmake/export_aic_task_interfaces__rosidl_typesupport_fastrtps_cppExport.cmake (5.82 KiB)
#16 202.5  │ │   ├─ share/aic_task_interfaces/cmake/rosidl_cmake-extras.cmake (221 B)
#16 202.5  │ │   ├─ share/aic_task_interfaces/cmake/rosidl_cmake_export_typesupport_libraries-extras.cmake (1.96 KiB)
#16 202.5  │ │   ├─ share/aic_task_interfaces/cmake/rosidl_cmake_export_typesupport_targets-extras.cmake (1.42 KiB)
#16 202.5  │ │   ├─ share/aic_task_interfaces/environment/ament_prefix_path.dsv (41 B)
#16 202.5  │ │   ├─ share/aic_task_interfaces/environment/ament_prefix_path.sh (160 B)
#16 202.5  │ │   ├─ share/aic_task_interfaces/environment/library_path.dsv (42 B)
#16 202.5  │ │   ├─ share/aic_task_interfaces/environment/library_path.sh (411 B)
#16 202.5  │ │   ├─ share/aic_task_interfaces/environment/path.dsv (41 B)
#16 202.5  │ │   ├─ share/aic_task_interfaces/environment/path.sh (185 B)
#16 202.5  │ │   ├─ share/aic_task_interfaces/environment/pythonpath.dsv (62 B)
#16 202.5  │ │   ├─ share/aic_task_interfaces/environment/pythonpath.sh (166 B)
#16 202.5  │ │   ├─ share/aic_task_interfaces/local_setup.bash (1.56 KiB)
#16 202.5  │ │   ├─ share/aic_task_interfaces/local_setup.dsv (239 B)
#16 202.5  │ │   ├─ share/aic_task_interfaces/local_setup.sh (5.35 KiB) [prefix:text]
#16 202.5  │ │   ├─ share/aic_task_interfaces/local_setup.zsh (1.91 KiB)
#16 202.5  │ │   ├─ share/aic_task_interfaces/msg/Task.idl (1.68 KiB)
#16 202.5  │ │   ├─ share/aic_task_interfaces/msg/Task.json (2.45 KiB)
#16 202.5  │ │   ├─ share/aic_task_interfaces/msg/Task.msg (933 B)
#16 202.5  │ │   ├─ share/aic_task_interfaces/package.dsv (196 B)
#16 202.5  │ │   ├─ share/aic_task_interfaces/package.xml (871 B)
#16 202.5  │ │   ├─ share/aic_task_interfaces/rust/Cargo.toml (579 B)
#16 202.5  │ │   ├─ share/aic_task_interfaces/rust/build.rs (339 B)
#16 202.5  │ │   ├─ share/aic_task_interfaces/rust/src/action/rmw.rs (28.11 KiB)
#16 202.5  │ │   ├─ share/aic_task_interfaces/rust/src/action.rs (17.93 KiB)
#16 202.5  │ │   ├─ share/aic_task_interfaces/rust/src/lib.rs (350 B)
#16 202.5  │ │   ├─ share/aic_task_interfaces/rust/src/msg/rmw.rs (3.88 KiB)
#16 202.5  │ │   ├─ share/aic_task_interfaces/rust/src/msg.rs (3.31 KiB)
#16 202.5  │ │   ├─ share/ament_index/resource_index/package_run_dependencies/aic_task_interfaces (56 B)
#16 202.5  │ │   ├─ share/ament_index/resource_index/packages/aic_task_interfaces (0 B)
#16 202.5  │ │   ├─ share/ament_index/resource_index/parent_prefix_path/aic_task_interfaces (91 B)
#16 202.5  │ │   ├─ share/ament_index/resource_index/rosidl_interfaces/aic_task_interfaces (74 B)
#16 202.5  │ │   ├─ share/ament_index/resource_index/rust_packages/aic_task_interfaces (0 B)
#16 202.5  │ │   ├─ info/about.json (194 B)
#16 202.5  │ │   ├─ info/hash_input.json (31 B)
#16 202.5  │ │   ├─ info/index.json (475 B)
#16 202.5  │ │   ├─ info/paths.json (31.45 KiB)
#16 202.5  │ │   └─ info/tests/tests.yaml (3 B)
#16 202.5  │ │ 
#16 202.5  │ │ Package statistics: 132 files (127 content, 5 metadata), total size: 1.99 MiB
#16 202.5  │ │ Largest files:
#16 202.5  │ │   131.63 KiB - lib/libaic_task_interfaces__rosidl_typesupport_fastrtps_cpp.so
#16 202.5  │ │   123.52 KiB - lib/libaic_task_interfaces__rosidl_generator_c.so
#16 202.5  │ │   95.54 KiB - lib/libaic_task_interfaces__rosidl_typesupport_introspection_cpp.so
#16 202.5  │ │   91.28 KiB - lib/libaic_task_interfaces__rosidl_typesupport_fastrtps_c.so
#16 202.5  │ │   88.80 KiB - include/aic_task_interfaces/aic_task_interfaces/action/detail/insert_cable__type_support.c
#16 202.5  │ │ Creating target folder '/ws_aic/src/aic/.pixi/build/work/ros-kilted-aic-task-interfaces-AXMHihC3BhU-thgBGAeBgEM/output/linux-64'
#16 202.5  │ │ Compressing archive...
#16 202.9  │ │ Archive written to '/ws_aic/src/aic/.pixi/build/work/ros-kilted-aic-task-interfaces-AXMHihC3BhU-thgBGAeBgEM/output/linux-64/ros-kilted-aic-task-interfaces-
#16 202.9  │ │ 0.0.1-hb0f4dca_0.conda'
#16 203.0  │ │
#16 203.0  │ ╰─────────────────── (took 2 seconds)
#16 203.0  │
#16 203.0  ╰─────────────────── (took 29 seconds)
#16 207.5 
#16 207.5  ╭─ Running build for recipe: ros-kilted-aic-teleoperation-0.0.1-hb0f4dca_0
#16 207.5  │
#16 207.5  │ ╭─ Fetching source code
#16 207.5  │ │ No sources to fetch
#16 207.5  │ │
#16 207.5  │ ╰─────────────────── (took 0 seconds)
#16 207.6  │
#16 207.6  │ ╭─ Externally resolved dependencies recipe: ros-kilted-aic-teleoperation-0.0.1-hb0f4dca_0
#16 207.6  │ │ 
#16 207.6  │ │ Resolved build dependencies(ros-kilted-aic-teleoperation-0.0.1-hb0f4dca_0):
#16 207.6  │ │ ╭──────────────────────────┬──────────────────────────┬──────────────┬──────────────────────┬──────────────────┬─────────────╮
#16 207.6  │ │ │ Package                  ┆ Spec                     ┆ Version      ┆ Build                ┆ Channel          ┆        Size │
#16 207.6  │ │ ╞══════════════════════════╪══════════════════════════╪══════════════╪══════════════════════╪══════════════════╪═════════════╡
#16 207.6  │ │ │ cmake                    ┆ cmake                    ┆ 4.3.2        ┆ hc85cc9f_0           ┆ conda-forge      ┆   22.01 MiB │
#16 207.6  │ │ │ coreutils                ┆ coreutils                ┆ 9.5          ┆ hd590300_0           ┆ conda-forge      ┆    2.87 MiB │
#16 207.6  │ │ │ cpython                  ┆ cpython                  ┆ 3.12.13      ┆ py312hd8ed1ab_0      ┆ conda-forge      ┆   45.37 KiB │
#16 207.6  │ │ │ gcc_linux-64             ┆ gcc_linux-64             ┆ 15.2.0       ┆ h7be306e_24          ┆ conda-forge      ┆   28.40 KiB │
#16 207.6  │ │ │ git                      ┆ git                      ┆ 2.53.0       ┆ pl5321h6d3cee1_0     ┆ conda-forge      ┆   10.92 MiB │
#16 207.6  │ │ │ git-lfs                  ┆ git-lfs                  ┆ 3.7.1        ┆ ha8f183a_1           ┆ conda-forge      ┆    4.23 MiB │
#16 207.6  │ │ │ gxx_linux-64             ┆ gxx_linux-64             ┆ 15.2.0       ┆ he30e93d_24          ┆ conda-forge      ┆   26.96 KiB │
#16 207.6  │ │ │ make                     ┆ make                     ┆ 4.4.1        ┆ hb9d3cd8_2           ┆ conda-forge      ┆  501.06 KiB │
#16 207.6  │ │ │ ninja                    ┆ ninja                    ┆ 1.13.2       ┆ h171cf75_0           ┆ conda-forge      ┆  181.96 KiB │
#16 207.6  │ │ │ patch                    ┆ patch                    ┆ 2.8          ┆ hb03c661_1002        ┆ conda-forge      ┆  114.47 KiB │
#16 207.6  │ │ │ python                   ┆ python                   ┆ 3.12.13      ┆ hd63d673_0_cpython   ┆ conda-forge      ┆   30.14 MiB │
#16 207.6  │ │ │ ros-kilted-ros-workspace ┆ ros-kilted-ros-workspace ┆ 1.0.3        ┆ np2py312h2ed9cc7_17  ┆ robostack-kilted ┆   34.44 KiB │
#16 207.6  │ │ │ setuptools               ┆ setuptools               ┆ 82.0.1       ┆ pyh332efcf_0         ┆ conda-forge      ┆  624.70 KiB │
#16 207.6  │ │ │ _openmp_mutex            ┆                          ┆ 4.5          ┆ 20_gnu               ┆ conda-forge      ┆   28.27 KiB │
#16 207.6  │ │ │ binutils_impl_linux-64   ┆                          ┆ 2.45.1       ┆ default_hfdba357_102 ┆ conda-forge      ┆    3.49 MiB │
#16 207.6  │ │ │ binutils_linux-64        ┆                          ┆ 2.45.1       ┆ default_h4852527_102 ┆ conda-forge      ┆   35.45 KiB │
#16 207.6  │ │ │ bzip2                    ┆                          ┆ 1.0.8        ┆ hda65f42_9           ┆ conda-forge      ┆  254.08 KiB │
#16 207.6  │ │ │ c-ares                   ┆                          ┆ 1.34.6       ┆ hb03c661_0           ┆ conda-forge      ┆  203.01 KiB │
#16 207.6  │ │ │ ca-certificates          ┆                          ┆ 2026.4.22    ┆ hbd8a1cb_0           ┆ conda-forge      ┆  127.97 KiB │
#16 207.6  │ │ │ gcc_impl_linux-64        ┆                          ┆ 15.2.0       ┆ he420e7e_18          ┆ conda-forge      ┆   78.02 MiB │
#16 207.6  │ │ │ gxx_impl_linux-64        ┆                          ┆ 15.2.0       ┆ hda75c37_18          ┆ conda-forge      ┆   14.87 MiB │
#16 207.6  │ │ │ icu                      ┆                          ┆ 78.3         ┆ h33c6efd_0           ┆ conda-forge      ┆   12.13 MiB │
#16 207.6  │ │ │ kernel-headers_linux-64  ┆                          ┆ 4.18.0       ┆ he073ed8_9           ┆ conda-forge      ┆    1.22 MiB │
#16 207.6  │ │ │ keyutils                 ┆                          ┆ 1.6.3        ┆ hb9d3cd8_0           ┆ conda-forge      ┆  130.95 KiB │
#16 207.6  │ │ │ krb5                     ┆                          ┆ 1.22.2       ┆ ha1258a1_0           ┆ conda-forge      ┆    1.32 MiB │
#16 207.6  │ │ │ ld_impl_linux-64         ┆                          ┆ 2.45.1       ┆ default_hbd61a6d_102 ┆ conda-forge      ┆  710.94 KiB │
#16 207.6  │ │ │ libblas                  ┆                          ┆ 3.11.0       ┆ 6_h4a7cf45_openblas  ┆ conda-forge      ┆   18.18 KiB │
#16 207.6  │ │ │ libcblas                 ┆                          ┆ 3.11.0       ┆ 6_h0358290_openblas  ┆ conda-forge      ┆   18.19 KiB │
#16 207.6  │ │ │ libcurl                  ┆                          ┆ 8.19.0       ┆ hcf29cc6_0           ┆ conda-forge      ┆  455.77 KiB │
#16 207.6  │ │ │ libedit                  ┆                          ┆ 3.1.20250104 ┆ pl5321h7949ede_0     ┆ conda-forge      ┆  131.52 KiB │
#16 207.6  │ │ │ libev                    ┆                          ┆ 4.33         ┆ hd590300_2           ┆ conda-forge      ┆  110.12 KiB │
#16 207.6  │ │ │ libexpat                 ┆                          ┆ 2.7.5        ┆ hecca717_0           ┆ conda-forge      ┆   74.83 KiB │
#16 207.6  │ │ │ libffi                   ┆                          ┆ 3.5.2        ┆ h3435931_0           ┆ conda-forge      ┆   57.22 KiB │
#16 207.6  │ │ │ libgcc                   ┆                          ┆ 15.2.0       ┆ he0feb66_18          ┆ conda-forge      ┆ 1017.37 KiB │
#16 207.6  │ │ │ libgcc-devel_linux-64    ┆                          ┆ 15.2.0       ┆ hcc6f6b0_118         ┆ conda-forge      ┆    2.94 MiB │
#16 207.6  │ │ │ libgcc-ng                ┆                          ┆ 15.2.0       ┆ h69a702a_18          ┆ conda-forge      ┆   26.88 KiB │
#16 207.6  │ │ │ libgfortran              ┆                          ┆ 15.2.0       ┆ h69a702a_18          ┆ conda-forge      ┆   26.88 KiB │
#16 207.6  │ │ │ libgfortran5             ┆                          ┆ 15.2.0       ┆ h68bc16d_18          ┆ conda-forge      ┆    2.37 MiB │
#16 207.6  │ │ │ libgomp                  ┆                          ┆ 15.2.0       ┆ he0feb66_18          ┆ conda-forge      ┆  589.12 KiB │
#16 207.6  │ │ │ libiconv                 ┆                          ┆ 1.18         ┆ h3b78370_2           ┆ conda-forge      ┆  771.66 KiB │
#16 207.6  │ │ │ liblapack                ┆                          ┆ 3.11.0       ┆ 6_h47877c9_openblas  ┆ conda-forge      ┆   18.19 KiB │
#16 207.6  │ │ │ liblzma                  ┆                          ┆ 5.8.3        ┆ hb03c661_0           ┆ conda-forge      ┆  110.82 KiB │
#16 207.6  │ │ │ libnghttp2               ┆                          ┆ 1.68.1       ┆ h877daf1_0           ┆ conda-forge      ┆  647.80 KiB │
#16 207.6  │ │ │ libnsl                   ┆                          ┆ 2.0.1        ┆ hb9d3cd8_1           ┆ conda-forge      ┆   32.94 KiB │
#16 207.6  │ │ │ libopenblas              ┆                          ┆ 0.3.32       ┆ pthreads_h94d23a6_0  ┆ conda-forge      ┆    5.65 MiB │
#16 207.6  │ │ │ libsanitizer             ┆                          ┆ 15.2.0       ┆ h90f66d4_18          ┆ conda-forge      ┆    7.72 MiB │
#16 207.6  │ │ │ libsqlite                ┆                          ┆ 3.53.0       ┆ hf4e2dac_0           ┆ conda-forge      ┆  936.39 KiB │
#16 207.6  │ │ │ libssh2                  ┆                          ┆ 1.11.1       ┆ hcf80075_0           ┆ conda-forge      ┆  297.65 KiB │
#16 207.6  │ │ │ libstdcxx                ┆                          ┆ 15.2.0       ┆ h934c35e_18          ┆ conda-forge      ┆    5.58 MiB │
#16 207.6  │ │ │ libstdcxx-devel_linux-64 ┆                          ┆ 15.2.0       ┆ hd446a21_118         ┆ conda-forge      ┆   19.71 MiB │
#16 207.6  │ │ │ libuuid                  ┆                          ┆ 2.42         ┆ h5347b49_0           ┆ conda-forge      ┆   39.35 KiB │
#16 207.6  │ │ │ libuv                    ┆                          ┆ 1.51.0       ┆ hb03c661_1           ┆ conda-forge      ┆  874.13 KiB │
#16 207.6  │ │ │ libxcrypt                ┆                          ┆ 4.4.36       ┆ hd590300_1           ┆ conda-forge      ┆   98.04 KiB │
#16 207.6  │ │ │ libzlib                  ┆                          ┆ 1.3.2        ┆ h25fd6f3_2           ┆ conda-forge      ┆   62.14 KiB │
#16 207.6  │ │ │ ncurses                  ┆                          ┆ 6.6          ┆ hdb14827_0           ┆ conda-forge      ┆  897.42 KiB │
#16 207.6  │ │ │ numpy                    ┆                          ┆ 2.4.3        ┆ py312h33ff503_0      ┆ conda-forge      ┆    8.35 MiB │
#16 207.6  │ │ │ openssl                  ┆                          ┆ 3.6.2        ┆ h35e630c_0           ┆ conda-forge      ┆    3.02 MiB │
#16 207.6  │ │ │ pcre2                    ┆                          ┆ 10.47        ┆ haa7fec5_0           ┆ conda-forge      ┆    1.17 MiB │
#16 207.6  │ │ │ perl                     ┆                          ┆ 5.32.1       ┆ 7_hd590300_perl5     ┆ conda-forge      ┆   12.73 MiB │
#16 207.6  │ │ │ python_abi               ┆                          ┆ 3.12         ┆ 8_cp312              ┆ conda-forge      ┆    6.79 KiB │
#16 207.6  │ │ │ readline                 ┆                          ┆ 8.3          ┆ h853b02a_0           ┆ conda-forge      ┆  336.99 KiB │
#16 207.6  │ │ │ rhash                    ┆                          ┆ 1.4.6        ┆ hb9d3cd8_1           ┆ conda-forge      ┆  189.23 KiB │
#16 207.6  │ │ │ ros2-distro-mutex        ┆                          ┆ 0.14.0       ┆ kilted_17            ┆ robostack-kilted ┆    2.32 KiB │
#16 207.6  │ │ │ sysroot_linux-64         ┆                          ┆ 2.28         ┆ h4ee821c_9           ┆ conda-forge      ┆   22.90 MiB │
#16 207.6  │ │ │ tk                       ┆                          ┆ 8.6.13       ┆ noxft_h366c992_103   ┆ conda-forge      ┆    3.15 MiB │
#16 207.6  │ │ │ tzdata                   ┆                          ┆ 2025c        ┆ hc9c84f9_1           ┆ conda-forge      ┆  116.34 KiB │
#16 207.6  │ │ │ zstd                     ┆                          ┆ 1.5.7        ┆ hb78ec9c_6           ┆ conda-forge      ┆  587.28 KiB │
#16 207.6  │ │ ╰──────────────────────────┴──────────────────────────┴──────────────┴──────────────────────┴──────────────────┴─────────────╯
#16 207.6  │ │ Resolved host dependencies(ros-kilted-aic-teleoperation-0.0.1-hb0f4dca_0):
#16 207.6  │ │ ╭──────────────────────────┬──────────────────────────────────────────────┬───────────┬──────────────────────┬──────────────────┬─────────────╮
#16 207.6  │ │ │ Package                  ┆ Spec                                         ┆ Version   ┆ Build                ┆ Channel          ┆        Size │
#16 207.6  │ │ ╞══════════════════════════╪══════════════════════════════════════════════╪═══════════╪══════════════════════╪══════════════════╪═════════════╡
#16 207.6  │ │ │ libgcc                   ┆ libgcc >=15 (RE of [build: gcc_linux-64])    ┆ 15.2.0    ┆ he0feb66_18          ┆ conda-forge      ┆ 1017.37 KiB │
#16 207.6  │ │ │ libstdcxx                ┆ libstdcxx >=15 (RE of [build: gxx_linux-64]) ┆ 15.2.0    ┆ h934c35e_18          ┆ conda-forge      ┆    5.58 MiB │
#16 207.6  │ │ │ numpy                    ┆ numpy                                        ┆ 2.4.3     ┆ py312h33ff503_0      ┆ conda-forge      ┆    8.35 MiB │
#16 207.6  │ │ │ pip                      ┆ pip                                          ┆ 26.0.1    ┆ pyh8b19718_0         ┆ conda-forge      ┆    1.13 MiB │
#16 207.6  │ │ │ pkg-config               ┆ pkg-config                                   ┆ 0.29.2    ┆ h4bc722e_1009        ┆ conda-forge      ┆  112.48 KiB │
#16 207.6  │ │ │ python                   ┆ python                                       ┆ 3.12.13   ┆ hd63d673_0_cpython   ┆ conda-forge      ┆   30.14 MiB │
#16 207.6  │ │ │ ros-kilted-ros-workspace ┆ ros-kilted-ros-workspace                     ┆ 1.0.3     ┆ np2py312h2ed9cc7_17  ┆ robostack-kilted ┆   34.44 KiB │
#16 207.6  │ │ │ ros2-distro-mutex        ┆ ros2-distro-mutex                            ┆ 0.14.0    ┆ kilted_17            ┆ robostack-kilted ┆    2.32 KiB │
#16 207.6  │ │ │ _openmp_mutex            ┆                                              ┆ 4.5       ┆ 20_gnu               ┆ conda-forge      ┆   28.27 KiB │
#16 207.6  │ │ │ bzip2                    ┆                                              ┆ 1.0.8     ┆ hda65f42_9           ┆ conda-forge      ┆  254.08 KiB │
#16 207.6  │ │ │ ca-certificates          ┆                                              ┆ 2026.4.22 ┆ hbd8a1cb_0           ┆ conda-forge      ┆  127.97 KiB │
#16 207.6  │ │ │ icu                      ┆                                              ┆ 78.3      ┆ h33c6efd_0           ┆ conda-forge      ┆   12.13 MiB │
#16 207.6  │ │ │ ld_impl_linux-64         ┆                                              ┆ 2.45.1    ┆ default_hbd61a6d_102 ┆ conda-forge      ┆  710.94 KiB │
#16 207.6  │ │ │ libblas                  ┆                                              ┆ 3.11.0    ┆ 6_h4a7cf45_openblas  ┆ conda-forge      ┆   18.18 KiB │
#16 207.6  │ │ │ libcblas                 ┆                                              ┆ 3.11.0    ┆ 6_h0358290_openblas  ┆ conda-forge      ┆   18.19 KiB │
#16 207.6  │ │ │ libexpat                 ┆                                              ┆ 2.7.5     ┆ hecca717_0           ┆ conda-forge      ┆   74.83 KiB │
#16 207.6  │ │ │ libffi                   ┆                                              ┆ 3.5.2     ┆ h3435931_0           ┆ conda-forge      ┆   57.22 KiB │
#16 207.6  │ │ │ libgcc-ng                ┆                                              ┆ 15.2.0    ┆ h69a702a_18          ┆ conda-forge      ┆   26.88 KiB │
#16 207.6  │ │ │ libgfortran              ┆                                              ┆ 15.2.0    ┆ h69a702a_18          ┆ conda-forge      ┆   26.88 KiB │
#16 207.6  │ │ │ libgfortran5             ┆                                              ┆ 15.2.0    ┆ h68bc16d_18          ┆ conda-forge      ┆    2.37 MiB │
#16 207.6  │ │ │ libgomp                  ┆                                              ┆ 15.2.0    ┆ he0feb66_18          ┆ conda-forge      ┆  589.12 KiB │
#16 207.6  │ │ │ liblapack                ┆                                              ┆ 3.11.0    ┆ 6_h47877c9_openblas  ┆ conda-forge      ┆   18.19 KiB │
#16 207.6  │ │ │ liblzma                  ┆                                              ┆ 5.8.3     ┆ hb03c661_0           ┆ conda-forge      ┆  110.82 KiB │
#16 207.6  │ │ │ libnsl                   ┆                                              ┆ 2.0.1     ┆ hb9d3cd8_1           ┆ conda-forge      ┆   32.94 KiB │
#16 207.6  │ │ │ libopenblas              ┆                                              ┆ 0.3.32    ┆ pthreads_h94d23a6_0  ┆ conda-forge      ┆    5.65 MiB │
#16 207.6  │ │ │ libsqlite                ┆                                              ┆ 3.53.0    ┆ hf4e2dac_0           ┆ conda-forge      ┆  936.39 KiB │
#16 207.6  │ │ │ libuuid                  ┆                                              ┆ 2.42      ┆ h5347b49_0           ┆ conda-forge      ┆   39.35 KiB │
#16 207.6  │ │ │ libxcrypt                ┆                                              ┆ 4.4.36    ┆ hd590300_1           ┆ conda-forge      ┆   98.04 KiB │
#16 207.6  │ │ │ libzlib                  ┆                                              ┆ 1.3.2     ┆ h25fd6f3_2           ┆ conda-forge      ┆   62.14 KiB │
#16 207.6  │ │ │ ncurses                  ┆                                              ┆ 6.6       ┆ hdb14827_0           ┆ conda-forge      ┆  897.42 KiB │
#16 207.6  │ │ │ openssl                  ┆                                              ┆ 3.6.2     ┆ h35e630c_0           ┆ conda-forge      ┆    3.02 MiB │
#16 207.6  │ │ │ packaging                ┆                                              ┆ 26.2      ┆ pyhc364b38_0         ┆ conda-forge      ┆   89.43 KiB │
#16 207.6  │ │ │ python_abi               ┆                                              ┆ 3.12      ┆ 8_cp312              ┆ conda-forge      ┆    6.79 KiB │
#16 207.6  │ │ │ readline                 ┆                                              ┆ 8.3       ┆ h853b02a_0           ┆ conda-forge      ┆  336.99 KiB │
#16 207.6  │ │ │ setuptools               ┆                                              ┆ 82.0.1    ┆ pyh332efcf_0         ┆ conda-forge      ┆  624.70 KiB │
#16 207.6  │ │ │ tk                       ┆                                              ┆ 8.6.13    ┆ noxft_h366c992_103   ┆ conda-forge      ┆    3.15 MiB │
#16 207.6  │ │ │ tzdata                   ┆                                              ┆ 2025c     ┆ hc9c84f9_1           ┆ conda-forge      ┆  116.34 KiB │
#16 207.6  │ │ │ wheel                    ┆                                              ┆ 0.47.0    ┆ pyhd8ed1ab_0         ┆ conda-forge      ┆   32.71 KiB │
#16 207.6  │ │ │ zstd                     ┆                                              ┆ 1.5.7     ┆ hb78ec9c_6           ┆ conda-forge      ┆  587.28 KiB │
#16 207.6  │ │ ╰──────────────────────────┴──────────────────────────────────────────────┴───────────┴──────────────────────┴──────────────────┴─────────────╯
#16 207.6  │ │ Resolved run dependencies(ros-kilted-aic-teleoperation-0.0.1-hb0f4dca_0):
#16 207.6  │ │ ╭───────────────────────────────────┬──────────────────────────────────────────────────────╮
#16 207.6  │ │ │ Name                              ┆ Spec                                                 │
#16 207.6  │ │ ╞═══════════════════════════════════╪══════════════════════════════════════════════════════╡
#16 207.6  │ │ │ Run dependencies                  ┆                                                      │
#16 207.6  │ │ │ libgcc                            ┆ >=15 (RE of [build: gcc_linux-64])                   │
#16 207.6  │ │ │                                   ┆ >=15 (RE of [build: gxx_linux-64])                   │
#16 207.6  │ │ │ libstdcxx                         ┆ >=15 (RE of [build: gxx_linux-64])                   │
#16 207.6  │ │ │ numpy                             ┆ >=1.23,<3 (RE of [host: numpy])                      │
#16 207.6  │ │ │ python_abi                        ┆ 3.12.* *_cp312 (RE of [host: python])                │
#16 207.6  │ │ │ ros-kilted-aic-control-interfaces ┆ *                                                    │
#16 207.6  │ │ │ ros-kilted-geometry-msgs          ┆ *                                                    │
#16 207.6  │ │ │ ros-kilted-rclpy                  ┆ *                                                    │
#16 207.6  │ │ │ ros2-distro-mutex                 ┆ *                                                    │
#16 207.6  │ │ │                                   ┆ >=0.14.0,<0.15.0a0 (RE of [host: ros2-distro-mutex]) │
#16 207.6  │ │ ╰───────────────────────────────────┴──────────────────────────────────────────────────────╯
#16 207.6  │ │
#16 207.6  │ ╰─────────────────── (took 0 seconds)
#16 207.9  │
#16 207.9  │ ╭─ Running build script
#16 207.9  │ │ INFO: activate-binutils_linux-64.sh made the following environmental changes:
#16 207.9  │ │ +ADDR2LINE=x86_64-conda-linux-gnu-addr2line
#16 207.9  │ │ +AR=x86_64-conda-linux-gnu-ar
#16 207.9  │ │ +AS=x86_64-conda-linux-gnu-as
#16 207.9  │ │ +CXXFILT=x86_64-conda-linux-gnu-c++filt
#16 207.9  │ │ +ELFEDIT=x86_64-conda-linux-gnu-elfedit
#16 207.9  │ │ +GPROF=x86_64-conda-linux-gnu-gprof
#16 207.9  │ │ +LD=x86_64-conda-linux-gnu-ld
#16 207.9  │ │ +NM=x86_64-conda-linux-gnu-nm
#16 207.9  │ │ +OBJCOPY=x86_64-conda-linux-gnu-objcopy
#16 207.9  │ │ +OBJDUMP=x86_64-conda-linux-gnu-objdump
#16 207.9  │ │ +RANLIB=x86_64-conda-linux-gnu-ranlib
#16 207.9  │ │ +READELF=x86_64-conda-linux-gnu-readelf
#16 207.9  │ │ +SIZE=x86_64-conda-linux-gnu-size
#16 207.9  │ │ +STRINGS=x86_64-conda-linux-gnu-strings
#16 207.9  │ │ +STRIP=x86_64-conda-linux-gnu-strip
#16 207.9  │ │ INFO: activate-gcc_linux-64.sh made the following environmental changes:
#16 207.9  │ │ +BUILD=x86_64-conda-linux-gnu
#16 207.9  │ │ +CC=x86_64-conda-linux-gnu-cc
#16 207.9  │ │ +CC_FOR_BUILD=x86_64-conda-linux-gnu-cc
#16 208.0  │ │ +CFLAGS=-march=nocona -mtune=haswell -ftree-vectorize -fPIC -fstack-protector-strong -fno-plt -O2 -ffunction-sections -pipe -isystem $PREFIX/include -fdebu
#16 208.0  │ │ g-prefix-map=$SRC_DIR=/usr/local/src/conda/ros-kilted-aic-teleoperation-0.0.1 -fdebug-prefix-map=$PREFIX=/usr/local/src/conda-prefix
#16 208.0  │ │ +CMAKE_ARGS=-DCMAKE_AR=$BUILD_PREFIX/bin/x86_64-conda-linux-gnu-ar -DCMAKE_CXX_COMPILER_AR=$BUILD_PREFIX/bin/x86_64-conda-linux-gnu-gcc-ar -DCMAKE_C_COMPIL
#16 208.0  │ │ ER_AR=$BUILD_PREFIX/bin/x86_64-conda-linux-gnu-gcc-ar -DCMAKE_RANLIB=$BUILD_PREFIX/bin/x86_64-conda-linux-gnu-ranlib -DCMAKE_CXX_COMPILER_RANLIB=$BUILD_PRE
#16 208.0  │ │ FIX/bin/x86_64-conda-linux-gnu-gcc-ranlib -DCMAKE_C_COMPILER_RANLIB=$BUILD_PREFIX/bin/x86_64-conda-linux-gnu-gcc-ranlib -DCMAKE_LINKER=$BUILD_PREFIX/bin/x8
#16 208.0  │ │ 6_64-conda-linux-gnu-ld -DCMAKE_STRIP=$BUILD_PREFIX/bin/x86_64-conda-linux-gnu-strip -DCMAKE_BUILD_TYPE=Release -DCMAKE_FIND_ROOT_PATH_MODE_PROGRAM=NEVER -
#16 208.0  │ │ DCMAKE_FIND_ROOT_PATH_MODE_LIBRARY=ONLY -DCMAKE_FIND_ROOT_PATH_MODE_INCLUDE=ONLY -DCMAKE_FIND_ROOT_PATH=$PREFIX;$BUILD_PREFIX/x86_64-conda-linux-gnu/sysroo
#16 208.0  │ │ t -DCMAKE_INSTALL_PREFIX=$PREFIX -DCMAKE_INSTALL_LIBDIR=lib -DCMAKE_PROGRAM_PATH=$BUILD_PREFIX/bin;$PREFIX/bin
#16 208.0  │ │ +CMAKE_PREFIX_PATH=$PREFIX:$BUILD_PREFIX/x86_64-conda-linux-gnu/sysroot/usr
#16 208.0  │ │ +CONDA_BUILD_CROSS_COMPILATION=
#16 208.0  │ │ +CONDA_BUILD_SYSROOT=$BUILD_PREFIX/x86_64-conda-linux-gnu/sysroot
#16 208.0  │ │ +CONDA_TOOLCHAIN_BUILD=x86_64-conda-linux-gnu
#16 208.0  │ │ +CONDA_TOOLCHAIN_HOST=x86_64-conda-linux-gnu
#16 208.0  │ │ +CPP=x86_64-conda-linux-gnu-cpp
#16 208.0  │ │ +CPPFLAGS=-DNDEBUG -D_FORTIFY_SOURCE=2 -O2 -isystem $PREFIX/include
#16 208.0  │ │ +CPP_FOR_BUILD=x86_64-conda-linux-gnu-cpp
#16 208.0  │ │ +DEBUG_CFLAGS=-march=nocona -mtune=haswell -ftree-vectorize -fPIC -fstack-protector-all -fno-plt -Og -g -Wall -Wextra -fvar-tracking-assignments -ffunction
#16 208.0  │ │ -sections -pipe -isystem $PREFIX/include -fdebug-prefix-map=$SRC_DIR=/usr/local/src/conda/ros-kilted-aic-teleoperation-0.0.1 -fdebug-prefix-map=$PREFIX=/us
#16 208.0  │ │ r/local/src/conda-prefix
#16 208.0  │ │ +DEBUG_CPPFLAGS=-D_DEBUG -D_FORTIFY_SOURCE=2 -Og -isystem $PREFIX/include
#16 208.0  │ │ +GCC=x86_64-conda-linux-gnu-gcc
#16 208.0  │ │ +GCC_AR=x86_64-conda-linux-gnu-gcc-ar
#16 208.0  │ │ +GCC_NM=x86_64-conda-linux-gnu-gcc-nm
#16 208.0  │ │ +GCC_RANLIB=x86_64-conda-linux-gnu-gcc-ranlib
#16 208.0  │ │ +HOST=x86_64-conda-linux-gnu
#16 208.0  │ │ +LDFLAGS=-Wl,-O2 -Wl,--sort-common -Wl,--as-needed -Wl,-z,relro -Wl,-z,now -Wl,--disable-new-dtags -Wl,--gc-sections -Wl,--allow-shlib-undefined -Wl,-rpath
#16 208.0  │ │ ,$PREFIX/lib -Wl,-rpath-link,$PREFIX/lib -L$PREFIX/lib
#16 208.0  │ │ +LDFLAGS_LD=-O2 --sort-common --as-needed -z relro -z now --disable-new-dtags --gc-sections --allow-shlib-undefined -rpath $PREFIX/lib -rpath-link $PREFIX/
#16 208.0  │ │ lib -L$PREFIX/lib
#16 208.0  │ │ +MESON_ARGS=-Dbuildtype=release --prefix=$PREFIX -Dlibdir=lib
#16 208.0  │ │ +build_alias=x86_64-conda-linux-gnu
#16 208.0  │ │ +host_alias=x86_64-conda-linux-gnu
#16 208.0  │ │ -BUILD=x86_64-conda_cos6-linux-gnu
#16 208.0  │ │ -CONDA_BUILD_CROSS_COMPILATION=0
#16 208.0  │ │ INFO: activate-gxx_linux-64.sh made the following environmental changes:
#16 208.0  │ │ +CXX=x86_64-conda-linux-gnu-c++
#16 208.0  │ │ +CXXFLAGS=-fvisibility-inlines-hidden -fmessage-length=0 -march=nocona -mtune=haswell -ftree-vectorize -fPIC -fstack-protector-strong -fno-plt -O2 -ffuncti
#16 208.0  │ │ on-sections -pipe -isystem $PREFIX/include -fdebug-prefix-map=$SRC_DIR=/usr/local/src/conda/ros-kilted-aic-teleoperation-0.0.1 -fdebug-prefix-map=$PREFIX=/
#16 208.0  │ │ usr/local/src/conda-prefix
#16 208.0  │ │ +CXX_FOR_BUILD=x86_64-conda-linux-gnu-c++
#16 208.0  │ │ +DEBUG_CXXFLAGS=-fvisibility-inlines-hidden -fmessage-length=0 -march=nocona -mtune=haswell -ftree-vectorize -fPIC -fstack-protector-all -fno-plt -Og -g -W
#16 208.0  │ │ all -Wextra -fvar-tracking-assignments -ffunction-sections -pipe -isystem $PREFIX/include -fdebug-prefix-map=$SRC_DIR=/usr/local/src/conda/ros-kilted-aic-t
#16 208.0  │ │ eleoperation-0.0.1 -fdebug-prefix-map=$PREFIX=/usr/local/src/conda-prefix
#16 208.0  │ │ +GXX=x86_64-conda-linux-gnu-g++
#16 208.1  │ │ /ws_aic/src/aic/aic_utils/aic_teleoperation $SRC_DIR
#16 208.1  │ │ WARNING: setup.cfg not set, will set INSTALL_SCRIPTS_ARG to: --install-scripts=$PREFIX/lib/aic_teleoperation
#16 209.0  │ │ running install
#16 209.0  │ │ $PREFIX/lib/python3.12/site-packages/setuptools/_distutils/cmd.py:90: SetuptoolsDeprecationWarning: setup.py install is deprecated.
#16 209.0  │ │ !!
#16 209.0  │ │         ********************************************************************************
#16 209.0  │ │         Please avoid running ``setup.py`` directly.
#16 209.0  │ │         Instead, use pypa/build, pypa/installer or other
#16 209.0  │ │         standards-based tools.
#16 209.0  │ │         This deprecation is overdue, please update your project and remove deprecated
#16 209.0  │ │         calls to avoid build errors in the future.
#16 209.0  │ │         See https://blog.ganssle.io/articles/2021/10/setup-py-deprecated.html for details.
#16 209.0  │ │         ********************************************************************************
#16 209.0  │ │ !!
#16 209.0  │ │   self.initialize_options()
#16 209.1  │ │ running build
#16 209.1  │ │ running build_py
#16 209.1  │ │ creating build/lib/aic_teleoperation
#16 209.1  │ │ copying aic_teleoperation/joint_keyboard_teleop_ssh.py -> build/lib/aic_teleoperation
#16 209.1  │ │ copying aic_teleoperation/cartesian_keyboard_teleop_ssh.py -> build/lib/aic_teleoperation
#16 209.1  │ │ copying aic_teleoperation/cartesian_keyboard_teleop.py -> build/lib/aic_teleoperation
#16 209.1  │ │ copying aic_teleoperation/joint_keyboard_teleop.py -> build/lib/aic_teleoperation
#16 209.1  │ │ copying aic_teleoperation/__init__.py -> build/lib/aic_teleoperation
#16 209.1  │ │ running install_lib
#16 209.1  │ │ creating $PREFIX/lib/python3.12/site-packages/aic_teleoperation
#16 209.1  │ │ copying build/lib/aic_teleoperation/joint_keyboard_teleop_ssh.py -> $PREFIX/lib/python3.12/site-packages/aic_teleoperation
#16 209.1  │ │ copying build/lib/aic_teleoperation/cartesian_keyboard_teleop_ssh.py -> $PREFIX/lib/python3.12/site-packages/aic_teleoperation
#16 209.1  │ │ copying build/lib/aic_teleoperation/cartesian_keyboard_teleop.py -> $PREFIX/lib/python3.12/site-packages/aic_teleoperation
#16 209.1  │ │ copying build/lib/aic_teleoperation/joint_keyboard_teleop.py -> $PREFIX/lib/python3.12/site-packages/aic_teleoperation
#16 209.1  │ │ copying build/lib/aic_teleoperation/__init__.py -> $PREFIX/lib/python3.12/site-packages/aic_teleoperation
#16 209.1  │ │ byte-compiling $PREFIX/lib/python3.12/site-packages/aic_teleoperation/joint_keyboard_teleop_ssh.py to joint_keyboard_teleop_ssh.cpython-312.pyc
#16 209.1  │ │ byte-compiling $PREFIX/lib/python3.12/site-packages/aic_teleoperation/cartesian_keyboard_teleop_ssh.py to cartesian_keyboard_teleop_ssh.cpython-312.pyc
#16 209.1  │ │ byte-compiling $PREFIX/lib/python3.12/site-packages/aic_teleoperation/cartesian_keyboard_teleop.py to cartesian_keyboard_teleop.cpython-312.pyc
#16 209.1  │ │ byte-compiling $PREFIX/lib/python3.12/site-packages/aic_teleoperation/joint_keyboard_teleop.py to joint_keyboard_teleop.cpython-312.pyc
#16 209.2  │ │ byte-compiling $PREFIX/lib/python3.12/site-packages/aic_teleoperation/__init__.py to __init__.cpython-312.pyc
#16 209.2  │ │ running install_data
#16 209.2  │ │ copying resource/aic_teleoperation -> $PREFIX/share/ament_index/resource_index/packages
#16 209.2  │ │ creating $PREFIX/share/aic_teleoperation
#16 209.2  │ │ copying package.xml -> $PREFIX/share/aic_teleoperation
#16 209.2  │ │ running install_egg_info
#16 209.2  │ │ running egg_info
#16 209.2  │ │ creating aic_teleoperation.egg-info
#16 209.2  │ │ writing aic_teleoperation.egg-info/PKG-INFO
#16 209.2  │ │ writing dependency_links to aic_teleoperation.egg-info/dependency_links.txt
#16 209.2  │ │ writing entry points to aic_teleoperation.egg-info/entry_points.txt
#16 209.2  │ │ writing requirements to aic_teleoperation.egg-info/requires.txt
#16 209.2  │ │ writing top-level names to aic_teleoperation.egg-info/top_level.txt
#16 209.2  │ │ writing manifest file 'aic_teleoperation.egg-info/SOURCES.txt'
#16 209.2  │ │ reading manifest file 'aic_teleoperation.egg-info/SOURCES.txt'
#16 209.2  │ │ writing manifest file 'aic_teleoperation.egg-info/SOURCES.txt'
#16 209.2  │ │ Copying aic_teleoperation.egg-info to $PREFIX/lib/python3.12/site-packages/aic_teleoperation-0.0.0-py3.12.egg-info
#16 209.2  │ │ running install_scripts
#16 209.3  │ │ Installing cartesian_keyboard_teleop script to $PREFIX/lib/aic_teleoperation
#16 209.3  │ │ Installing cartesian_keyboard_teleop_ssh script to $PREFIX/lib/aic_teleoperation
#16 209.3  │ │ Installing joint_keyboard_teleop script to $PREFIX/lib/aic_teleoperation
#16 209.3  │ │ Installing joint_keyboard_teleop_ssh script to $PREFIX/lib/aic_teleoperation
#16 209.3  │ │ writing list of installed files to 'files.txt'
#16 209.3  │ │
#16 209.3  │ ╰─────────────────── (took 2 seconds)
#16 209.5  │
#16 209.5  │ ╭─ Packaging new files
#16 209.5  │ │ Copying done!
#16 209.6  │ │ Post-processing done!
#16 209.6  │ │ Writing test files
#16 209.6  │ │ Writing metadata for package
#16 209.6  │ │ Copying license files
#16 209.6  │ │ Copying recipe files
#16 209.6  │ │ 
#16 209.6  │ │ Files in package:
#16 209.6  │ │   ├─ lib/aic_teleoperation/cartesian_keyboard_teleop (1.24 KiB) [prefix:text]
#16 209.6  │ │   ├─ lib/aic_teleoperation/cartesian_keyboard_teleop_ssh (1.25 KiB) [prefix:text]
#16 209.6  │ │   ├─ lib/aic_teleoperation/joint_keyboard_teleop (1.24 KiB) [prefix:text]
#16 209.6  │ │   ├─ lib/aic_teleoperation/joint_keyboard_teleop_ssh (1.24 KiB) [prefix:text]
#16 209.6  │ │   ├─ lib/python3.12/site-packages/aic_teleoperation/__init__.py (0 B)
#16 209.6  │ │   ├─ lib/python3.12/site-packages/aic_teleoperation/__pycache__/__init__.cpython-312.pyc (414 B)
#16 209.6  │ │   ├─ lib/python3.12/site-packages/aic_teleoperation/__pycache__/cartesian_keyboard_teleop.cpython-312.pyc (13.00 KiB)
#16 209.6  │ │   ├─ lib/python3.12/site-packages/aic_teleoperation/__pycache__/cartesian_keyboard_teleop_ssh.cpython-312.pyc (13.56 KiB)
#16 209.6  │ │   ├─ lib/python3.12/site-packages/aic_teleoperation/__pycache__/joint_keyboard_teleop.cpython-312.pyc (10.20 KiB)
#16 209.6  │ │   ├─ lib/python3.12/site-packages/aic_teleoperation/__pycache__/joint_keyboard_teleop_ssh.cpython-312.pyc (11.06 KiB)
#16 209.6  │ │   ├─ lib/python3.12/site-packages/aic_teleoperation/cartesian_keyboard_teleop.py (9.39 KiB)
#16 209.6  │ │   ├─ lib/python3.12/site-packages/aic_teleoperation/cartesian_keyboard_teleop_ssh.py (9.31 KiB)
#16 209.6  │ │   ├─ lib/python3.12/site-packages/aic_teleoperation/joint_keyboard_teleop.py (7.50 KiB)
#16 209.6  │ │   ├─ lib/python3.12/site-packages/aic_teleoperation/joint_keyboard_teleop_ssh.py (7.89 KiB)
#16 209.6  │ │   ├─ lib/python3.12/site-packages/aic_teleoperation-0.0.0-py3.12.egg-info/PKG-INFO (320 B)
#16 209.6  │ │   ├─ lib/python3.12/site-packages/aic_teleoperation-0.0.0-py3.12.egg-info/SOURCES.txt (569 B)
#16 209.6  │ │   ├─ lib/python3.12/site-packages/aic_teleoperation-0.0.0-py3.12.egg-info/dependency_links.txt (1 B)
#16 209.6  │ │   ├─ lib/python3.12/site-packages/aic_teleoperation-0.0.0-py3.12.egg-info/entry_points.txt (326 B)
#16 209.6  │ │   ├─ lib/python3.12/site-packages/aic_teleoperation-0.0.0-py3.12.egg-info/requires.txt (11 B)
#16 209.6  │ │   ├─ lib/python3.12/site-packages/aic_teleoperation-0.0.0-py3.12.egg-info/top_level.txt (18 B)
#16 209.6  │ │   ├─ lib/python3.12/site-packages/aic_teleoperation-0.0.0-py3.12.egg-info/zip-safe (1 B)
#16 209.6  │ │   ├─ share/aic_teleoperation/package.xml (911 B)
#16 209.6  │ │   ├─ share/ament_index/resource_index/packages/aic_teleoperation (0 B)
#16 209.6  │ │   ├─ info/about.json (196 B)
#16 209.6  │ │   ├─ info/hash_input.json (31 B)
#16 209.6  │ │   ├─ info/index.json (529 B)
#16 209.6  │ │   ├─ info/paths.json (6.83 KiB)
#16 209.6  │ │   └─ info/tests/tests.yaml (3 B)
#16 209.6  │ │ 
#16 209.6  │ │ Package statistics: 28 files (23 content, 5 metadata), total size: 96.97 KiB
#16 209.6  │ │ Largest files:
#16 209.6  │ │   13.56 KiB - lib/python3.12/site-packages/aic_teleoperation/__pycache__/cartesian_keyboard_teleop_ssh.cpython-312.pyc
#16 209.6  │ │   13.00 KiB - lib/python3.12/site-packages/aic_teleoperation/__pycache__/cartesian_keyboard_teleop.cpython-312.pyc
#16 209.6  │ │   11.06 KiB - lib/python3.12/site-packages/aic_teleoperation/__pycache__/joint_keyboard_teleop_ssh.cpython-312.pyc
#16 209.6  │ │   10.20 KiB - lib/python3.12/site-packages/aic_teleoperation/__pycache__/joint_keyboard_teleop.cpython-312.pyc
#16 209.6  │ │   9.39 KiB - lib/python3.12/site-packages/aic_teleoperation/cartesian_keyboard_teleop.py
#16 209.6  │ │ Creating target folder '/ws_aic/src/aic/.pixi/build/work/ros-kilted-aic-teleoperation-9iD04knWZ2g-thgBGAeBgEM/output/linux-64'
#16 209.6  │ │ Compressing archive...
#16 209.6  │ │ Archive written to '/ws_aic/src/aic/.pixi/build/work/ros-kilted-aic-teleoperation-9iD04knWZ2g-thgBGAeBgEM/output/linux-64/ros-kilted-aic-teleoperation-0.0.
#16 209.6  │ │ 1-hb0f4dca_0.conda'
#16 209.6  │ │
#16 209.6  │ ╰─────────────────── (took 0 seconds)
#16 209.6  │
#16 209.6  ╰─────────────────── (took 2 seconds)
#16 214.7 
#16 214.7  ╭─ Running build for recipe: ros-kilted-lerobot-robot-aic-0.0.1-hb0f4dca_0
#16 214.7  │
#16 214.7  │ ╭─ Fetching source code
#16 214.7  │ │ No sources to fetch
#16 214.7  │ │
#16 214.7  │ ╰─────────────────── (took 0 seconds)
#16 214.7  │
#16 214.7  │ ╭─ Externally resolved dependencies recipe: ros-kilted-lerobot-robot-aic-0.0.1-hb0f4dca_0
#16 214.7  │ │ 
#16 214.7  │ │ Resolved build dependencies(ros-kilted-lerobot-robot-aic-0.0.1-hb0f4dca_0):
#16 214.7  │ │ ╭──────────────────────────┬──────────────────────────┬──────────────┬──────────────────────┬──────────────────┬─────────────╮
#16 214.7  │ │ │ Package                  ┆ Spec                     ┆ Version      ┆ Build                ┆ Channel          ┆        Size │
#16 214.7  │ │ ╞══════════════════════════╪══════════════════════════╪══════════════╪══════════════════════╪══════════════════╪═════════════╡
#16 214.7  │ │ │ cmake                    ┆ cmake                    ┆ 4.3.2        ┆ hc85cc9f_0           ┆ conda-forge      ┆   22.01 MiB │
#16 214.7  │ │ │ coreutils                ┆ coreutils                ┆ 9.5          ┆ hd590300_0           ┆ conda-forge      ┆    2.87 MiB │
#16 214.7  │ │ │ cpython                  ┆ cpython                  ┆ 3.12.13      ┆ py312hd8ed1ab_0      ┆ conda-forge      ┆   45.37 KiB │
#16 214.7  │ │ │ gcc_linux-64             ┆ gcc_linux-64             ┆ 15.2.0       ┆ h7be306e_24          ┆ conda-forge      ┆   28.40 KiB │
#16 214.7  │ │ │ git                      ┆ git                      ┆ 2.53.0       ┆ pl5321h6d3cee1_0     ┆ conda-forge      ┆   10.92 MiB │
#16 214.7  │ │ │ git-lfs                  ┆ git-lfs                  ┆ 3.7.1        ┆ ha8f183a_1           ┆ conda-forge      ┆    4.23 MiB │
#16 214.7  │ │ │ gxx_linux-64             ┆ gxx_linux-64             ┆ 15.2.0       ┆ he30e93d_24          ┆ conda-forge      ┆   26.96 KiB │
#16 214.7  │ │ │ make                     ┆ make                     ┆ 4.4.1        ┆ hb9d3cd8_2           ┆ conda-forge      ┆  501.06 KiB │
#16 214.7  │ │ │ ninja                    ┆ ninja                    ┆ 1.13.2       ┆ h171cf75_0           ┆ conda-forge      ┆  181.96 KiB │
#16 214.7  │ │ │ patch                    ┆ patch                    ┆ 2.8          ┆ hb03c661_1002        ┆ conda-forge      ┆  114.47 KiB │
#16 214.7  │ │ │ python                   ┆ python                   ┆ 3.12.13      ┆ hd63d673_0_cpython   ┆ conda-forge      ┆   30.14 MiB │
#16 214.7  │ │ │ ros-kilted-ros-workspace ┆ ros-kilted-ros-workspace ┆ 1.0.3        ┆ np2py312h2ed9cc7_17  ┆ robostack-kilted ┆   34.44 KiB │
#16 214.7  │ │ │ setuptools               ┆ setuptools               ┆ 82.0.1       ┆ pyh332efcf_0         ┆ conda-forge      ┆  624.70 KiB │
#16 214.7  │ │ │ _openmp_mutex            ┆                          ┆ 4.5          ┆ 20_gnu               ┆ conda-forge      ┆   28.27 KiB │
#16 214.7  │ │ │ binutils_impl_linux-64   ┆                          ┆ 2.45.1       ┆ default_hfdba357_102 ┆ conda-forge      ┆    3.49 MiB │
#16 214.7  │ │ │ binutils_linux-64        ┆                          ┆ 2.45.1       ┆ default_h4852527_102 ┆ conda-forge      ┆   35.45 KiB │
#16 214.7  │ │ │ bzip2                    ┆                          ┆ 1.0.8        ┆ hda65f42_9           ┆ conda-forge      ┆  254.08 KiB │
#16 214.7  │ │ │ c-ares                   ┆                          ┆ 1.34.6       ┆ hb03c661_0           ┆ conda-forge      ┆  203.01 KiB │
#16 214.7  │ │ │ ca-certificates          ┆                          ┆ 2026.4.22    ┆ hbd8a1cb_0           ┆ conda-forge      ┆  127.97 KiB │
#16 214.7  │ │ │ gcc_impl_linux-64        ┆                          ┆ 15.2.0       ┆ he420e7e_18          ┆ conda-forge      ┆   78.02 MiB │
#16 214.7  │ │ │ gxx_impl_linux-64        ┆                          ┆ 15.2.0       ┆ hda75c37_18          ┆ conda-forge      ┆   14.87 MiB │
#16 214.7  │ │ │ icu                      ┆                          ┆ 78.3         ┆ h33c6efd_0           ┆ conda-forge      ┆   12.13 MiB │
#16 214.7  │ │ │ kernel-headers_linux-64  ┆                          ┆ 4.18.0       ┆ he073ed8_9           ┆ conda-forge      ┆    1.22 MiB │
#16 214.7  │ │ │ keyutils                 ┆                          ┆ 1.6.3        ┆ hb9d3cd8_0           ┆ conda-forge      ┆  130.95 KiB │
#16 214.7  │ │ │ krb5                     ┆                          ┆ 1.22.2       ┆ ha1258a1_0           ┆ conda-forge      ┆    1.32 MiB │
#16 214.7  │ │ │ ld_impl_linux-64         ┆                          ┆ 2.45.1       ┆ default_hbd61a6d_102 ┆ conda-forge      ┆  710.94 KiB │
#16 214.7  │ │ │ libblas                  ┆                          ┆ 3.11.0       ┆ 6_h4a7cf45_openblas  ┆ conda-forge      ┆   18.18 KiB │
#16 214.7  │ │ │ libcblas                 ┆                          ┆ 3.11.0       ┆ 6_h0358290_openblas  ┆ conda-forge      ┆   18.19 KiB │
#16 214.7  │ │ │ libcurl                  ┆                          ┆ 8.19.0       ┆ hcf29cc6_0           ┆ conda-forge      ┆  455.77 KiB │
#16 214.7  │ │ │ libedit                  ┆                          ┆ 3.1.20250104 ┆ pl5321h7949ede_0     ┆ conda-forge      ┆  131.52 KiB │
#16 214.7  │ │ │ libev                    ┆                          ┆ 4.33         ┆ hd590300_2           ┆ conda-forge      ┆  110.12 KiB │
#16 214.7  │ │ │ libexpat                 ┆                          ┆ 2.7.5        ┆ hecca717_0           ┆ conda-forge      ┆   74.83 KiB │
#16 214.7  │ │ │ libffi                   ┆                          ┆ 3.5.2        ┆ h3435931_0           ┆ conda-forge      ┆   57.22 KiB │
#16 214.7  │ │ │ libgcc                   ┆                          ┆ 15.2.0       ┆ he0feb66_18          ┆ conda-forge      ┆ 1017.37 KiB │
#16 214.7  │ │ │ libgcc-devel_linux-64    ┆                          ┆ 15.2.0       ┆ hcc6f6b0_118         ┆ conda-forge      ┆    2.94 MiB │
#16 214.7  │ │ │ libgcc-ng                ┆                          ┆ 15.2.0       ┆ h69a702a_18          ┆ conda-forge      ┆   26.88 KiB │
#16 214.7  │ │ │ libgfortran              ┆                          ┆ 15.2.0       ┆ h69a702a_18          ┆ conda-forge      ┆   26.88 KiB │
#16 214.7  │ │ │ libgfortran5             ┆                          ┆ 15.2.0       ┆ h68bc16d_18          ┆ conda-forge      ┆    2.37 MiB │
#16 214.7  │ │ │ libgomp                  ┆                          ┆ 15.2.0       ┆ he0feb66_18          ┆ conda-forge      ┆  589.12 KiB │
#16 214.7  │ │ │ libiconv                 ┆                          ┆ 1.18         ┆ h3b78370_2           ┆ conda-forge      ┆  771.66 KiB │
#16 214.7  │ │ │ liblapack                ┆                          ┆ 3.11.0       ┆ 6_h47877c9_openblas  ┆ conda-forge      ┆   18.19 KiB │
#16 214.7  │ │ │ liblzma                  ┆                          ┆ 5.8.3        ┆ hb03c661_0           ┆ conda-forge      ┆  110.82 KiB │
#16 214.7  │ │ │ libnghttp2               ┆                          ┆ 1.68.1       ┆ h877daf1_0           ┆ conda-forge      ┆  647.80 KiB │
#16 214.7  │ │ │ libnsl                   ┆                          ┆ 2.0.1        ┆ hb9d3cd8_1           ┆ conda-forge      ┆   32.94 KiB │
#16 214.7  │ │ │ libopenblas              ┆                          ┆ 0.3.32       ┆ pthreads_h94d23a6_0  ┆ conda-forge      ┆    5.65 MiB │
#16 214.7  │ │ │ libsanitizer             ┆                          ┆ 15.2.0       ┆ h90f66d4_18          ┆ conda-forge      ┆    7.72 MiB │
#16 214.7  │ │ │ libsqlite                ┆                          ┆ 3.53.0       ┆ hf4e2dac_0           ┆ conda-forge      ┆  936.39 KiB │
#16 214.7  │ │ │ libssh2                  ┆                          ┆ 1.11.1       ┆ hcf80075_0           ┆ conda-forge      ┆  297.65 KiB │
#16 214.7  │ │ │ libstdcxx                ┆                          ┆ 15.2.0       ┆ h934c35e_18          ┆ conda-forge      ┆    5.58 MiB │
#16 214.7  │ │ │ libstdcxx-devel_linux-64 ┆                          ┆ 15.2.0       ┆ hd446a21_118         ┆ conda-forge      ┆   19.71 MiB │
#16 214.7  │ │ │ libuuid                  ┆                          ┆ 2.42         ┆ h5347b49_0           ┆ conda-forge      ┆   39.35 KiB │
#16 214.7  │ │ │ libuv                    ┆                          ┆ 1.51.0       ┆ hb03c661_1           ┆ conda-forge      ┆  874.13 KiB │
#16 214.7  │ │ │ libxcrypt                ┆                          ┆ 4.4.36       ┆ hd590300_1           ┆ conda-forge      ┆   98.04 KiB │
#16 214.7  │ │ │ libzlib                  ┆                          ┆ 1.3.2        ┆ h25fd6f3_2           ┆ conda-forge      ┆   62.14 KiB │
#16 214.7  │ │ │ ncurses                  ┆                          ┆ 6.6          ┆ hdb14827_0           ┆ conda-forge      ┆  897.42 KiB │
#16 214.7  │ │ │ numpy                    ┆                          ┆ 2.4.3        ┆ py312h33ff503_0      ┆ conda-forge      ┆    8.35 MiB │
#16 214.7  │ │ │ openssl                  ┆                          ┆ 3.6.2        ┆ h35e630c_0           ┆ conda-forge      ┆    3.02 MiB │
#16 214.7  │ │ │ pcre2                    ┆                          ┆ 10.47        ┆ haa7fec5_0           ┆ conda-forge      ┆    1.17 MiB │
#16 214.7  │ │ │ perl                     ┆                          ┆ 5.32.1       ┆ 7_hd590300_perl5     ┆ conda-forge      ┆   12.73 MiB │
#16 214.7  │ │ │ python_abi               ┆                          ┆ 3.12         ┆ 8_cp312              ┆ conda-forge      ┆    6.79 KiB │
#16 214.7  │ │ │ readline                 ┆                          ┆ 8.3          ┆ h853b02a_0           ┆ conda-forge      ┆  336.99 KiB │
#16 214.7  │ │ │ rhash                    ┆                          ┆ 1.4.6        ┆ hb9d3cd8_1           ┆ conda-forge      ┆  189.23 KiB │
#16 214.7  │ │ │ ros2-distro-mutex        ┆                          ┆ 0.14.0       ┆ kilted_17            ┆ robostack-kilted ┆    2.32 KiB │
#16 214.7  │ │ │ sysroot_linux-64         ┆                          ┆ 2.28         ┆ h4ee821c_9           ┆ conda-forge      ┆   22.90 MiB │
#16 214.7  │ │ │ tk                       ┆                          ┆ 8.6.13       ┆ noxft_h366c992_103   ┆ conda-forge      ┆    3.15 MiB │
#16 214.7  │ │ │ tzdata                   ┆                          ┆ 2025c        ┆ hc9c84f9_1           ┆ conda-forge      ┆  116.34 KiB │
#16 214.7  │ │ │ zstd                     ┆                          ┆ 1.5.7        ┆ hb78ec9c_6           ┆ conda-forge      ┆  587.28 KiB │
#16 214.7  │ │ ╰──────────────────────────┴──────────────────────────┴──────────────┴──────────────────────┴──────────────────┴─────────────╯
#16 214.7  │ │ Resolved host dependencies(ros-kilted-lerobot-robot-aic-0.0.1-hb0f4dca_0):
#16 214.7  │ │ ╭──────────────────────────┬──────────────────────────────────────────────┬───────────┬──────────────────────┬──────────────────┬─────────────╮
#16 214.7  │ │ │ Package                  ┆ Spec                                         ┆ Version   ┆ Build                ┆ Channel          ┆        Size │
#16 214.7  │ │ ╞══════════════════════════╪══════════════════════════════════════════════╪═══════════╪══════════════════════╪══════════════════╪═════════════╡
#16 214.7  │ │ │ libgcc                   ┆ libgcc >=15 (RE of [build: gcc_linux-64])    ┆ 15.2.0    ┆ he0feb66_18          ┆ conda-forge      ┆ 1017.37 KiB │
#16 214.7  │ │ │ libstdcxx                ┆ libstdcxx >=15 (RE of [build: gxx_linux-64]) ┆ 15.2.0    ┆ h934c35e_18          ┆ conda-forge      ┆    5.58 MiB │
#16 214.7  │ │ │ numpy                    ┆ numpy                                        ┆ 2.4.3     ┆ py312h33ff503_0      ┆ conda-forge      ┆    8.35 MiB │
#16 214.7  │ │ │ pip                      ┆ pip                                          ┆ 26.0.1    ┆ pyh8b19718_0         ┆ conda-forge      ┆    1.13 MiB │
#16 214.7  │ │ │ pkg-config               ┆ pkg-config                                   ┆ 0.29.2    ┆ h4bc722e_1009        ┆ conda-forge      ┆  112.48 KiB │
#16 214.7  │ │ │ python                   ┆ python                                       ┆ 3.12.13   ┆ hd63d673_0_cpython   ┆ conda-forge      ┆   30.14 MiB │
#16 214.7  │ │ │ ros-kilted-ros-workspace ┆ ros-kilted-ros-workspace                     ┆ 1.0.3     ┆ np2py312h2ed9cc7_17  ┆ robostack-kilted ┆   34.44 KiB │
#16 214.7  │ │ │ ros2-distro-mutex        ┆ ros2-distro-mutex                            ┆ 0.14.0    ┆ kilted_17            ┆ robostack-kilted ┆    2.32 KiB │
#16 214.7  │ │ │ _openmp_mutex            ┆                                              ┆ 4.5       ┆ 20_gnu               ┆ conda-forge      ┆   28.27 KiB │
#16 214.7  │ │ │ bzip2                    ┆                                              ┆ 1.0.8     ┆ hda65f42_9           ┆ conda-forge      ┆  254.08 KiB │
#16 214.7  │ │ │ ca-certificates          ┆                                              ┆ 2026.4.22 ┆ hbd8a1cb_0           ┆ conda-forge      ┆  127.97 KiB │
#16 214.7  │ │ │ icu                      ┆                                              ┆ 78.3      ┆ h33c6efd_0           ┆ conda-forge      ┆   12.13 MiB │
#16 214.7  │ │ │ ld_impl_linux-64         ┆                                              ┆ 2.45.1    ┆ default_hbd61a6d_102 ┆ conda-forge      ┆  710.94 KiB │
#16 214.7  │ │ │ libblas                  ┆                                              ┆ 3.11.0    ┆ 6_h4a7cf45_openblas  ┆ conda-forge      ┆   18.18 KiB │
#16 214.7  │ │ │ libcblas                 ┆                                              ┆ 3.11.0    ┆ 6_h0358290_openblas  ┆ conda-forge      ┆   18.19 KiB │
#16 214.7  │ │ │ libexpat                 ┆                                              ┆ 2.7.5     ┆ hecca717_0           ┆ conda-forge      ┆   74.83 KiB │
#16 214.7  │ │ │ libffi                   ┆                                              ┆ 3.5.2     ┆ h3435931_0           ┆ conda-forge      ┆   57.22 KiB │
#16 214.7  │ │ │ libgcc-ng                ┆                                              ┆ 15.2.0    ┆ h69a702a_18          ┆ conda-forge      ┆   26.88 KiB │
#16 214.7  │ │ │ libgfortran              ┆                                              ┆ 15.2.0    ┆ h69a702a_18          ┆ conda-forge      ┆   26.88 KiB │
#16 214.7  │ │ │ libgfortran5             ┆                                              ┆ 15.2.0    ┆ h68bc16d_18          ┆ conda-forge      ┆    2.37 MiB │
#16 214.7  │ │ │ libgomp                  ┆                                              ┆ 15.2.0    ┆ he0feb66_18          ┆ conda-forge      ┆  589.12 KiB │
#16 214.7  │ │ │ liblapack                ┆                                              ┆ 3.11.0    ┆ 6_h47877c9_openblas  ┆ conda-forge      ┆   18.19 KiB │
#16 214.7  │ │ │ liblzma                  ┆                                              ┆ 5.8.3     ┆ hb03c661_0           ┆ conda-forge      ┆  110.82 KiB │
#16 214.7  │ │ │ libnsl                   ┆                                              ┆ 2.0.1     ┆ hb9d3cd8_1           ┆ conda-forge      ┆   32.94 KiB │
#16 214.7  │ │ │ libopenblas              ┆                                              ┆ 0.3.32    ┆ pthreads_h94d23a6_0  ┆ conda-forge      ┆    5.65 MiB │
#16 214.7  │ │ │ libsqlite                ┆                                              ┆ 3.53.0    ┆ hf4e2dac_0           ┆ conda-forge      ┆  936.39 KiB │
#16 214.7  │ │ │ libuuid                  ┆                                              ┆ 2.42      ┆ h5347b49_0           ┆ conda-forge      ┆   39.35 KiB │
#16 214.7  │ │ │ libxcrypt                ┆                                              ┆ 4.4.36    ┆ hd590300_1           ┆ conda-forge      ┆   98.04 KiB │
#16 214.7  │ │ │ libzlib                  ┆                                              ┆ 1.3.2     ┆ h25fd6f3_2           ┆ conda-forge      ┆   62.14 KiB │
#16 214.7  │ │ │ ncurses                  ┆                                              ┆ 6.6       ┆ hdb14827_0           ┆ conda-forge      ┆  897.42 KiB │
#16 214.7  │ │ │ openssl                  ┆                                              ┆ 3.6.2     ┆ h35e630c_0           ┆ conda-forge      ┆    3.02 MiB │
#16 214.7  │ │ │ packaging                ┆                                              ┆ 26.2      ┆ pyhc364b38_0         ┆ conda-forge      ┆   89.43 KiB │
#16 214.7  │ │ │ python_abi               ┆                                              ┆ 3.12      ┆ 8_cp312              ┆ conda-forge      ┆    6.79 KiB │
#16 214.7  │ │ │ readline                 ┆                                              ┆ 8.3       ┆ h853b02a_0           ┆ conda-forge      ┆  336.99 KiB │
#16 214.7  │ │ │ setuptools               ┆                                              ┆ 82.0.1    ┆ pyh332efcf_0         ┆ conda-forge      ┆  624.70 KiB │
#16 214.7  │ │ │ tk                       ┆                                              ┆ 8.6.13    ┆ noxft_h366c992_103   ┆ conda-forge      ┆    3.15 MiB │
#16 214.7  │ │ │ tzdata                   ┆                                              ┆ 2025c     ┆ hc9c84f9_1           ┆ conda-forge      ┆  116.34 KiB │
#16 214.7  │ │ │ wheel                    ┆                                              ┆ 0.47.0    ┆ pyhd8ed1ab_0         ┆ conda-forge      ┆   32.71 KiB │
#16 214.7  │ │ │ zstd                     ┆                                              ┆ 1.5.7     ┆ hb78ec9c_6           ┆ conda-forge      ┆  587.28 KiB │
#16 214.7  │ │ ╰──────────────────────────┴──────────────────────────────────────────────┴───────────┴──────────────────────┴──────────────────┴─────────────╯
#16 214.7  │ │ Resolved run dependencies(ros-kilted-lerobot-robot-aic-0.0.1-hb0f4dca_0):
#16 214.7  │ │ ╭───────────────────────────────────┬──────────────────────────────────────────────────────╮
#16 214.7  │ │ │ Name                              ┆ Spec                                                 │
#16 214.7  │ │ ╞═══════════════════════════════════╪══════════════════════════════════════════════════════╡
#16 214.7  │ │ │ Run dependencies                  ┆                                                      │
#16 214.7  │ │ │ libgcc                            ┆ >=15 (RE of [build: gcc_linux-64])                   │
#16 214.7  │ │ │                                   ┆ >=15 (RE of [build: gxx_linux-64])                   │
#16 214.7  │ │ │ libopencv                         ┆ *                                                    │
#16 214.7  │ │ │ libstdcxx                         ┆ >=15 (RE of [build: gxx_linux-64])                   │
#16 214.7  │ │ │ numpy                             ┆ >=1.23,<3 (RE of [host: numpy])                      │
#16 214.7  │ │ │ py-opencv                         ┆ *                                                    │
#16 214.7  │ │ │ python_abi                        ┆ 3.12.* *_cp312 (RE of [host: python])                │
#16 214.7  │ │ │ ros-kilted-aic-control-interfaces ┆ *                                                    │
#16 214.7  │ │ │ ros-kilted-geometry-msgs          ┆ *                                                    │
#16 214.7  │ │ │ ros-kilted-sensor-msgs            ┆ *                                                    │
#16 214.7  │ │ │ ros-kilted-std-msgs               ┆ *                                                    │
#16 214.7  │ │ │ ros2-distro-mutex                 ┆ *                                                    │
#16 214.7  │ │ │                                   ┆ >=0.14.0,<0.15.0a0 (RE of [host: ros2-distro-mutex]) │
#16 214.7  │ │ ╰───────────────────────────────────┴──────────────────────────────────────────────────────╯
#16 214.7  │ │
#16 214.7  │ ╰─────────────────── (took 0 seconds)
#16 215.1  │
#16 215.1  │ ╭─ Running build script
#16 215.1  │ │ INFO: activate-binutils_linux-64.sh made the following environmental changes:
#16 215.1  │ │ +ADDR2LINE=x86_64-conda-linux-gnu-addr2line
#16 215.1  │ │ +AR=x86_64-conda-linux-gnu-ar
#16 215.1  │ │ +AS=x86_64-conda-linux-gnu-as
#16 215.1  │ │ +CXXFILT=x86_64-conda-linux-gnu-c++filt
#16 215.1  │ │ +ELFEDIT=x86_64-conda-linux-gnu-elfedit
#16 215.1  │ │ +GPROF=x86_64-conda-linux-gnu-gprof
#16 215.1  │ │ +LD=x86_64-conda-linux-gnu-ld
#16 215.1  │ │ +NM=x86_64-conda-linux-gnu-nm
#16 215.1  │ │ +OBJCOPY=x86_64-conda-linux-gnu-objcopy
#16 215.1  │ │ +OBJDUMP=x86_64-conda-linux-gnu-objdump
#16 215.1  │ │ +RANLIB=x86_64-conda-linux-gnu-ranlib
#16 215.1  │ │ +READELF=x86_64-conda-linux-gnu-readelf
#16 215.1  │ │ +SIZE=x86_64-conda-linux-gnu-size
#16 215.1  │ │ +STRINGS=x86_64-conda-linux-gnu-strings
#16 215.1  │ │ +STRIP=x86_64-conda-linux-gnu-strip
#16 215.1  │ │ INFO: activate-gcc_linux-64.sh made the following environmental changes:
#16 215.1  │ │ +BUILD=x86_64-conda-linux-gnu
#16 215.1  │ │ +CC=x86_64-conda-linux-gnu-cc
#16 215.1  │ │ +CC_FOR_BUILD=x86_64-conda-linux-gnu-cc
#16 215.2  │ │ +CFLAGS=-march=nocona -mtune=haswell -ftree-vectorize -fPIC -fstack-protector-strong -fno-plt -O2 -ffunction-sections -pipe -isystem $PREFIX/include -fdebu
#16 215.2  │ │ g-prefix-map=$SRC_DIR=/usr/local/src/conda/ros-kilted-lerobot-robot-aic-0.0.1 -fdebug-prefix-map=$PREFIX=/usr/local/src/conda-prefix
#16 215.2  │ │ +CMAKE_ARGS=-DCMAKE_AR=$BUILD_PREFIX/bin/x86_64-conda-linux-gnu-ar -DCMAKE_CXX_COMPILER_AR=$BUILD_PREFIX/bin/x86_64-conda-linux-gnu-gcc-ar -DCMAKE_C_COMPIL
#16 215.2  │ │ ER_AR=$BUILD_PREFIX/bin/x86_64-conda-linux-gnu-gcc-ar -DCMAKE_RANLIB=$BUILD_PREFIX/bin/x86_64-conda-linux-gnu-ranlib -DCMAKE_CXX_COMPILER_RANLIB=$BUILD_PRE
#16 215.2  │ │ FIX/bin/x86_64-conda-linux-gnu-gcc-ranlib -DCMAKE_C_COMPILER_RANLIB=$BUILD_PREFIX/bin/x86_64-conda-linux-gnu-gcc-ranlib -DCMAKE_LINKER=$BUILD_PREFIX/bin/x8
#16 215.2  │ │ 6_64-conda-linux-gnu-ld -DCMAKE_STRIP=$BUILD_PREFIX/bin/x86_64-conda-linux-gnu-strip -DCMAKE_BUILD_TYPE=Release -DCMAKE_FIND_ROOT_PATH_MODE_PROGRAM=NEVER -
#16 215.2  │ │ DCMAKE_FIND_ROOT_PATH_MODE_LIBRARY=ONLY -DCMAKE_FIND_ROOT_PATH_MODE_INCLUDE=ONLY -DCMAKE_FIND_ROOT_PATH=$PREFIX;$BUILD_PREFIX/x86_64-conda-linux-gnu/sysroo
#16 215.2  │ │ t -DCMAKE_INSTALL_PREFIX=$PREFIX -DCMAKE_INSTALL_LIBDIR=lib -DCMAKE_PROGRAM_PATH=$BUILD_PREFIX/bin;$PREFIX/bin
#16 215.2  │ │ +CMAKE_PREFIX_PATH=$PREFIX:$BUILD_PREFIX/x86_64-conda-linux-gnu/sysroot/usr
#16 215.2  │ │ +CONDA_BUILD_CROSS_COMPILATION=
#16 215.2  │ │ +CONDA_BUILD_SYSROOT=$BUILD_PREFIX/x86_64-conda-linux-gnu/sysroot
#16 215.2  │ │ +CONDA_TOOLCHAIN_BUILD=x86_64-conda-linux-gnu
#16 215.2  │ │ +CONDA_TOOLCHAIN_HOST=x86_64-conda-linux-gnu
#16 215.2  │ │ +CPP=x86_64-conda-linux-gnu-cpp
#16 215.2  │ │ +CPPFLAGS=-DNDEBUG -D_FORTIFY_SOURCE=2 -O2 -isystem $PREFIX/include
#16 215.2  │ │ +CPP_FOR_BUILD=x86_64-conda-linux-gnu-cpp
#16 215.2  │ │ +DEBUG_CFLAGS=-march=nocona -mtune=haswell -ftree-vectorize -fPIC -fstack-protector-all -fno-plt -Og -g -Wall -Wextra -fvar-tracking-assignments -ffunction
#16 215.2  │ │ -sections -pipe -isystem $PREFIX/include -fdebug-prefix-map=$SRC_DIR=/usr/local/src/conda/ros-kilted-lerobot-robot-aic-0.0.1 -fdebug-prefix-map=$PREFIX=/us
#16 215.2  │ │ r/local/src/conda-prefix
#16 215.2  │ │ +DEBUG_CPPFLAGS=-D_DEBUG -D_FORTIFY_SOURCE=2 -Og -isystem $PREFIX/include
#16 215.2  │ │ +GCC=x86_64-conda-linux-gnu-gcc
#16 215.2  │ │ +GCC_AR=x86_64-conda-linux-gnu-gcc-ar
#16 215.2  │ │ +GCC_NM=x86_64-conda-linux-gnu-gcc-nm
#16 215.2  │ │ +GCC_RANLIB=x86_64-conda-linux-gnu-gcc-ranlib
#16 215.2  │ │ +HOST=x86_64-conda-linux-gnu
#16 215.2  │ │ +LDFLAGS=-Wl,-O2 -Wl,--sort-common -Wl,--as-needed -Wl,-z,relro -Wl,-z,now -Wl,--disable-new-dtags -Wl,--gc-sections -Wl,--allow-shlib-undefined -Wl,-rpath
#16 215.2  │ │ ,$PREFIX/lib -Wl,-rpath-link,$PREFIX/lib -L$PREFIX/lib
#16 215.2  │ │ +LDFLAGS_LD=-O2 --sort-common --as-needed -z relro -z now --disable-new-dtags --gc-sections --allow-shlib-undefined -rpath $PREFIX/lib -rpath-link $PREFIX/
#16 215.2  │ │ lib -L$PREFIX/lib
#16 215.2  │ │ +MESON_ARGS=-Dbuildtype=release --prefix=$PREFIX -Dlibdir=lib
#16 215.2  │ │ +build_alias=x86_64-conda-linux-gnu
#16 215.2  │ │ +host_alias=x86_64-conda-linux-gnu
#16 215.2  │ │ -BUILD=x86_64-conda_cos6-linux-gnu
#16 215.2  │ │ -CONDA_BUILD_CROSS_COMPILATION=0
#16 215.2  │ │ INFO: activate-gxx_linux-64.sh made the following environmental changes:
#16 215.2  │ │ +CXX=x86_64-conda-linux-gnu-c++
#16 215.2  │ │ +CXXFLAGS=-fvisibility-inlines-hidden -fmessage-length=0 -march=nocona -mtune=haswell -ftree-vectorize -fPIC -fstack-protector-strong -fno-plt -O2 -ffuncti
#16 215.2  │ │ on-sections -pipe -isystem $PREFIX/include -fdebug-prefix-map=$SRC_DIR=/usr/local/src/conda/ros-kilted-lerobot-robot-aic-0.0.1 -fdebug-prefix-map=$PREFIX=/
#16 215.2  │ │ usr/local/src/conda-prefix
#16 215.2  │ │ +CXX_FOR_BUILD=x86_64-conda-linux-gnu-c++
#16 215.2  │ │ +DEBUG_CXXFLAGS=-fvisibility-inlines-hidden -fmessage-length=0 -march=nocona -mtune=haswell -ftree-vectorize -fPIC -fstack-protector-all -fno-plt -Og -g -W
#16 215.2  │ │ all -Wextra -fvar-tracking-assignments -ffunction-sections -pipe -isystem $PREFIX/include -fdebug-prefix-map=$SRC_DIR=/usr/local/src/conda/ros-kilted-lerob
#16 215.2  │ │ ot-robot-aic-0.0.1 -fdebug-prefix-map=$PREFIX=/usr/local/src/conda-prefix
#16 215.2  │ │ +GXX=x86_64-conda-linux-gnu-g++
#16 215.3  │ │ /ws_aic/src/aic/aic_utils/lerobot_robot_aic $SRC_DIR
#16 217.3  │ │ Using pip 26.0.1 from $PREFIX/lib/python3.12/site-packages/pip (python 3.12)
#16 217.3  │ │ Non-user install because user site-packages disabled
#16 217.4  │ │ Ignoring indexes: https://pypi.org/simple
#16 217.4  │ │ Created temporary directory: /tmp/pip-build-tracker-b29mf8xx
#16 217.4  │ │ Initialized build tracking at /tmp/pip-build-tracker-b29mf8xx
#16 217.4  │ │ Created build tracker: /tmp/pip-build-tracker-b29mf8xx
#16 217.4  │ │ Entered build tracker: /tmp/pip-build-tracker-b29mf8xx
#16 217.4  │ │ Created temporary directory: /tmp/pip-install-tupbc2h4
#16 217.4  │ │ Created temporary directory: /tmp/pip-ephem-wheel-cache-ti2gzdx7
#16 217.5  │ │ Processing ./.
#16 217.5  │ │   Added file:///ws_aic/src/aic/aic_utils/lerobot_robot_aic to build tracker '/tmp/pip-build-tracker-b29mf8xx'
#16 217.5  │ │   Created temporary directory: /tmp/pip-modern-metadata-c2eswn4_
#16 217.5  │ │   Preparing metadata (pyproject.toml): started
#16 217.5  │ │   Running command Preparing metadata (pyproject.toml)
#16 218.1  │ │   running dist_info
#16 218.1  │ │   creating /tmp/pip-modern-metadata-c2eswn4_/lerobot_robot_aic.egg-info
#16 218.1  │ │   writing /tmp/pip-modern-metadata-c2eswn4_/lerobot_robot_aic.egg-info/PKG-INFO
#16 218.1  │ │   writing dependency_links to /tmp/pip-modern-metadata-c2eswn4_/lerobot_robot_aic.egg-info/dependency_links.txt
#16 218.1  │ │   writing requirements to /tmp/pip-modern-metadata-c2eswn4_/lerobot_robot_aic.egg-info/requires.txt
#16 218.1  │ │   writing top-level names to /tmp/pip-modern-metadata-c2eswn4_/lerobot_robot_aic.egg-info/top_level.txt
#16 218.1  │ │   writing manifest file '/tmp/pip-modern-metadata-c2eswn4_/lerobot_robot_aic.egg-info/SOURCES.txt'
#16 218.1  │ │   reading manifest file '/tmp/pip-modern-metadata-c2eswn4_/lerobot_robot_aic.egg-info/SOURCES.txt'
#16 218.2  │ │   writing manifest file '/tmp/pip-modern-metadata-c2eswn4_/lerobot_robot_aic.egg-info/SOURCES.txt'
#16 218.2  │ │   creating '/tmp/pip-modern-metadata-c2eswn4_/lerobot_robot_aic-0.0.0.dist-info'
#16 218.2  │ │   Preparing metadata (pyproject.toml): finished with status 'done'
#16 218.2  │ │   Source in ./. has version 0.0.0, which satisfies requirement lerobot_robot_aic==0.0.0 from file:///ws_aic/src/aic/aic_utils/lerobot_robot_aic
#16 218.2  │ │   Removed lerobot_robot_aic==0.0.0 from file:///ws_aic/src/aic/aic_utils/lerobot_robot_aic from build tracker '/tmp/pip-build-tracker-b29mf8xx'
#16 218.3  │ │ Created temporary directory: /tmp/pip-unpack-ew1m_xgz
#16 218.3  │ │ Building wheels for collected packages: lerobot_robot_aic
#16 218.3  │ │   Destination directory: /tmp/pip-ephem-wheel-cache-ti2gzdx7/wheels/4f/50/2e/55a182607055fc2044f87b29713fec8f91682972cb2837329a/tmpd6zcvcrg
#16 218.3  │ │   Building wheel for lerobot_robot_aic (pyproject.toml): started
#16 218.3  │ │   Running command Building wheel for lerobot_robot_aic (pyproject.toml)
#16 218.5  │ │   running bdist_wheel
#16 218.5  │ │   running build
#16 218.5  │ │   running build_py
#16 218.6  │ │   copying lerobot_robot_aic/types.py -> build/lib/lerobot_robot_aic
#16 218.6  │ │   copying lerobot_robot_aic/__init__.py -> build/lib/lerobot_robot_aic
#16 218.6  │ │   copying lerobot_robot_aic/aic_teleop.py -> build/lib/lerobot_robot_aic
#16 218.6  │ │   copying lerobot_robot_aic/aic_robot.py -> build/lib/lerobot_robot_aic
#16 218.6  │ │   copying lerobot_robot_aic/aic_robot_aic_controller.py -> build/lib/lerobot_robot_aic
#16 218.6  │ │   installing to build/bdist.linux-x86_64/wheel
#16 218.6  │ │   running install
#16 218.7  │ │   running install_lib
#16 218.7  │ │   creating build/bdist.linux-x86_64/wheel
#16 218.7  │ │   creating build/bdist.linux-x86_64/wheel/lerobot_robot_aic
#16 218.7  │ │   copying build/lib/lerobot_robot_aic/types.py -> build/bdist.linux-x86_64/wheel/./lerobot_robot_aic
#16 218.7  │ │   copying build/lib/lerobot_robot_aic/__init__.py -> build/bdist.linux-x86_64/wheel/./lerobot_robot_aic
#16 218.7  │ │   copying build/lib/lerobot_robot_aic/aic_teleop.py -> build/bdist.linux-x86_64/wheel/./lerobot_robot_aic
#16 218.7  │ │   copying build/lib/lerobot_robot_aic/aic_robot.py -> build/bdist.linux-x86_64/wheel/./lerobot_robot_aic
#16 218.7  │ │   copying build/lib/lerobot_robot_aic/aic_robot_aic_controller.py -> build/bdist.linux-x86_64/wheel/./lerobot_robot_aic
#16 218.7  │ │   running install_data
#16 218.7  │ │   creating build/bdist.linux-x86_64/wheel/lerobot_robot_aic-0.0.0.data/data
#16 218.7  │ │   creating build/bdist.linux-x86_64/wheel/lerobot_robot_aic-0.0.0.data/data/share/ament_index/resource_index/packages
#16 218.7  │ │   copying resource/lerobot_robot_aic -> build/bdist.linux-x86_64/wheel/lerobot_robot_aic-0.0.0.data/data/share/ament_index/resource_index/packages
#16 218.7  │ │   creating build/bdist.linux-x86_64/wheel/lerobot_robot_aic-0.0.0.data/data/share/lerobot_robot_aic
#16 218.7  │ │   copying package.xml -> build/bdist.linux-x86_64/wheel/lerobot_robot_aic-0.0.0.data/data/share/lerobot_robot_aic
#16 218.7  │ │   running install_egg_info
#16 218.7  │ │   running egg_info
#16 218.7  │ │   writing lerobot_robot_aic.egg-info/PKG-INFO
#16 218.7  │ │   writing dependency_links to lerobot_robot_aic.egg-info/dependency_links.txt
#16 218.7  │ │   writing requirements to lerobot_robot_aic.egg-info/requires.txt
#16 218.7  │ │   writing top-level names to lerobot_robot_aic.egg-info/top_level.txt
#16 218.7  │ │   reading manifest file 'lerobot_robot_aic.egg-info/SOURCES.txt'
#16 218.7  │ │   writing manifest file 'lerobot_robot_aic.egg-info/SOURCES.txt'
#16 218.7  │ │   Copying lerobot_robot_aic.egg-info to build/bdist.linux-x86_64/wheel/./lerobot_robot_aic-0.0.0-py3.12.egg-info
#16 218.8  │ │   running install_scripts
#16 218.8  │ │   creating build/bdist.linux-x86_64/wheel/lerobot_robot_aic-0.0.0.dist-info/WHEEL
#16 218.8  │ │   creating '/tmp/pip-ephem-wheel-cache-ti2gzdx7/wheels/4f/50/2e/55a182607055fc2044f87b29713fec8f91682972cb2837329a/tmpd6zcvcrg/.tmp-z72s041_/lerobot_robot_
#16 218.8  │ │ aic-0.0.0-py3-none-any.whl' and adding 'build/bdist.linux-x86_64/wheel' to it
#16 218.8  │ │   adding 'lerobot_robot_aic/__init__.py'
#16 218.8  │ │   adding 'lerobot_robot_aic/aic_robot.py'
#16 218.8  │ │   adding 'lerobot_robot_aic/aic_robot_aic_controller.py'
#16 218.8  │ │   adding 'lerobot_robot_aic/aic_teleop.py'
#16 218.8  │ │   adding 'lerobot_robot_aic/types.py'
#16 218.8  │ │   adding 'lerobot_robot_aic-0.0.0.data/data/share/ament_index/resource_index/packages/lerobot_robot_aic'
#16 218.8  │ │   adding 'lerobot_robot_aic-0.0.0.data/data/share/lerobot_robot_aic/package.xml'
#16 218.8  │ │   adding 'lerobot_robot_aic-0.0.0.dist-info/METADATA'
#16 218.8  │ │   adding 'lerobot_robot_aic-0.0.0.dist-info/WHEEL'
#16 218.8  │ │   adding 'lerobot_robot_aic-0.0.0.dist-info/top_level.txt'
#16 218.8  │ │   adding 'lerobot_robot_aic-0.0.0.dist-info/zip-safe'
#16 218.8  │ │   adding 'lerobot_robot_aic-0.0.0.dist-info/RECORD'
#16 218.8  │ │   removing build/bdist.linux-x86_64/wheel
#16 218.8  │ │   Building wheel for lerobot_robot_aic (pyproject.toml): finished with status 'done'
#16 218.8  │ │   Created wheel for lerobot_robot_aic: filename=lerobot_robot_aic-0.0.0-py3-none-any.whl size=11267 sha256=d7c5876210c1262d6d9cb7c073916424208e9e41da2f268c
#16 218.8  │ │ 0e28989a2ab51d76
#16 218.8  │ │   Stored in directory: /tmp/pip-ephem-wheel-cache-ti2gzdx7/wheels/4f/50/2e/55a182607055fc2044f87b29713fec8f91682972cb2837329a
#16 218.8  │ │ Successfully built lerobot_robot_aic
#16 218.8  │ │ Installing collected packages: lerobot_robot_aic
#16 218.9  │ │ Successfully installed lerobot_robot_aic-0.0.0
#16 218.9  │ │ Removed build tracker: '/tmp/pip-build-tracker-b29mf8xx'
#16 218.9  │ │ [33mWARNING: Running pip as the 'root' user can result in broken permissions and conflicting behaviour with the system package manager, possibly rendering your
#16 218.9  │ │  system unusable. It is recommended to use a virtual environment instead: https://pip.pypa.io/warnings/venv. Use the --root-user-action option if you know 
#16 218.9  │ │ what you are doing and want to suppress this warning.[0m[33m
#16 219.0  │ │ [0m
#16 219.0  │ │
#16 219.0  │ ╰─────────────────── (took 4 seconds)
#16 219.2  │
#16 219.2  │ ╭─ Packaging new files
#16 219.2  │ │ Copying done!
#16 219.2  │ │ Post-processing done!
#16 219.2  │ │ Writing test files
#16 219.2  │ │ Writing metadata for package
#16 219.3  │ │ Copying license files
#16 219.3  │ │ Copying recipe files
#16 219.3  │ │ 
#16 219.3  │ │ Files in package:
#16 219.3  │ │   ├─ lib/python3.12/site-packages/lerobot_robot_aic/__init__.py (898 B)
#16 219.3  │ │   ├─ lib/python3.12/site-packages/lerobot_robot_aic/__pycache__/__init__.cpython-312.pyc (769 B)
#16 219.3  │ │   ├─ lib/python3.12/site-packages/lerobot_robot_aic/__pycache__/aic_robot.cpython-312.pyc (1.06 KiB)
#16 219.3  │ │   ├─ lib/python3.12/site-packages/lerobot_robot_aic/__pycache__/aic_robot_aic_controller.cpython-312.pyc (21.07 KiB)
#16 219.3  │ │   ├─ lib/python3.12/site-packages/lerobot_robot_aic/__pycache__/aic_teleop.cpython-312.pyc (15.66 KiB)
#16 219.3  │ │   ├─ lib/python3.12/site-packages/lerobot_robot_aic/__pycache__/types.cpython-312.pyc (830 B)
#16 219.3  │ │   ├─ lib/python3.12/site-packages/lerobot_robot_aic/aic_robot.py (1.37 KiB)
#16 219.3  │ │   ├─ lib/python3.12/site-packages/lerobot_robot_aic/aic_robot_aic_controller.py (16.64 KiB)
#16 219.3  │ │   ├─ lib/python3.12/site-packages/lerobot_robot_aic/aic_teleop.py (11.95 KiB)
#16 219.3  │ │   ├─ lib/python3.12/site-packages/lerobot_robot_aic/types.py (569 B)
#16 219.3  │ │   ├─ lib/python3.12/site-packages/lerobot_robot_aic-0.0.0.dist-info/INSTALLER (6 B)
#16 219.3  │ │   ├─ lib/python3.12/site-packages/lerobot_robot_aic-0.0.0.dist-info/METADATA (245 B)
#16 219.3  │ │   ├─ lib/python3.12/site-packages/lerobot_robot_aic-0.0.0.dist-info/RECORD (1.68 KiB)
#16 219.3  │ │   ├─ lib/python3.12/site-packages/lerobot_robot_aic-0.0.0.dist-info/REQUESTED (0 B)
#16 219.3  │ │   ├─ lib/python3.12/site-packages/lerobot_robot_aic-0.0.0.dist-info/WHEEL (91 B)
#16 219.3  │ │   ├─ lib/python3.12/site-packages/lerobot_robot_aic-0.0.0.dist-info/direct_url.json (77 B)
#16 219.3  │ │   ├─ lib/python3.12/site-packages/lerobot_robot_aic-0.0.0.dist-info/top_level.txt (18 B)
#16 219.3  │ │   ├─ lib/python3.12/site-packages/lerobot_robot_aic-0.0.0.dist-info/zip-safe (1 B)
#16 219.3  │ │   ├─ share/ament_index/resource_index/packages/lerobot_robot_aic (0 B)
#16 219.3  │ │   ├─ share/lerobot_robot_aic/package.xml (674 B)
#16 219.3  │ │   ├─ info/about.json (122 B)
#16 219.3  │ │   ├─ info/hash_input.json (31 B)
#16 219.3  │ │   ├─ info/index.json (596 B)
#16 219.3  │ │   ├─ info/paths.json (4.81 KiB)
#16 219.3  │ │   └─ info/tests/tests.yaml (3 B)
#16 219.3  │ │ 
#16 219.3  │ │ Package statistics: 25 files (20 content, 5 metadata), total size: 79.04 KiB
#16 219.3  │ │ Largest files:
#16 219.3  │ │   21.07 KiB - lib/python3.12/site-packages/lerobot_robot_aic/__pycache__/aic_robot_aic_controller.cpython-312.pyc
#16 219.3  │ │   16.64 KiB - lib/python3.12/site-packages/lerobot_robot_aic/aic_robot_aic_controller.py
#16 219.3  │ │   15.66 KiB - lib/python3.12/site-packages/lerobot_robot_aic/__pycache__/aic_teleop.cpython-312.pyc
#16 219.3  │ │   11.95 KiB - lib/python3.12/site-packages/lerobot_robot_aic/aic_teleop.py
#16 219.3  │ │   1.68 KiB - lib/python3.12/site-packages/lerobot_robot_aic-0.0.0.dist-info/RECORD
#16 219.3  │ │ Creating target folder '/ws_aic/src/aic/.pixi/build/work/ros-kilted-lerobot-robot-aic-XigV8RgCjcY-thgBGAeBgEM/output/linux-64'
#16 219.3  │ │ Compressing archive...
#16 219.3  │ │ Archive written to '/ws_aic/src/aic/.pixi/build/work/ros-kilted-lerobot-robot-aic-XigV8RgCjcY-thgBGAeBgEM/output/linux-64/ros-kilted-lerobot-robot-aic-0.0.
#16 219.3  │ │ 1-hb0f4dca_0.conda'
#16 219.3  │ │
#16 219.3  │ ╰─────────────────── (took 0 seconds)
#16 219.3  │
#16 219.3  ╰─────────────────── (took 5 seconds)
#16 223.5 
#16 223.5  ╭─ Running build for recipe: ros-kilted-aic-training-interfaces-0.0.1-hb0f4dca_0
#16 223.5  │
#16 223.5  │ ╭─ Fetching source code
#16 223.5  │ │ No sources to fetch
#16 223.5  │ │
#16 223.5  │ ╰─────────────────── (took 0 seconds)
#16 223.6  │
#16 223.6  │ ╭─ Externally resolved dependencies recipe: ros-kilted-aic-training-interfaces-0.0.1-hb0f4dca_0
#16 223.6  │ │ 
#16 223.6  │ │ Resolved build dependencies(ros-kilted-aic-training-interfaces-0.0.1-hb0f4dca_0):
#16 223.6  │ │ ╭───────────────────────────────────────────────────┬──────────────────────────────────────┬──────────────┬──────────────────────┬──────────────────┬──────
#16 223.6  │ │ ───────╮
#16 223.6  │ │ │ Package                                           ┆ Spec                                 ┆ Version      ┆ Build                ┆ Channel          ┆      
#16 223.6  │ │   Size │
#16 223.6  │ │ ╞═══════════════════════════════════════════════════╪══════════════════════════════════════╪══════════════╪══════════════════════╪══════════════════╪══════
#16 223.6  │ │ ═══════╡
#16 223.6  │ │ │ cmake                                             ┆ cmake                                ┆ 4.3.2        ┆ hc85cc9f_0           ┆ conda-forge      ┆   22.
#16 223.6  │ │ 01 MiB │
#16 223.6  │ │ │ coreutils                                         ┆ coreutils                            ┆ 9.5          ┆ hd590300_0           ┆ conda-forge      ┆    2.
#16 223.6  │ │ 87 MiB │
#16 223.6  │ │ │ cpython                                           ┆ cpython                              ┆ 3.12.13      ┆ py312hd8ed1ab_0      ┆ conda-forge      ┆   45.
#16 223.6  │ │ 37 KiB │
#16 223.6  │ │ │ gcc_linux-64                                      ┆ gcc_linux-64                         ┆ 15.2.0       ┆ h7be306e_24          ┆ conda-forge      ┆   28.
#16 223.6  │ │ 40 KiB │
#16 223.6  │ │ │ git                                               ┆ git                                  ┆ 2.53.0       ┆ pl5321h6d3cee1_0     ┆ conda-forge      ┆   10.
#16 223.6  │ │ 92 MiB │
#16 223.6  │ │ │ git-lfs                                           ┆ git-lfs                              ┆ 3.7.1        ┆ ha8f183a_1           ┆ conda-forge      ┆    4.
#16 223.6  │ │ 23 MiB │
#16 223.6  │ │ │ gxx_linux-64                                      ┆ gxx_linux-64                         ┆ 15.2.0       ┆ he30e93d_24          ┆ conda-forge      ┆   26.
#16 223.6  │ │ 96 KiB │
#16 223.6  │ │ │ make                                              ┆ make                                 ┆ 4.4.1        ┆ hb9d3cd8_2           ┆ conda-forge      ┆  501.
#16 223.6  │ │ 06 KiB │
#16 223.6  │ │ │ ninja                                             ┆ ninja                                ┆ 1.13.2       ┆ h171cf75_0           ┆ conda-forge      ┆  181.
#16 223.6  │ │ 96 KiB │
#16 223.6  │ │ │ patch                                             ┆ patch                                ┆ 2.8          ┆ hb03c661_1002        ┆ conda-forge      ┆  114.
#16 223.6  │ │ 47 KiB │
#16 223.6  │ │ │ python                                            ┆ python                               ┆ 3.12.13      ┆ hd63d673_0_cpython   ┆ conda-forge      ┆   30.
#16 223.6  │ │ 14 MiB │
#16 223.6  │ │ │ ros-kilted-ament-cmake                            ┆ ros-kilted-ament-cmake               ┆ 2.7.5        ┆ np2py312h2ed9cc7_17  ┆ robostack-kilted ┆   22.
#16 223.6  │ │ 73 KiB │
#16 223.6  │ │ │ ros-kilted-ament-lint-auto                        ┆ ros-kilted-ament-lint-auto           ┆ 0.19.2       ┆ np2py312h2ed9cc7_17  ┆ robostack-kilted ┆   21.
#16 223.6  │ │ 47 KiB │
#16 223.6  │ │ │ ros-kilted-ament-lint-common                      ┆ ros-kilted-ament-lint-common         ┆ 0.19.2       ┆ np2py312h2ed9cc7_17  ┆ robostack-kilted ┆   21.
#16 223.6  │ │ 79 KiB │
#16 223.6  │ │ │ ros-kilted-ros-workspace                          ┆ ros-kilted-ros-workspace             ┆ 1.0.3        ┆ np2py312h2ed9cc7_17  ┆ robostack-kilted ┆   34.
#16 223.6  │ │ 44 KiB │
#16 223.6  │ │ │ ros-kilted-rosidl-default-generators              ┆ ros-kilted-rosidl-default-generators ┆ 1.7.2        ┆ np2py312h2ed9cc7_17  ┆ robostack-kilted ┆   30.
#16 223.6  │ │ 46 KiB │
#16 223.6  │ │ │ setuptools                                        ┆ setuptools                           ┆ 82.0.1       ┆ pyh332efcf_0         ┆ conda-forge      ┆  624.
#16 223.6  │ │ 70 KiB │
#16 223.6  │ │ │ _openmp_mutex                                     ┆                                      ┆ 4.5          ┆ 20_gnu               ┆ conda-forge      ┆   28.
#16 223.6  │ │ 27 KiB │
#16 223.6  │ │ │ argcomplete                                       ┆                                      ┆ 3.6.3        ┆ pyhd8ed1ab_0         ┆ conda-forge      ┆   41.
#16 223.6  │ │ 39 KiB │
#16 223.6  │ │ │ binutils_impl_linux-64                            ┆                                      ┆ 2.45.1       ┆ default_hfdba357_102 ┆ conda-forge      ┆    3.
#16 223.6  │ │ 49 MiB │
#16 223.6  │ │ │ binutils_linux-64                                 ┆                                      ┆ 2.45.1       ┆ default_h4852527_102 ┆ conda-forge      ┆   35.
#16 223.6  │ │ 45 KiB │
#16 223.6  │ │ │ bzip2                                             ┆                                      ┆ 1.0.8        ┆ hda65f42_9           ┆ conda-forge      ┆  254.
#16 223.6  │ │ 08 KiB │
#16 223.6  │ │ │ c-ares                                            ┆                                      ┆ 1.34.6       ┆ hb03c661_0           ┆ conda-forge      ┆  203.
#16 223.6  │ │ 01 KiB │
#16 223.6  │ │ │ ca-certificates                                   ┆                                      ┆ 2026.4.22    ┆ hbd8a1cb_0           ┆ conda-forge      ┆  127.
#16 223.6  │ │ 97 KiB │
#16 223.6  │ │ │ catkin_pkg                                        ┆                                      ┆ 1.1.0        ┆ pyhd8ed1ab_0         ┆ conda-forge      ┆   52.
#16 223.6  │ │ 84 KiB │
#16 223.6  │ │ │ cppcheck                                          ┆                                      ┆ 2.20.1       ┆ py312h014360a_0      ┆ conda-forge      ┆    2.
#16 223.6  │ │ 96 MiB │
#16 223.6  │ │ │ docutils                                          ┆                                      ┆ 0.22.4       ┆ pyhd8ed1ab_0         ┆ conda-forge      ┆  427.
#16 223.6  │ │ 74 KiB │
#16 223.6  │ │ │ empy                                              ┆                                      ┆ 3.3.4        ┆ pyh9f0ad1d_1         ┆ conda-forge      ┆   39.
#16 223.6  │ │ 27 KiB │
#16 223.6  │ │ │ flake8                                            ┆                                      ┆ 7.3.0        ┆ pyhd8ed1ab_0         ┆ conda-forge      ┆  109.
#16 223.6  │ │ 29 KiB │
#16 223.6  │ │ │ flake8-builtins                                   ┆                                      ┆ 3.1.0        ┆ pyhd8ed1ab_0         ┆ conda-forge      ┆   19.
#16 223.6  │ │ 04 KiB │
#16 223.6  │ │ │ flake8-comprehensions                             ┆                                      ┆ 3.17.0       ┆ pyhd8ed1ab_0         ┆ conda-forge      ┆   13.
#16 223.6  │ │ 72 KiB │
#16 223.6  │ │ │ flake8-docstrings                                 ┆                                      ┆ 1.7.0        ┆ pyhd8ed1ab_0         ┆ conda-forge      ┆   10.
#16 223.6  │ │ 15 KiB │
#16 223.6  │ │ │ flake8-import-order                               ┆                                      ┆ 0.19.2       ┆ pyhd8ed1ab_0         ┆ conda-forge      ┆   20.
#16 223.6  │ │ 55 KiB │
#16 223.6  │ │ │ flake8-quotes                                     ┆                                      ┆ 3.4.0        ┆ pyhd8ed1ab_1         ┆ conda-forge      ┆   14.
#16 223.6  │ │ 43 KiB │
#16 223.6  │ │ │ gcc_impl_linux-64                                 ┆                                      ┆ 15.2.0       ┆ he420e7e_18          ┆ conda-forge      ┆   78.
#16 223.6  │ │ 02 MiB │
#16 223.6  │ │ │ gxx_impl_linux-64                                 ┆                                      ┆ 15.2.0       ┆ hda75c37_18          ┆ conda-forge      ┆   14.
#16 223.6  │ │ 87 MiB │
#16 223.6  │ │ │ icu                                               ┆                                      ┆ 78.3         ┆ h33c6efd_0           ┆ conda-forge      ┆   12.
#16 223.6  │ │ 13 MiB │
#16 223.6  │ │ │ importlib-metadata                                ┆                                      ┆ 8.8.0        ┆ pyhcf101f3_0         ┆ conda-forge      ┆   33.
#16 223.6  │ │ 58 KiB │
#16 223.6  │ │ │ importlib_resources                               ┆                                      ┆ 7.1.0        ┆ pyhd8ed1ab_0         ┆ conda-forge      ┆   33.
#16 223.6  │ │ 99 KiB │
#16 223.6  │ │ │ kernel-headers_linux-64                           ┆                                      ┆ 4.18.0       ┆ he073ed8_9           ┆ conda-forge      ┆    1.
#16 223.6  │ │ 22 MiB │
#16 223.6  │ │ │ keyutils                                          ┆                                      ┆ 1.6.3        ┆ hb9d3cd8_0           ┆ conda-forge      ┆  130.
#16 223.6  │ │ 95 KiB │
#16 223.6  │ │ │ krb5                                              ┆                                      ┆ 1.22.2       ┆ ha1258a1_0           ┆ conda-forge      ┆    1.
#16 223.6  │ │ 32 MiB │
#16 223.6  │ │ │ lark-parser                                       ┆                                      ┆ 0.12.0       ┆ pyhd8ed1ab_1         ┆ conda-forge      ┆   84.
#16 223.6  │ │ 12 KiB │
#16 223.6  │ │ │ ld_impl_linux-64                                  ┆                                      ┆ 2.45.1       ┆ default_hbd61a6d_102 ┆ conda-forge      ┆  710.
#16 223.6  │ │ 94 KiB │
#16 223.6  │ │ │ libblas                                           ┆                                      ┆ 3.11.0       ┆ 6_h4a7cf45_openblas  ┆ conda-forge      ┆   18.
#16 223.6  │ │ 18 KiB │
#16 223.6  │ │ │ libcblas                                          ┆                                      ┆ 3.11.0       ┆ 6_h0358290_openblas  ┆ conda-forge      ┆   18.
#16 223.6  │ │ 19 KiB │
#16 223.6  │ │ │ libcurl                                           ┆                                      ┆ 8.19.0       ┆ hcf29cc6_0           ┆ conda-forge      ┆  455.
#16 223.6  │ │ 77 KiB │
#16 223.6  │ │ │ libedit                                           ┆                                      ┆ 3.1.20250104 ┆ pl5321h7949ede_0     ┆ conda-forge      ┆  131.
#16 223.6  │ │ 52 KiB │
#16 223.6  │ │ │ libev                                             ┆                                      ┆ 4.33         ┆ hd590300_2           ┆ conda-forge      ┆  110.
#16 223.6  │ │ 12 KiB │
#16 223.6  │ │ │ libexpat                                          ┆                                      ┆ 2.7.5        ┆ hecca717_0           ┆ conda-forge      ┆   74.
#16 223.6  │ │ 83 KiB │
#16 223.6  │ │ │ libffi                                            ┆                                      ┆ 3.5.2        ┆ h3435931_0           ┆ conda-forge      ┆   57.
#16 223.6  │ │ 22 KiB │
#16 223.6  │ │ │ libgcc                                            ┆                                      ┆ 15.2.0       ┆ he0feb66_18          ┆ conda-forge      ┆ 1017.
#16 223.6  │ │ 37 KiB │
#16 223.6  │ │ │ libgcc-devel_linux-64                             ┆                                      ┆ 15.2.0       ┆ hcc6f6b0_118         ┆ conda-forge      ┆    2.
#16 223.6  │ │ 94 MiB │
#16 223.6  │ │ │ libgcc-ng                                         ┆                                      ┆ 15.2.0       ┆ h69a702a_18          ┆ conda-forge      ┆   26.
#16 223.6  │ │ 88 KiB │
#16 223.6  │ │ │ libgfortran                                       ┆                                      ┆ 15.2.0       ┆ h69a702a_18          ┆ conda-forge      ┆   26.
#16 223.6  │ │ 88 KiB │
#16 223.6  │ │ │ libgfortran5                                      ┆                                      ┆ 15.2.0       ┆ h68bc16d_18          ┆ conda-forge      ┆    2.
#16 223.6  │ │ 37 MiB │
#16 223.6  │ │ │ libgomp                                           ┆                                      ┆ 15.2.0       ┆ he0feb66_18          ┆ conda-forge      ┆  589.
#16 223.6  │ │ 12 KiB │
#16 223.6  │ │ │ libiconv                                          ┆                                      ┆ 1.18         ┆ h3b78370_2           ┆ conda-forge      ┆  771.
#16 223.6  │ │ 66 KiB │
#16 223.6  │ │ │ liblapack                                         ┆                                      ┆ 3.11.0       ┆ 6_h47877c9_openblas  ┆ conda-forge      ┆   18.
#16 223.6  │ │ 19 KiB │
#16 223.6  │ │ │ liblzma                                           ┆                                      ┆ 5.8.3        ┆ hb03c661_0           ┆ conda-forge      ┆  110.
#16 223.6  │ │ 82 KiB │
#16 223.6  │ │ │ libnghttp2                                        ┆                                      ┆ 1.68.1       ┆ h877daf1_0           ┆ conda-forge      ┆  647.
#16 223.6  │ │ 80 KiB │
#16 223.6  │ │ │ libnsl                                            ┆                                      ┆ 2.0.1        ┆ hb9d3cd8_1           ┆ conda-forge      ┆   32.
#16 223.6  │ │ 94 KiB │
#16 223.6  │ │ │ libopenblas                                       ┆                                      ┆ 0.3.32       ┆ pthreads_h94d23a6_0  ┆ conda-forge      ┆    5.
#16 223.6  │ │ 65 MiB │
#16 223.6  │ │ │ libsanitizer                                      ┆                                      ┆ 15.2.0       ┆ h90f66d4_18          ┆ conda-forge      ┆    7.
#16 223.6  │ │ 72 MiB │
#16 223.6  │ │ │ libsqlite                                         ┆                                      ┆ 3.53.0       ┆ hf4e2dac_0           ┆ conda-forge      ┆  936.
#16 223.6  │ │ 39 KiB │
#16 223.6  │ │ │ libssh2                                           ┆                                      ┆ 1.11.1       ┆ hcf80075_0           ┆ conda-forge      ┆  297.
#16 223.6  │ │ 65 KiB │
#16 223.6  │ │ │ libstdcxx                                         ┆                                      ┆ 15.2.0       ┆ h934c35e_18          ┆ conda-forge      ┆    5.
#16 223.6  │ │ 58 MiB │
#16 223.6  │ │ │ libstdcxx-devel_linux-64                          ┆                                      ┆ 15.2.0       ┆ hd446a21_118         ┆ conda-forge      ┆   19.
#16 223.6  │ │ 71 MiB │
#16 223.6  │ │ │ libstdcxx-ng                                      ┆                                      ┆ 15.2.0       ┆ hdf11a46_18          ┆ conda-forge      ┆   26.
#16 223.6  │ │ 93 KiB │
#16 223.6  │ │ │ libuuid                                           ┆                                      ┆ 2.42         ┆ h5347b49_0           ┆ conda-forge      ┆   39.
#16 223.6  │ │ 35 KiB │
#16 223.6  │ │ │ libuv                                             ┆                                      ┆ 1.51.0       ┆ hb03c661_1           ┆ conda-forge      ┆  874.
#16 223.6  │ │ 13 KiB │
#16 223.6  │ │ │ libxcrypt                                         ┆                                      ┆ 4.4.36       ┆ hd590300_1           ┆ conda-forge      ┆   98.
#16 223.6  │ │ 04 KiB │
#16 223.6  │ │ │ libxml2                                           ┆                                      ┆ 2.15.3       ┆ h49c6c72_0           ┆ conda-forge      ┆   45.
#16 223.6  │ │ 71 KiB │
#16 223.6  │ │ │ libxml2-16                                        ┆                                      ┆ 2.15.3       ┆ hca6bf5a_0           ┆ conda-forge      ┆  546.
#16 223.6  │ │ 66 KiB │
#16 223.6  │ │ │ libzlib                                           ┆                                      ┆ 1.3.2        ┆ h25fd6f3_2           ┆ conda-forge      ┆   62.
#16 223.6  │ │ 14 KiB │
#16 223.6  │ │ │ mccabe                                            ┆                                      ┆ 0.7.0        ┆ pyhd8ed1ab_1         ┆ conda-forge      ┆   12.
#16 223.6  │ │ 63 KiB │
#16 223.7  │ │ │ ncurses                                           ┆                                      ┆ 6.6          ┆ hdb14827_0           ┆ conda-forge      ┆  897.
#16 223.7  │ │ 42 KiB │
#16 223.7  │ │ │ numpy                                             ┆                                      ┆ 2.4.3        ┆ py312h33ff503_0      ┆ conda-forge      ┆    8.
#16 223.7  │ │ 35 MiB │
#16 223.7  │ │ │ openssl                                           ┆                                      ┆ 3.6.2        ┆ h35e630c_0           ┆ conda-forge      ┆    3.
#16 223.7  │ │ 02 MiB │
#16 223.7  │ │ │ packaging                                         ┆                                      ┆ 26.2         ┆ pyhc364b38_0         ┆ conda-forge      ┆   89.
#16 223.7  │ │ 43 KiB │
#16 223.7  │ │ │ pcre                                              ┆                                      ┆ 8.45         ┆ h9c3ff4c_0           ┆ conda-forge      ┆  253.
#16 223.7  │ │ 30 KiB │
#16 223.7  │ │ │ pcre2                                             ┆                                      ┆ 10.47        ┆ haa7fec5_0           ┆ conda-forge      ┆    1.
#16 223.7  │ │ 17 MiB │
#16 223.7  │ │ │ perl                                              ┆                                      ┆ 5.32.1       ┆ 7_hd590300_perl5     ┆ conda-forge      ┆   12.
#16 223.7  │ │ 73 MiB │
#16 223.7  │ │ │ pycodestyle                                       ┆                                      ┆ 2.14.0       ┆ pyhd8ed1ab_0         ┆ conda-forge      ┆   34.
#16 223.7  │ │ 36 KiB │
#16 223.7  │ │ │ pydocstyle                                        ┆                                      ┆ 6.3.0        ┆ pyhd8ed1ab_1         ┆ conda-forge      ┆   39.
#16 223.7  │ │ 29 KiB │
#16 223.7  │ │ │ pyflakes                                          ┆                                      ┆ 3.4.0        ┆ pyhd8ed1ab_0         ┆ conda-forge      ┆   58.
#16 223.7  │ │ 20 KiB │
#16 223.7  │ │ │ pygments                                          ┆                                      ┆ 2.20.0       ┆ pyhd8ed1ab_0         ┆ conda-forge      ┆  872.
#16 223.7  │ │ 10 KiB │
#16 223.7  │ │ │ pyparsing                                         ┆                                      ┆ 3.3.2        ┆ pyhcf101f3_0         ┆ conda-forge      ┆  108.
#16 223.7  │ │ 29 KiB │
#16 223.7  │ │ │ python-dateutil                                   ┆                                      ┆ 2.9.0.post0  ┆ pyhe01879c_2         ┆ conda-forge      ┆  227.
#16 223.7  │ │ 84 KiB │
#16 223.7  │ │ │ python_abi                                        ┆                                      ┆ 3.12         ┆ 8_cp312              ┆ conda-forge      ┆    6.
#16 223.7  │ │ 79 KiB │
#16 223.7  │ │ │ readline                                          ┆                                      ┆ 8.3          ┆ h853b02a_0           ┆ conda-forge      ┆  336.
#16 223.7  │ │ 99 KiB │
#16 223.7  │ │ │ rhash                                             ┆                                      ┆ 1.4.6        ┆ hb9d3cd8_1           ┆ conda-forge      ┆  189.
#16 223.7  │ │ 23 KiB │
#16 223.7  │ │ │ ros-kilted-action-msgs                            ┆                                      ┆ 2.3.1        ┆ np2py312h2ed9cc7_17  ┆ robostack-kilted ┆  150.
#16 223.7  │ │ 07 KiB │
#16 223.7  │ │ │ ros-kilted-ament-cmake-copyright                  ┆                                      ┆ 0.19.2       ┆ np2py312h2ed9cc7_17  ┆ robostack-kilted ┆   22.
#16 223.7  │ │ 14 KiB │
#16 223.7  │ │ │ ros-kilted-ament-cmake-core                       ┆                                      ┆ 2.7.5        ┆ np2py312h2ed9cc7_17  ┆ robostack-kilted ┆   43.
#16 223.7  │ │ 98 KiB │
#16 223.7  │ │ │ ros-kilted-ament-cmake-cppcheck                   ┆                                      ┆ 0.19.2       ┆ np2py312h2ed9cc7_17  ┆ robostack-kilted ┆   23.
#16 223.7  │ │ 89 KiB │
#16 223.7  │ │ │ ros-kilted-ament-cmake-cpplint                    ┆                                      ┆ 0.19.2       ┆ np2py312h2ed9cc7_17  ┆ robostack-kilted ┆   22.
#16 223.7  │ │ 76 KiB │
#16 223.7  │ │ │ ros-kilted-ament-cmake-export-definitions         ┆                                      ┆ 2.7.5        ┆ np2py312h2ed9cc7_17  ┆ robostack-kilted ┆   21.
#16 223.7  │ │ 48 KiB │
#16 223.7  │ │ │ ros-kilted-ament-cmake-export-dependencies        ┆                                      ┆ 2.7.5        ┆ np2py312h2ed9cc7_17  ┆ robostack-kilted ┆   22.
#16 223.7  │ │ 41 KiB │
#16 223.7  │ │ │ ros-kilted-ament-cmake-export-include-directories ┆                                      ┆ 2.7.5        ┆ np2py312h2ed9cc7_17  ┆ robostack-kilted ┆   21.
#16 223.7  │ │ 91 KiB │
#16 223.7  │ │ │ ros-kilted-ament-cmake-export-interfaces          ┆                                      ┆ 2.7.5        ┆ np2py312h2ed9cc7_17  ┆ robostack-kilted ┆   22.
#16 223.7  │ │ 11 KiB │
#16 223.7  │ │ │ ros-kilted-ament-cmake-export-libraries           ┆                                      ┆ 2.7.5        ┆ np2py312h2ed9cc7_17  ┆ robostack-kilted ┆   23.
#16 223.7  │ │ 39 KiB │
#16 223.7  │ │ │ ros-kilted-ament-cmake-export-link-flags          ┆                                      ┆ 2.7.5        ┆ np2py312h2ed9cc7_17  ┆ robostack-kilted ┆   21.
#16 223.7  │ │ 45 KiB │
#16 223.7  │ │ │ ros-kilted-ament-cmake-export-targets             ┆                                      ┆ 2.7.5        ┆ np2py312h2ed9cc7_17  ┆ robostack-kilted ┆   22.
#16 223.7  │ │ 26 KiB │
#16 223.7  │ │ │ ros-kilted-ament-cmake-flake8                     ┆                                      ┆ 0.19.2       ┆ np2py312h2ed9cc7_17  ┆ robostack-kilted ┆   23.
#16 223.7  │ │ 73 KiB │
#16 223.7  │ │ │ ros-kilted-ament-cmake-gen-version-h              ┆                                      ┆ 2.7.5        ┆ np2py312h2ed9cc7_17  ┆ robostack-kilted ┆   24.
#16 223.7  │ │ 16 KiB │
#16 223.7  │ │ │ ros-kilted-ament-cmake-include-directories        ┆                                      ┆ 2.7.5        ┆ np2py312h2ed9cc7_17  ┆ robostack-kilted ┆   21.
#16 223.7  │ │ 36 KiB │
#16 223.7  │ │ │ ros-kilted-ament-cmake-libraries                  ┆                                      ┆ 2.7.5        ┆ np2py312h2ed9cc7_17  ┆ robostack-kilted ┆   21.
#16 223.7  │ │ 06 KiB │
#16 223.7  │ │ │ ros-kilted-ament-cmake-lint-cmake                 ┆                                      ┆ 0.19.2       ┆ np2py312h2ed9cc7_17  ┆ robostack-kilted ┆   21.
#16 223.7  │ │ 80 KiB │
#16 223.7  │ │ │ ros-kilted-ament-cmake-pep257                     ┆                                      ┆ 0.19.2       ┆ np2py312h2ed9cc7_17  ┆ robostack-kilted ┆   22.
#16 223.7  │ │ 58 KiB │
#16 223.7  │ │ │ ros-kilted-ament-cmake-python                     ┆                                      ┆ 2.7.5        ┆ np2py312h2ed9cc7_17  ┆ robostack-kilted ┆   23.
#16 223.7  │ │ 55 KiB │
#16 223.7  │ │ │ ros-kilted-ament-cmake-ros-core                   ┆                                      ┆ 0.14.7       ┆ np2py312h2ed9cc7_17  ┆ robostack-kilted ┆   26.
#16 223.7  │ │ 39 KiB │
#16 223.7  │ │ │ ros-kilted-ament-cmake-target-dependencies        ┆                                      ┆ 2.7.5        ┆ np2py312h2ed9cc7_17  ┆ robostack-kilted ┆   23.
#16 223.7  │ │ 29 KiB │
#16 223.7  │ │ │ ros-kilted-ament-cmake-test                       ┆                                      ┆ 2.7.5        ┆ np2py312h2ed9cc7_17  ┆ robostack-kilted ┆   35.
#16 223.7  │ │ 17 KiB │
#16 223.7  │ │ │ ros-kilted-ament-cmake-uncrustify                 ┆                                      ┆ 0.19.2       ┆ np2py312h2ed9cc7_17  ┆ robostack-kilted ┆   23.
#16 223.7  │ │ 12 KiB │
#16 223.7  │ │ │ ros-kilted-ament-cmake-version                    ┆                                      ┆ 2.7.5        ┆ np2py312h2ed9cc7_17  ┆ robostack-kilted ┆   21.
#16 223.7  │ │ 24 KiB │
#16 223.7  │ │ │ ros-kilted-ament-cmake-xmllint                    ┆                                      ┆ 0.19.2       ┆ np2py312h2ed9cc7_17  ┆ robostack-kilted ┆   22.
#16 223.7  │ │ 58 KiB │
#16 223.7  │ │ │ ros-kilted-ament-copyright                        ┆                                      ┆ 0.19.2       ┆ np2py312h2ed9cc7_17  ┆ robostack-kilted ┆   64.
#16 223.7  │ │ 93 KiB │
#16 223.7  │ │ │ ros-kilted-ament-cppcheck                         ┆                                      ┆ 0.19.2       ┆ np2py312h2ed9cc7_17  ┆ robostack-kilted ┆   29.
#16 223.7  │ │ 34 KiB │
#16 223.7  │ │ │ ros-kilted-ament-cpplint                          ┆                                      ┆ 0.19.2       ┆ np2py312h2ed9cc7_17  ┆ robostack-kilted ┆  165.
#16 223.7  │ │ 26 KiB │
#16 223.7  │ │ │ ros-kilted-ament-flake8                           ┆                                      ┆ 0.19.2       ┆ np2py312h2ed9cc7_17  ┆ robostack-kilted ┆   27.
#16 223.7  │ │ 55 KiB │
#16 223.7  │ │ │ ros-kilted-ament-index-python                     ┆                                      ┆ 1.11.3       ┆ np2py312h2ed9cc7_17  ┆ robostack-kilted ┆   29.
#16 223.7  │ │ 79 KiB │
#16 223.7  │ │ │ ros-kilted-ament-lint                             ┆                                      ┆ 0.19.2       ┆ np2py312h2ed9cc7_17  ┆ robostack-kilted ┆   17.
#16 223.7  │ │ 04 KiB │
#16 223.7  │ │ │ ros-kilted-ament-lint-cmake                       ┆                                      ┆ 0.19.2       ┆ np2py312h2ed9cc7_17  ┆ robostack-kilted ┆   38.
#16 223.7  │ │ 71 KiB │
#16 223.7  │ │ │ ros-kilted-ament-package                          ┆                                      ┆ 0.17.2       ┆ np2py312h2ed9cc7_17  ┆ robostack-kilted ┆   41.
#16 223.7  │ │ 83 KiB │
#16 223.7  │ │ │ ros-kilted-ament-pep257                           ┆                                      ┆ 0.19.2       ┆ np2py312h2ed9cc7_17  ┆ robostack-kilted ┆   26.
#16 223.7  │ │ 22 KiB │
#16 223.7  │ │ │ ros-kilted-ament-uncrustify                       ┆                                      ┆ 0.19.2       ┆ np2py312h2ed9cc7_17  ┆ robostack-kilted ┆   66.
#16 223.7  │ │ 74 KiB │
#16 223.7  │ │ │ ros-kilted-ament-xmllint                          ┆                                      ┆ 0.19.2       ┆ np2py312h2ed9cc7_17  ┆ robostack-kilted ┆   27.
#16 223.7  │ │ 28 KiB │
#16 223.7  │ │ │ ros-kilted-builtin-interfaces                     ┆                                      ┆ 2.3.1        ┆ np2py312h2ed9cc7_17  ┆ robostack-kilted ┆   78.
#16 223.7  │ │ 56 KiB │
#16 223.7  │ │ │ ros-kilted-fastcdr                                ┆                                      ┆ 2.3.5        ┆ np2py312h2ed9cc7_17  ┆ robostack-kilted ┆   87.
#16 223.7  │ │ 44 KiB │
#16 223.7  │ │ │ ros-kilted-rcpputils                              ┆                                      ┆ 2.13.5       ┆ np2py312h2ed9cc7_17  ┆ robostack-kilted ┆   79.
#16 223.7  │ │ 27 KiB │
#16 223.7  │ │ │ ros-kilted-rcutils                                ┆                                      ┆ 6.9.10       ┆ np2py312h2ed9cc7_17  ┆ robostack-kilted ┆  121.
#16 223.7  │ │ 88 KiB │
#16 223.7  │ │ │ ros-kilted-rmw                                    ┆                                      ┆ 7.8.2        ┆ np2py312h2ed9cc7_17  ┆ robostack-kilted ┆   94.
#16 223.7  │ │ 45 KiB │
#16 223.7  │ │ │ ros-kilted-ros-environment                        ┆                                      ┆ 4.3.1        ┆ np2py312h2ed9cc7_17  ┆ robostack-kilted ┆   20.
#16 223.7  │ │ 85 KiB │
#16 223.7  │ │ │ ros-kilted-rosidl-adapter                         ┆                                      ┆ 4.9.6        ┆ np2py312h2ed9cc7_17  ┆ robostack-kilted ┆   66.
#16 223.7  │ │ 46 KiB │
#16 223.7  │ │ │ ros-kilted-rosidl-cli                             ┆                                      ┆ 4.9.6        ┆ np2py312h2ed9cc7_17  ┆ robostack-kilted ┆   45.
#16 223.7  │ │ 24 KiB │
#16 223.7  │ │ │ ros-kilted-rosidl-cmake                           ┆                                      ┆ 4.9.6        ┆ np2py312h2ed9cc7_17  ┆ robostack-kilted ┆   35.
#16 223.7  │ │ 50 KiB │
#16 223.7  │ │ │ ros-kilted-rosidl-core-generators                 ┆                                      ┆ 0.3.2        ┆ np2py312h2ed9cc7_17  ┆ robostack-kilted ┆   30.
#16 223.7  │ │ 27 KiB │
#16 223.7  │ │ │ ros-kilted-rosidl-core-runtime                    ┆                                      ┆ 0.3.2        ┆ np2py312h2ed9cc7_17  ┆ robostack-kilted ┆   29.
#16 223.7  │ │ 33 KiB │
#16 223.7  │ │ │ ros-kilted-rosidl-dynamic-typesupport             ┆                                      ┆ 0.3.1        ┆ np2py312h2ed9cc7_17  ┆ robostack-kilted ┆   59.
#16 223.7  │ │ 43 KiB │
#16 223.7  │ │ │ ros-kilted-rosidl-generator-c                     ┆                                      ┆ 4.9.6        ┆ np2py312h2ed9cc7_17  ┆ robostack-kilted ┆   50.
#16 223.7  │ │ 87 KiB │
#16 223.7  │ │ │ ros-kilted-rosidl-generator-cpp                   ┆                                      ┆ 4.9.6        ┆ np2py312h2ed9cc7_17  ┆ robostack-kilted ┆   49.
#16 223.7  │ │ 20 KiB │
#16 223.7  │ │ │ ros-kilted-rosidl-generator-py                    ┆                                      ┆ 0.24.2       ┆ np2py312h2ed9cc7_17  ┆ robostack-kilted ┆   58.
#16 223.7  │ │ 46 KiB │
#16 223.7  │ │ │ ros-kilted-rosidl-generator-rs                    ┆                                      ┆ 0.4.11       ┆ np2py312h2ed9cc7_17  ┆ robostack-kilted ┆   47.
#16 223.7  │ │ 05 KiB │
#16 223.7  │ │ │ ros-kilted-rosidl-generator-type-description      ┆                                      ┆ 4.9.6        ┆ np2py312h2ed9cc7_17  ┆ robostack-kilted ┆   45.
#16 223.7  │ │ 90 KiB │
#16 223.7  │ │ │ ros-kilted-rosidl-parser                          ┆                                      ┆ 4.9.6        ┆ np2py312h2ed9cc7_17  ┆ robostack-kilted ┆   64.
#16 223.7  │ │ 65 KiB │
#16 223.7  │ │ │ ros-kilted-rosidl-pycommon                        ┆                                      ┆ 4.9.6        ┆ np2py312h2ed9cc7_17  ┆ robostack-kilted ┆   26.
#16 223.7  │ │ 21 KiB │
#16 223.7  │ │ │ ros-kilted-rosidl-runtime-c                       ┆                                      ┆ 4.9.6        ┆ np2py312h2ed9cc7_17  ┆ robostack-kilted ┆   80.
#16 223.7  │ │ 85 KiB │
#16 223.7  │ │ │ ros-kilted-rosidl-runtime-cpp                     ┆                                      ┆ 4.9.6        ┆ np2py312h2ed9cc7_17  ┆ robostack-kilted ┆   40.
#16 223.7  │ │ 18 KiB │
#16 223.7  │ │ │ ros-kilted-rosidl-typesupport-c                   ┆                                      ┆ 3.3.3        ┆ np2py312h2ed9cc7_17  ┆ robostack-kilted ┆   49.
#16 223.7  │ │ 61 KiB │
#16 223.7  │ │ │ ros-kilted-rosidl-typesupport-cpp                 ┆                                      ┆ 3.3.3        ┆ np2py312h2ed9cc7_17  ┆ robostack-kilted ┆   48.
#16 223.7  │ │ 76 KiB │
#16 223.7  │ │ │ ros-kilted-rosidl-typesupport-fastrtps-c          ┆                                      ┆ 3.8.2        ┆ np2py312h2ed9cc7_17  ┆ robostack-kilted ┆   50.
#16 223.7  │ │ 31 KiB │
#16 223.7  │ │ │ ros-kilted-rosidl-typesupport-fastrtps-cpp        ┆                                      ┆ 3.8.2        ┆ np2py312h2ed9cc7_17  ┆ robostack-kilted ┆   52.
#16 223.7  │ │ 32 KiB │
#16 223.7  │ │ │ ros-kilted-rosidl-typesupport-interface           ┆                                      ┆ 4.9.6        ┆ np2py312h2ed9cc7_17  ┆ robostack-kilted ┆   28.
#16 223.7  │ │ 82 KiB │
#16 223.7  │ │ │ ros-kilted-rosidl-typesupport-introspection-c     ┆                                      ┆ 4.9.6        ┆ np2py312h2ed9cc7_17  ┆ robostack-kilted ┆   45.
#16 223.7  │ │ 99 KiB │
#16 223.7  │ │ │ ros-kilted-rosidl-typesupport-introspection-cpp   ┆                                      ┆ 4.9.6        ┆ np2py312h2ed9cc7_17  ┆ robostack-kilted ┆   46.
#16 223.7  │ │ 24 KiB │
#16 223.7  │ │ │ ros-kilted-rpyutils                               ┆                                      ┆ 0.6.3        ┆ np2py312h2ed9cc7_17  ┆ robostack-kilted ┆   26.
#16 223.7  │ │ 66 KiB │
#16 223.7  │ │ │ ros-kilted-service-msgs                           ┆                                      ┆ 2.3.1        ┆ np2py312h2ed9cc7_17  ┆ robostack-kilted ┆   78.
#16 223.7  │ │ 16 KiB │
#16 223.7  │ │ │ ros-kilted-uncrustify-vendor                      ┆                                      ┆ 3.1.0        ┆ np2py312h2ed9cc7_17  ┆ robostack-kilted ┆   22.
#16 223.7  │ │ 64 KiB │
#16 223.7  │ │ │ ros-kilted-unique-identifier-msgs                 ┆                                      ┆ 2.7.0        ┆ np2py312h2ed9cc7_17  ┆ robostack-kilted ┆   72.
#16 223.7  │ │ 52 KiB │
#16 223.7  │ │ │ ros2-distro-mutex                                 ┆                                      ┆ 0.14.0       ┆ kilted_17            ┆ robostack-kilted ┆    2.
#16 223.7  │ │ 32 KiB │
#16 223.7  │ │ │ six                                               ┆                                      ┆ 1.17.0       ┆ pyhe01879c_1         ┆ conda-forge      ┆   18.
#16 223.7  │ │ 02 KiB │
#16 223.7  │ │ │ snowballstemmer                                   ┆                                      ┆ 3.0.1        ┆ pyhd8ed1ab_0         ┆ conda-forge      ┆   71.
#16 223.7  │ │ 30 KiB │
#16 223.7  │ │ │ sysroot_linux-64                                  ┆                                      ┆ 2.28         ┆ h4ee821c_9           ┆ conda-forge      ┆   22.
#16 223.7  │ │ 90 MiB │
#16 223.7  │ │ │ tinyxml2                                          ┆                                      ┆ 11.0.0       ┆ h3f2d84a_0           ┆ conda-forge      ┆  128.
#16 223.7  │ │ 27 KiB │
#16 223.7  │ │ │ tk                                                ┆                                      ┆ 8.6.13       ┆ noxft_h366c992_103   ┆ conda-forge      ┆    3.
#16 223.7  │ │ 15 MiB │
#16 223.7  │ │ │ tomli                                             ┆                                      ┆ 2.4.1        ┆ pyhcf101f3_0         ┆ conda-forge      ┆   21.
#16 223.7  │ │ 06 KiB │
#16 223.7  │ │ │ tzdata                                            ┆                                      ┆ 2025c        ┆ hc9c84f9_1           ┆ conda-forge      ┆  116.
#16 223.7  │ │ 34 KiB │
#16 223.7  │ │ │ uncrustify                                        ┆                                      ┆ 0.81.0       ┆ h54a6638_2           ┆ conda-forge      ┆  707.
#16 223.7  │ │ 61 KiB │
#16 223.7  │ │ │ zipp                                              ┆                                      ┆ 3.23.1       ┆ pyhcf101f3_0         ┆ conda-forge      ┆   23.
#16 223.7  │ │ 89 KiB │
#16 223.7  │ │ │ zstd                                              ┆                                      ┆ 1.5.7        ┆ hb78ec9c_6           ┆ conda-forge      ┆  587.
#16 223.7  │ │ 28 KiB │
#16 223.7  │ │ ╰───────────────────────────────────────────────────┴──────────────────────────────────────┴──────────────┴──────────────────────┴──────────────────┴──────
#16 223.7  │ │ ───────╯
#16 223.7  │ │ Resolved host dependencies(ros-kilted-aic-training-interfaces-0.0.1-hb0f4dca_0):
#16 223.7  │ │ ╭───────────────────────────────────────────────────┬──────────────────────────────────────────────┬──────────────┬──────────────────────┬─────────────────
#16 223.7  │ │ ─┬─────────────╮
#16 223.7  │ │ │ Package                                           ┆ Spec                                         ┆ Version      ┆ Build                ┆ Channel         
#16 223.7  │ │  ┆        Size │
#16 223.7  │ │ ╞═══════════════════════════════════════════════════╪══════════════════════════════════════════════╪══════════════╪══════════════════════╪═════════════════
#16 223.7  │ │ ═╪═════════════╡
#16 223.7  │ │ │ libgcc                                            ┆ libgcc >=15 (RE of [build: gcc_linux-64])    ┆ 15.2.0       ┆ he0feb66_18          ┆ conda-forge     
#16 223.7  │ │  ┆ 1017.37 KiB │
#16 223.7  │ │ │ libstdcxx                                         ┆ libstdcxx >=15 (RE of [build: gxx_linux-64]) ┆ 15.2.0       ┆ h934c35e_18          ┆ conda-forge     
#16 223.7  │ │  ┆    5.58 MiB │
#16 223.7  │ │ │ numpy                                             ┆ numpy                                        ┆ 2.4.3        ┆ py312h33ff503_0      ┆ conda-forge     
#16 223.7  │ │  ┆    8.35 MiB │
#16 223.7  │ │ │ pip                                               ┆ pip                                          ┆ 26.0.1       ┆ pyh8b19718_0         ┆ conda-forge     
#16 223.7  │ │  ┆    1.13 MiB │
#16 223.7  │ │ │ pkg-config                                        ┆ pkg-config                                   ┆ 0.29.2       ┆ h4bc722e_1009        ┆ conda-forge     
#16 223.7  │ │  ┆  112.48 KiB │
#16 223.7  │ │ │ python                                            ┆ python                                       ┆ 3.12.13      ┆ hd63d673_0_cpython   ┆ conda-forge     
#16 223.7  │ │  ┆   30.14 MiB │
#16 223.7  │ │ │ ros-kilted-ament-cmake                            ┆ ros-kilted-ament-cmake                       ┆ 2.7.5        ┆ np2py312h2ed9cc7_17  ┆ robostack-kilted
#16 223.7  │ │  ┆   22.73 KiB │
#16 223.7  │ │ │ ros-kilted-ament-lint-auto                        ┆ ros-kilted-ament-lint-auto                   ┆ 0.19.2       ┆ np2py312h2ed9cc7_17  ┆ robostack-kilted
#16 223.7  │ │  ┆   21.47 KiB │
#16 223.7  │ │ │ ros-kilted-ament-lint-common                      ┆ ros-kilted-ament-lint-common                 ┆ 0.19.2       ┆ np2py312h2ed9cc7_17  ┆ robostack-kilted
#16 223.7  │ │  ┆   21.79 KiB │
#16 223.7  │ │ │ ros-kilted-ros-workspace                          ┆ ros-kilted-ros-workspace                     ┆ 1.0.3        ┆ np2py312h2ed9cc7_17  ┆ robostack-kilted
#16 223.7  │ │  ┆   34.44 KiB │
#16 223.7  │ │ │ ros-kilted-rosidl-default-generators              ┆ ros-kilted-rosidl-default-generators         ┆ 1.7.2        ┆ np2py312h2ed9cc7_17  ┆ robostack-kilted
#16 223.7  │ │  ┆   30.46 KiB │
#16 223.7  │ │ │ ros2-distro-mutex                                 ┆ ros2-distro-mutex                            ┆ 0.14.0       ┆ kilted_17            ┆ robostack-kilted
#16 223.7  │ │  ┆    2.32 KiB │
#16 223.7  │ │ │ _openmp_mutex                                     ┆                                              ┆ 4.5          ┆ 20_gnu               ┆ conda-forge     
#16 223.7  │ │  ┆   28.27 KiB │
#16 223.7  │ │ │ argcomplete                                       ┆                                              ┆ 3.6.3        ┆ pyhd8ed1ab_0         ┆ conda-forge     
#16 223.7  │ │  ┆   41.39 KiB │
#16 223.7  │ │ │ bzip2                                             ┆                                              ┆ 1.0.8        ┆ hda65f42_9           ┆ conda-forge     
#16 223.7  │ │  ┆  254.08 KiB │
#16 223.7  │ │ │ c-ares                                            ┆                                              ┆ 1.34.6       ┆ hb03c661_0           ┆ conda-forge     
#16 223.7  │ │  ┆  203.01 KiB │
#16 223.7  │ │ │ ca-certificates                                   ┆                                              ┆ 2026.4.22    ┆ hbd8a1cb_0           ┆ conda-forge     
#16 223.7  │ │  ┆  127.97 KiB │
#16 223.7  │ │ │ catkin_pkg                                        ┆                                              ┆ 1.1.0        ┆ pyhd8ed1ab_0         ┆ conda-forge     
#16 223.7  │ │  ┆   52.84 KiB │
#16 223.7  │ │ │ cmake                                             ┆                                              ┆ 4.3.2        ┆ hc85cc9f_0           ┆ conda-forge     
#16 223.7  │ │  ┆   22.01 MiB │
#16 223.7  │ │ │ cppcheck                                          ┆                                              ┆ 2.20.1       ┆ py312h014360a_0      ┆ conda-forge     
#16 223.7  │ │  ┆    2.96 MiB │
#16 223.7  │ │ │ docutils                                          ┆                                              ┆ 0.22.4       ┆ pyhd8ed1ab_0         ┆ conda-forge     
#16 223.7  │ │  ┆  427.74 KiB │
#16 223.7  │ │ │ empy                                              ┆                                              ┆ 3.3.4        ┆ pyh9f0ad1d_1         ┆ conda-forge     
#16 223.7  │ │  ┆   39.27 KiB │
#16 223.7  │ │ │ flake8                                            ┆                                              ┆ 7.3.0        ┆ pyhd8ed1ab_0         ┆ conda-forge     
#16 223.7  │ │  ┆  109.29 KiB │
#16 223.7  │ │ │ flake8-builtins                                   ┆                                              ┆ 3.1.0        ┆ pyhd8ed1ab_0         ┆ conda-forge     
#16 223.7  │ │  ┆   19.04 KiB │
#16 223.7  │ │ │ flake8-comprehensions                             ┆                                              ┆ 3.17.0       ┆ pyhd8ed1ab_0         ┆ conda-forge     
#16 223.7  │ │  ┆   13.72 KiB │
#16 223.7  │ │ │ flake8-docstrings                                 ┆                                              ┆ 1.7.0        ┆ pyhd8ed1ab_0         ┆ conda-forge     
#16 223.7  │ │  ┆   10.15 KiB │
#16 223.7  │ │ │ flake8-import-order                               ┆                                              ┆ 0.19.2       ┆ pyhd8ed1ab_0         ┆ conda-forge     
#16 223.7  │ │  ┆   20.55 KiB │
#16 223.7  │ │ │ flake8-quotes                                     ┆                                              ┆ 3.4.0        ┆ pyhd8ed1ab_1         ┆ conda-forge     
#16 223.7  │ │  ┆   14.43 KiB │
#16 223.7  │ │ │ icu                                               ┆                                              ┆ 78.3         ┆ h33c6efd_0           ┆ conda-forge     
#16 223.7  │ │  ┆   12.13 MiB │
#16 223.7  │ │ │ importlib-metadata                                ┆                                              ┆ 8.8.0        ┆ pyhcf101f3_0         ┆ conda-forge     
#16 223.7  │ │  ┆   33.58 KiB │
#16 223.7  │ │ │ importlib_resources                               ┆                                              ┆ 7.1.0        ┆ pyhd8ed1ab_0         ┆ conda-forge     
#16 223.7  │ │  ┆   33.99 KiB │
#16 223.7  │ │ │ keyutils                                          ┆                                              ┆ 1.6.3        ┆ hb9d3cd8_0           ┆ conda-forge     
#16 223.7  │ │  ┆  130.95 KiB │
#16 223.7  │ │ │ krb5                                              ┆                                              ┆ 1.22.2       ┆ ha1258a1_0           ┆ conda-forge     
#16 223.7  │ │  ┆    1.32 MiB │
#16 223.7  │ │ │ lark-parser                                       ┆                                              ┆ 0.12.0       ┆ pyhd8ed1ab_1         ┆ conda-forge     
#16 223.7  │ │  ┆   84.12 KiB │
#16 223.7  │ │ │ ld_impl_linux-64                                  ┆                                              ┆ 2.45.1       ┆ default_hbd61a6d_102 ┆ conda-forge     
#16 223.7  │ │  ┆  710.94 KiB │
#16 223.7  │ │ │ libblas                                           ┆                                              ┆ 3.11.0       ┆ 6_h4a7cf45_openblas  ┆ conda-forge     
#16 223.7  │ │  ┆   18.18 KiB │
#16 223.7  │ │ │ libcblas                                          ┆                                              ┆ 3.11.0       ┆ 6_h0358290_openblas  ┆ conda-forge     
#16 223.7  │ │  ┆   18.19 KiB │
#16 223.7  │ │ │ libcurl                                           ┆                                              ┆ 8.19.0       ┆ hcf29cc6_0           ┆ conda-forge     
#16 223.7  │ │  ┆  455.77 KiB │
#16 223.7  │ │ │ libedit                                           ┆                                              ┆ 3.1.20250104 ┆ pl5321h7949ede_0     ┆ conda-forge     
#16 223.7  │ │  ┆  131.52 KiB │
#16 223.7  │ │ │ libev                                             ┆                                              ┆ 4.33         ┆ hd590300_2           ┆ conda-forge     
#16 223.7  │ │  ┆  110.12 KiB │
#16 223.7  │ │ │ libexpat                                          ┆                                              ┆ 2.7.5        ┆ hecca717_0           ┆ conda-forge     
#16 223.7  │ │  ┆   74.83 KiB │
#16 223.7  │ │ │ libffi                                            ┆                                              ┆ 3.5.2        ┆ h3435931_0           ┆ conda-forge     
#16 223.7  │ │  ┆   57.22 KiB │
#16 223.7  │ │ │ libgcc-ng                                         ┆                                              ┆ 15.2.0       ┆ h69a702a_18          ┆ conda-forge     
#16 223.7  │ │  ┆   26.88 KiB │
#16 223.7  │ │ │ libgfortran                                       ┆                                              ┆ 15.2.0       ┆ h69a702a_18          ┆ conda-forge     
#16 223.7  │ │  ┆   26.88 KiB │
#16 223.7  │ │ │ libgfortran5                                      ┆                                              ┆ 15.2.0       ┆ h68bc16d_18          ┆ conda-forge     
#16 223.7  │ │  ┆    2.37 MiB │
#16 223.7  │ │ │ libgomp                                           ┆                                              ┆ 15.2.0       ┆ he0feb66_18          ┆ conda-forge     
#16 223.7  │ │  ┆  589.12 KiB │
#16 223.7  │ │ │ libiconv                                          ┆                                              ┆ 1.18         ┆ h3b78370_2           ┆ conda-forge     
#16 223.7  │ │  ┆  771.66 KiB │
#16 223.7  │ │ │ liblapack                                         ┆                                              ┆ 3.11.0       ┆ 6_h47877c9_openblas  ┆ conda-forge     
#16 223.7  │ │  ┆   18.19 KiB │
#16 223.7  │ │ │ liblzma                                           ┆                                              ┆ 5.8.3        ┆ hb03c661_0           ┆ conda-forge     
#16 223.7  │ │  ┆  110.82 KiB │
#16 223.7  │ │ │ libnghttp2                                        ┆                                              ┆ 1.68.1       ┆ h877daf1_0           ┆ conda-forge     
#16 223.7  │ │  ┆  647.80 KiB │
#16 223.7  │ │ │ libnsl                                            ┆                                              ┆ 2.0.1        ┆ hb9d3cd8_1           ┆ conda-forge     
#16 223.7  │ │  ┆   32.94 KiB │
#16 223.7  │ │ │ libopenblas                                       ┆                                              ┆ 0.3.32       ┆ pthreads_h94d23a6_0  ┆ conda-forge     
#16 223.7  │ │  ┆    5.65 MiB │
#16 223.7  │ │ │ libsqlite                                         ┆                                              ┆ 3.53.0       ┆ hf4e2dac_0           ┆ conda-forge     
#16 223.7  │ │  ┆  936.39 KiB │
#16 223.7  │ │ │ libssh2                                           ┆                                              ┆ 1.11.1       ┆ hcf80075_0           ┆ conda-forge     
#16 223.7  │ │  ┆  297.65 KiB │
#16 223.7  │ │ │ libstdcxx-ng                                      ┆                                              ┆ 15.2.0       ┆ hdf11a46_18          ┆ conda-forge     
#16 223.7  │ │  ┆   26.93 KiB │
#16 223.7  │ │ │ libuuid                                           ┆                                              ┆ 2.42         ┆ h5347b49_0           ┆ conda-forge     
#16 223.7  │ │  ┆   39.35 KiB │
#16 223.7  │ │ │ libuv                                             ┆                                              ┆ 1.51.0       ┆ hb03c661_1           ┆ conda-forge     
#16 223.7  │ │  ┆  874.13 KiB │
#16 223.7  │ │ │ libxcrypt                                         ┆                                              ┆ 4.4.36       ┆ hd590300_1           ┆ conda-forge     
#16 223.7  │ │  ┆   98.04 KiB │
#16 223.7  │ │ │ libxml2                                           ┆                                              ┆ 2.15.3       ┆ h49c6c72_0           ┆ conda-forge     
#16 223.7  │ │  ┆   45.71 KiB │
#16 223.7  │ │ │ libxml2-16                                        ┆                                              ┆ 2.15.3       ┆ hca6bf5a_0           ┆ conda-forge     
#16 223.7  │ │  ┆  546.66 KiB │
#16 223.7  │ │ │ libzlib                                           ┆                                              ┆ 1.3.2        ┆ h25fd6f3_2           ┆ conda-forge     
#16 223.7  │ │  ┆   62.14 KiB │
#16 223.7  │ │ │ mccabe                                            ┆                                              ┆ 0.7.0        ┆ pyhd8ed1ab_1         ┆ conda-forge     
#16 223.7  │ │  ┆   12.63 KiB │
#16 223.7  │ │ │ ncurses                                           ┆                                              ┆ 6.6          ┆ hdb14827_0           ┆ conda-forge     
#16 223.7  │ │  ┆  897.42 KiB │
#16 223.7  │ │ │ openssl                                           ┆                                              ┆ 3.6.2        ┆ h35e630c_0           ┆ conda-forge     
#16 223.7  │ │  ┆    3.02 MiB │
#16 223.7  │ │ │ packaging                                         ┆                                              ┆ 26.2         ┆ pyhc364b38_0         ┆ conda-forge     
#16 223.7  │ │  ┆   89.43 KiB │
#16 223.7  │ │ │ pcre                                              ┆                                              ┆ 8.45         ┆ h9c3ff4c_0           ┆ conda-forge     
#16 223.7  │ │  ┆  253.30 KiB │
#16 223.7  │ │ │ pycodestyle                                       ┆                                              ┆ 2.14.0       ┆ pyhd8ed1ab_0         ┆ conda-forge     
#16 223.7  │ │  ┆   34.36 KiB │
#16 223.7  │ │ │ pydocstyle                                        ┆                                              ┆ 6.3.0        ┆ pyhd8ed1ab_1         ┆ conda-forge     
#16 223.7  │ │  ┆   39.29 KiB │
#16 223.7  │ │ │ pyflakes                                          ┆                                              ┆ 3.4.0        ┆ pyhd8ed1ab_0         ┆ conda-forge     
#16 223.7  │ │  ┆   58.20 KiB │
#16 223.7  │ │ │ pygments                                          ┆                                              ┆ 2.20.0       ┆ pyhd8ed1ab_0         ┆ conda-forge     
#16 223.7  │ │  ┆  872.10 KiB │
#16 223.7  │ │ │ pyparsing                                         ┆                                              ┆ 3.3.2        ┆ pyhcf101f3_0         ┆ conda-forge     
#16 223.7  │ │  ┆  108.29 KiB │
#16 223.7  │ │ │ python-dateutil                                   ┆                                              ┆ 2.9.0.post0  ┆ pyhe01879c_2         ┆ conda-forge     
#16 223.7  │ │  ┆  227.84 KiB │
#16 223.7  │ │ │ python_abi                                        ┆                                              ┆ 3.12         ┆ 8_cp312              ┆ conda-forge     
#16 223.7  │ │  ┆    6.79 KiB │
#16 223.7  │ │ │ readline                                          ┆                                              ┆ 8.3          ┆ h853b02a_0           ┆ conda-forge     
#16 223.7  │ │  ┆  336.99 KiB │
#16 223.7  │ │ │ rhash                                             ┆                                              ┆ 1.4.6        ┆ hb9d3cd8_1           ┆ conda-forge     
#16 223.7  │ │  ┆  189.23 KiB │
#16 223.7  │ │ │ ros-kilted-action-msgs                            ┆                                              ┆ 2.3.1        ┆ np2py312h2ed9cc7_17  ┆ robostack-kilted
#16 223.7  │ │  ┆  150.07 KiB │
#16 223.7  │ │ │ ros-kilted-ament-cmake-copyright                  ┆                                              ┆ 0.19.2       ┆ np2py312h2ed9cc7_17  ┆ robostack-kilted
#16 223.7  │ │  ┆   22.14 KiB │
#16 223.7  │ │ │ ros-kilted-ament-cmake-core                       ┆                                              ┆ 2.7.5        ┆ np2py312h2ed9cc7_17  ┆ robostack-kilted
#16 223.7  │ │  ┆   43.98 KiB │
#16 223.7  │ │ │ ros-kilted-ament-cmake-cppcheck                   ┆                                              ┆ 0.19.2       ┆ np2py312h2ed9cc7_17  ┆ robostack-kilted
#16 223.7  │ │  ┆   23.89 KiB │
#16 223.7  │ │ │ ros-kilted-ament-cmake-cpplint                    ┆                                              ┆ 0.19.2       ┆ np2py312h2ed9cc7_17  ┆ robostack-kilted
#16 223.7  │ │  ┆   22.76 KiB │
#16 223.7  │ │ │ ros-kilted-ament-cmake-export-definitions         ┆                                              ┆ 2.7.5        ┆ np2py312h2ed9cc7_17  ┆ robostack-kilted
#16 223.7  │ │  ┆   21.48 KiB │
#16 223.7  │ │ │ ros-kilted-ament-cmake-export-dependencies        ┆                                              ┆ 2.7.5        ┆ np2py312h2ed9cc7_17  ┆ robostack-kilted
#16 223.7  │ │  ┆   22.41 KiB │
#16 223.7  │ │ │ ros-kilted-ament-cmake-export-include-directories ┆                                              ┆ 2.7.5        ┆ np2py312h2ed9cc7_17  ┆ robostack-kilted
#16 223.7  │ │  ┆   21.91 KiB │
#16 223.7  │ │ │ ros-kilted-ament-cmake-export-interfaces          ┆                                              ┆ 2.7.5        ┆ np2py312h2ed9cc7_17  ┆ robostack-kilted
#16 223.7  │ │  ┆   22.11 KiB │
#16 223.7  │ │ │ ros-kilted-ament-cmake-export-libraries           ┆                                              ┆ 2.7.5        ┆ np2py312h2ed9cc7_17  ┆ robostack-kilted
#16 223.7  │ │  ┆   23.39 KiB │
#16 223.7  │ │ │ ros-kilted-ament-cmake-export-link-flags          ┆                                              ┆ 2.7.5        ┆ np2py312h2ed9cc7_17  ┆ robostack-kilted
#16 223.7  │ │  ┆   21.45 KiB │
#16 223.7  │ │ │ ros-kilted-ament-cmake-export-targets             ┆                                              ┆ 2.7.5        ┆ np2py312h2ed9cc7_17  ┆ robostack-kilted
#16 223.7  │ │  ┆   22.26 KiB │
#16 223.7  │ │ │ ros-kilted-ament-cmake-flake8                     ┆                                              ┆ 0.19.2       ┆ np2py312h2ed9cc7_17  ┆ robostack-kilted
#16 223.7  │ │  ┆   23.73 KiB │
#16 223.7  │ │ │ ros-kilted-ament-cmake-gen-version-h              ┆                                              ┆ 2.7.5        ┆ np2py312h2ed9cc7_17  ┆ robostack-kilted
#16 223.7  │ │  ┆   24.16 KiB │
#16 223.7  │ │ │ ros-kilted-ament-cmake-include-directories        ┆                                              ┆ 2.7.5        ┆ np2py312h2ed9cc7_17  ┆ robostack-kilted
#16 223.7  │ │  ┆   21.36 KiB │
#16 223.7  │ │ │ ros-kilted-ament-cmake-libraries                  ┆                                              ┆ 2.7.5        ┆ np2py312h2ed9cc7_17  ┆ robostack-kilted
#16 223.7  │ │  ┆   21.06 KiB │
#16 223.7  │ │ │ ros-kilted-ament-cmake-lint-cmake                 ┆                                              ┆ 0.19.2       ┆ np2py312h2ed9cc7_17  ┆ robostack-kilted
#16 223.7  │ │  ┆   21.80 KiB │
#16 223.7  │ │ │ ros-kilted-ament-cmake-pep257                     ┆                                              ┆ 0.19.2       ┆ np2py312h2ed9cc7_17  ┆ robostack-kilted
#16 223.7  │ │  ┆   22.58 KiB │
#16 223.7  │ │ │ ros-kilted-ament-cmake-python                     ┆                                              ┆ 2.7.5        ┆ np2py312h2ed9cc7_17  ┆ robostack-kilted
#16 223.7  │ │  ┆   23.55 KiB │
#16 223.7  │ │ │ ros-kilted-ament-cmake-ros-core                   ┆                                              ┆ 0.14.7       ┆ np2py312h2ed9cc7_17  ┆ robostack-kilted
#16 223.7  │ │  ┆   26.39 KiB │
#16 223.7  │ │ │ ros-kilted-ament-cmake-target-dependencies        ┆                                              ┆ 2.7.5        ┆ np2py312h2ed9cc7_17  ┆ robostack-kilted
#16 223.7  │ │  ┆   23.29 KiB │
#16 223.7  │ │ │ ros-kilted-ament-cmake-test                       ┆                                              ┆ 2.7.5        ┆ np2py312h2ed9cc7_17  ┆ robostack-kilted
#16 223.7  │ │  ┆   35.17 KiB │
#16 223.7  │ │ │ ros-kilted-ament-cmake-uncrustify                 ┆                                              ┆ 0.19.2       ┆ np2py312h2ed9cc7_17  ┆ robostack-kilted
#16 223.7  │ │  ┆   23.12 KiB │
#16 223.7  │ │ │ ros-kilted-ament-cmake-version                    ┆                                              ┆ 2.7.5        ┆ np2py312h2ed9cc7_17  ┆ robostack-kilted
#16 223.7  │ │  ┆   21.24 KiB │
#16 223.7  │ │ │ ros-kilted-ament-cmake-xmllint                    ┆                                              ┆ 0.19.2       ┆ np2py312h2ed9cc7_17  ┆ robostack-kilted
#16 223.7  │ │  ┆   22.58 KiB │
#16 223.7  │ │ │ ros-kilted-ament-copyright                        ┆                                              ┆ 0.19.2       ┆ np2py312h2ed9cc7_17  ┆ robostack-kilted
#16 223.7  │ │  ┆   64.93 KiB │
#16 223.7  │ │ │ ros-kilted-ament-cppcheck                         ┆                                              ┆ 0.19.2       ┆ np2py312h2ed9cc7_17  ┆ robostack-kilted
#16 223.7  │ │  ┆   29.34 KiB │
#16 223.7  │ │ │ ros-kilted-ament-cpplint                          ┆                                              ┆ 0.19.2       ┆ np2py312h2ed9cc7_17  ┆ robostack-kilted
#16 223.7  │ │  ┆  165.26 KiB │
#16 223.7  │ │ │ ros-kilted-ament-flake8                           ┆                                              ┆ 0.19.2       ┆ np2py312h2ed9cc7_17  ┆ robostack-kilted
#16 223.7  │ │  ┆   27.55 KiB │
#16 223.7  │ │ │ ros-kilted-ament-index-python                     ┆                                              ┆ 1.11.3       ┆ np2py312h2ed9cc7_17  ┆ robostack-kilted
#16 223.7  │ │  ┆   29.79 KiB │
#16 223.7  │ │ │ ros-kilted-ament-lint                             ┆                                              ┆ 0.19.2       ┆ np2py312h2ed9cc7_17  ┆ robostack-kilted
#16 223.7  │ │  ┆   17.04 KiB │
#16 223.7  │ │ │ ros-kilted-ament-lint-cmake                       ┆                                              ┆ 0.19.2       ┆ np2py312h2ed9cc7_17  ┆ robostack-kilted
#16 223.7  │ │  ┆   38.71 KiB │
#16 223.7  │ │ │ ros-kilted-ament-package                          ┆                                              ┆ 0.17.2       ┆ np2py312h2ed9cc7_17  ┆ robostack-kilted
#16 223.7  │ │  ┆   41.83 KiB │
#16 223.7  │ │ │ ros-kilted-ament-pep257                           ┆                                              ┆ 0.19.2       ┆ np2py312h2ed9cc7_17  ┆ robostack-kilted
#16 223.7  │ │  ┆   26.22 KiB │
#16 223.7  │ │ │ ros-kilted-ament-uncrustify                       ┆                                              ┆ 0.19.2       ┆ np2py312h2ed9cc7_17  ┆ robostack-kilted
#16 223.7  │ │  ┆   66.74 KiB │
#16 223.7  │ │ │ ros-kilted-ament-xmllint                          ┆                                              ┆ 0.19.2       ┆ np2py312h2ed9cc7_17  ┆ robostack-kilted
#16 223.7  │ │  ┆   27.28 KiB │
#16 223.7  │ │ │ ros-kilted-builtin-interfaces                     ┆                                              ┆ 2.3.1        ┆ np2py312h2ed9cc7_17  ┆ robostack-kilted
#16 223.7  │ │  ┆   78.56 KiB │
#16 223.7  │ │ │ ros-kilted-fastcdr                                ┆                                              ┆ 2.3.5        ┆ np2py312h2ed9cc7_17  ┆ robostack-kilted
#16 223.7  │ │  ┆   87.44 KiB │
#16 223.7  │ │ │ ros-kilted-rcpputils                              ┆                                              ┆ 2.13.5       ┆ np2py312h2ed9cc7_17  ┆ robostack-kilted
#16 223.7  │ │  ┆   79.27 KiB │
#16 223.7  │ │ │ ros-kilted-rcutils                                ┆                                              ┆ 6.9.10       ┆ np2py312h2ed9cc7_17  ┆ robostack-kilted
#16 223.7  │ │  ┆  121.88 KiB │
#16 223.7  │ │ │ ros-kilted-rmw                                    ┆                                              ┆ 7.8.2        ┆ np2py312h2ed9cc7_17  ┆ robostack-kilted
#16 223.7  │ │  ┆   94.45 KiB │
#16 223.7  │ │ │ ros-kilted-ros-environment                        ┆                                              ┆ 4.3.1        ┆ np2py312h2ed9cc7_17  ┆ robostack-kilted
#16 223.7  │ │  ┆   20.85 KiB │
#16 223.7  │ │ │ ros-kilted-rosidl-adapter                         ┆                                              ┆ 4.9.6        ┆ np2py312h2ed9cc7_17  ┆ robostack-kilted
#16 223.7  │ │  ┆   66.46 KiB │
#16 223.7  │ │ │ ros-kilted-rosidl-cli                             ┆                                              ┆ 4.9.6        ┆ np2py312h2ed9cc7_17  ┆ robostack-kilted
#16 223.7  │ │  ┆   45.24 KiB │
#16 223.7  │ │ │ ros-kilted-rosidl-cmake                           ┆                                              ┆ 4.9.6        ┆ np2py312h2ed9cc7_17  ┆ robostack-kilted
#16 223.7  │ │  ┆   35.50 KiB │
#16 223.7  │ │ │ ros-kilted-rosidl-core-generators                 ┆                                              ┆ 0.3.2        ┆ np2py312h2ed9cc7_17  ┆ robostack-kilted
#16 223.7  │ │  ┆   30.27 KiB │
#16 223.7  │ │ │ ros-kilted-rosidl-core-runtime                    ┆                                              ┆ 0.3.2        ┆ np2py312h2ed9cc7_17  ┆ robostack-kilted
#16 223.7  │ │  ┆   29.33 KiB │
#16 223.7  │ │ │ ros-kilted-rosidl-dynamic-typesupport             ┆                                              ┆ 0.3.1        ┆ np2py312h2ed9cc7_17  ┆ robostack-kilted
#16 223.7  │ │  ┆   59.43 KiB │
#16 223.7  │ │ │ ros-kilted-rosidl-generator-c                     ┆                                              ┆ 4.9.6        ┆ np2py312h2ed9cc7_17  ┆ robostack-kilted
#16 223.7  │ │  ┆   50.87 KiB │
#16 223.7  │ │ │ ros-kilted-rosidl-generator-cpp                   ┆                                              ┆ 4.9.6        ┆ np2py312h2ed9cc7_17  ┆ robostack-kilted
#16 223.7  │ │  ┆   49.20 KiB │
#16 223.7  │ │ │ ros-kilted-rosidl-generator-py                    ┆                                              ┆ 0.24.2       ┆ np2py312h2ed9cc7_17  ┆ robostack-kilted
#16 223.7  │ │  ┆   58.46 KiB │
#16 223.7  │ │ │ ros-kilted-rosidl-generator-rs                    ┆                                              ┆ 0.4.11       ┆ np2py312h2ed9cc7_17  ┆ robostack-kilted
#16 223.7  │ │  ┆   47.05 KiB │
#16 223.7  │ │ │ ros-kilted-rosidl-generator-type-description      ┆                                              ┆ 4.9.6        ┆ np2py312h2ed9cc7_17  ┆ robostack-kilted
#16 223.7  │ │  ┆   45.90 KiB │
#16 223.7  │ │ │ ros-kilted-rosidl-parser                          ┆                                              ┆ 4.9.6        ┆ np2py312h2ed9cc7_17  ┆ robostack-kilted
#16 223.7  │ │  ┆   64.65 KiB │
#16 223.7  │ │ │ ros-kilted-rosidl-pycommon                        ┆                                              ┆ 4.9.6        ┆ np2py312h2ed9cc7_17  ┆ robostack-kilted
#16 223.7  │ │  ┆   26.21 KiB │
#16 223.7  │ │ │ ros-kilted-rosidl-runtime-c                       ┆                                              ┆ 4.9.6        ┆ np2py312h2ed9cc7_17  ┆ robostack-kilted
#16 223.7  │ │  ┆   80.85 KiB │
#16 223.7  │ │ │ ros-kilted-rosidl-runtime-cpp                     ┆                                              ┆ 4.9.6        ┆ np2py312h2ed9cc7_17  ┆ robostack-kilted
#16 223.7  │ │  ┆   40.18 KiB │
#16 223.7  │ │ │ ros-kilted-rosidl-typesupport-c                   ┆                                              ┆ 3.3.3        ┆ np2py312h2ed9cc7_17  ┆ robostack-kilted
#16 223.7  │ │  ┆   49.61 KiB │
#16 223.7  │ │ │ ros-kilted-rosidl-typesupport-cpp                 ┆                                              ┆ 3.3.3        ┆ np2py312h2ed9cc7_17  ┆ robostack-kilted
#16 223.7  │ │  ┆   48.76 KiB │
#16 223.7  │ │ │ ros-kilted-rosidl-typesupport-fastrtps-c          ┆                                              ┆ 3.8.2        ┆ np2py312h2ed9cc7_17  ┆ robostack-kilted
#16 223.7  │ │  ┆   50.31 KiB │
#16 223.7  │ │ │ ros-kilted-rosidl-typesupport-fastrtps-cpp        ┆                                              ┆ 3.8.2        ┆ np2py312h2ed9cc7_17  ┆ robostack-kilted
#16 223.7  │ │  ┆   52.32 KiB │
#16 223.7  │ │ │ ros-kilted-rosidl-typesupport-interface           ┆                                              ┆ 4.9.6        ┆ np2py312h2ed9cc7_17  ┆ robostack-kilted
#16 223.7  │ │  ┆   28.82 KiB │
#16 223.7  │ │ │ ros-kilted-rosidl-typesupport-introspection-c     ┆                                              ┆ 4.9.6        ┆ np2py312h2ed9cc7_17  ┆ robostack-kilted
#16 223.7  │ │  ┆   45.99 KiB │
#16 223.7  │ │ │ ros-kilted-rosidl-typesupport-introspection-cpp   ┆                                              ┆ 4.9.6        ┆ np2py312h2ed9cc7_17  ┆ robostack-kilted
#16 223.7  │ │  ┆   46.24 KiB │
#16 223.7  │ │ │ ros-kilted-rpyutils                               ┆                                              ┆ 0.6.3        ┆ np2py312h2ed9cc7_17  ┆ robostack-kilted
#16 223.7  │ │  ┆   26.66 KiB │
#16 223.7  │ │ │ ros-kilted-service-msgs                           ┆                                              ┆ 2.3.1        ┆ np2py312h2ed9cc7_17  ┆ robostack-kilted
#16 223.7  │ │  ┆   78.16 KiB │
#16 223.7  │ │ │ ros-kilted-uncrustify-vendor                      ┆                                              ┆ 3.1.0        ┆ np2py312h2ed9cc7_17  ┆ robostack-kilted
#16 223.7  │ │  ┆   22.64 KiB │
#16 223.7  │ │ │ ros-kilted-unique-identifier-msgs                 ┆                                              ┆ 2.7.0        ┆ np2py312h2ed9cc7_17  ┆ robostack-kilted
#16 223.7  │ │  ┆   72.52 KiB │
#16 223.7  │ │ │ setuptools                                        ┆                                              ┆ 82.0.1       ┆ pyh332efcf_0         ┆ conda-forge     
#16 223.7  │ │  ┆  624.70 KiB │
#16 223.7  │ │ │ six                                               ┆                                              ┆ 1.17.0       ┆ pyhe01879c_1         ┆ conda-forge     
#16 223.7  │ │  ┆   18.02 KiB │
#16 223.7  │ │ │ snowballstemmer                                   ┆                                              ┆ 3.0.1        ┆ pyhd8ed1ab_0         ┆ conda-forge     
#16 223.7  │ │  ┆   71.30 KiB │
#16 223.7  │ │ │ tinyxml2                                          ┆                                              ┆ 11.0.0       ┆ h3f2d84a_0           ┆ conda-forge     
#16 223.7  │ │  ┆  128.27 KiB │
#16 223.7  │ │ │ tk                                                ┆                                              ┆ 8.6.13       ┆ noxft_h366c992_103   ┆ conda-forge     
#16 223.7  │ │  ┆    3.15 MiB │
#16 223.7  │ │ │ tomli                                             ┆                                              ┆ 2.4.1        ┆ pyhcf101f3_0         ┆ conda-forge     
#16 223.7  │ │  ┆   21.06 KiB │
#16 223.7  │ │ │ tzdata                                            ┆                                              ┆ 2025c        ┆ hc9c84f9_1           ┆ conda-forge     
#16 223.7  │ │  ┆  116.34 KiB │
#16 223.7  │ │ │ uncrustify                                        ┆                                              ┆ 0.81.0       ┆ h54a6638_2           ┆ conda-forge     
#16 223.7  │ │  ┆  707.61 KiB │
#16 223.7  │ │ │ wheel                                             ┆                                              ┆ 0.47.0       ┆ pyhd8ed1ab_0         ┆ conda-forge     
#16 223.7  │ │  ┆   32.71 KiB │
#16 223.7  │ │ │ zipp                                              ┆                                              ┆ 3.23.1       ┆ pyhcf101f3_0         ┆ conda-forge     
#16 223.7  │ │  ┆   23.89 KiB │
#16 223.7  │ │ │ zstd                                              ┆                                              ┆ 1.5.7        ┆ hb78ec9c_6           ┆ conda-forge     
#16 223.7  │ │  ┆  587.28 KiB │
#16 223.7  │ │ ╰───────────────────────────────────────────────────┴──────────────────────────────────────────────┴──────────────┴──────────────────────┴─────────────────
#16 223.7  │ │ ─┴─────────────╯
#16 223.7  │ │ Resolved run dependencies(ros-kilted-aic-training-interfaces-0.0.1-hb0f4dca_0):
#16 223.7  │ │ ╭───────────────────────────────────┬──────────────────────────────────────────────────────╮
#16 223.7  │ │ │ Name                              ┆ Spec                                                 │
#16 223.7  │ │ ╞═══════════════════════════════════╪══════════════════════════════════════════════════════╡
#16 223.7  │ │ │ Run dependencies                  ┆                                                      │
#16 223.7  │ │ │ libgcc                            ┆ >=15 (RE of [build: gcc_linux-64])                   │
#16 223.7  │ │ │                                   ┆ >=15 (RE of [build: gxx_linux-64])                   │
#16 223.7  │ │ │ libstdcxx                         ┆ >=15 (RE of [build: gxx_linux-64])                   │
#16 223.7  │ │ │ numpy                             ┆ >=1.23,<3 (RE of [host: numpy])                      │
#16 223.7  │ │ │ python_abi                        ┆ 3.12.* *_cp312 (RE of [host: python])                │
#16 223.7  │ │ │ ros-kilted-rosidl-default-runtime ┆ *                                                    │
#16 223.7  │ │ │ ros2-distro-mutex                 ┆ *                                                    │
#16 223.7  │ │ │                                   ┆ >=0.14.0,<0.15.0a0 (RE of [host: ros2-distro-mutex]) │
#16 223.7  │ │ ╰───────────────────────────────────┴──────────────────────────────────────────────────────╯
#16 223.7  │ │
#16 223.7  │ ╰─────────────────── (took 0 seconds)
#16 224.3  │
#16 224.3  │ ╭─ Running build script
#16 224.3  │ │ INFO: activate-binutils_linux-64.sh made the following environmental changes:
#16 224.3  │ │ +ADDR2LINE=x86_64-conda-linux-gnu-addr2line
#16 224.3  │ │ +AR=x86_64-conda-linux-gnu-ar
#16 224.3  │ │ +AS=x86_64-conda-linux-gnu-as
#16 224.3  │ │ +CXXFILT=x86_64-conda-linux-gnu-c++filt
#16 224.3  │ │ +ELFEDIT=x86_64-conda-linux-gnu-elfedit
#16 224.3  │ │ +GPROF=x86_64-conda-linux-gnu-gprof
#16 224.3  │ │ +LD=x86_64-conda-linux-gnu-ld
#16 224.3  │ │ +NM=x86_64-conda-linux-gnu-nm
#16 224.3  │ │ +OBJCOPY=x86_64-conda-linux-gnu-objcopy
#16 224.3  │ │ +OBJDUMP=x86_64-conda-linux-gnu-objdump
#16 224.3  │ │ +RANLIB=x86_64-conda-linux-gnu-ranlib
#16 224.3  │ │ +READELF=x86_64-conda-linux-gnu-readelf
#16 224.3  │ │ +SIZE=x86_64-conda-linux-gnu-size
#16 224.3  │ │ +STRINGS=x86_64-conda-linux-gnu-strings
#16 224.3  │ │ +STRIP=x86_64-conda-linux-gnu-strip
#16 224.3  │ │ INFO: activate-gcc_linux-64.sh made the following environmental changes:
#16 224.3  │ │ +BUILD=x86_64-conda-linux-gnu
#16 224.3  │ │ +CC=x86_64-conda-linux-gnu-cc
#16 224.3  │ │ +CC_FOR_BUILD=x86_64-conda-linux-gnu-cc
#16 224.3  │ │ +CFLAGS=-march=nocona -mtune=haswell -ftree-vectorize -fPIC -fstack-protector-strong -fno-plt -O2 -ffunction-sections -pipe -isystem $PREFIX/include -fdebu
#16 224.3  │ │ g-prefix-map=$SRC_DIR=/usr/local/src/conda/ros-kilted-aic-training-interfaces-0.0.1 -fdebug-prefix-map=$PREFIX=/usr/local/src/conda-prefix
#16 224.3  │ │ +CMAKE_ARGS=-DCMAKE_AR=$BUILD_PREFIX/bin/x86_64-conda-linux-gnu-ar -DCMAKE_CXX_COMPILER_AR=$BUILD_PREFIX/bin/x86_64-conda-linux-gnu-gcc-ar -DCMAKE_C_COMPIL
#16 224.3  │ │ ER_AR=$BUILD_PREFIX/bin/x86_64-conda-linux-gnu-gcc-ar -DCMAKE_RANLIB=$BUILD_PREFIX/bin/x86_64-conda-linux-gnu-ranlib -DCMAKE_CXX_COMPILER_RANLIB=$BUILD_PRE
#16 224.3  │ │ FIX/bin/x86_64-conda-linux-gnu-gcc-ranlib -DCMAKE_C_COMPILER_RANLIB=$BUILD_PREFIX/bin/x86_64-conda-linux-gnu-gcc-ranlib -DCMAKE_LINKER=$BUILD_PREFIX/bin/x8
#16 224.3  │ │ 6_64-conda-linux-gnu-ld -DCMAKE_STRIP=$BUILD_PREFIX/bin/x86_64-conda-linux-gnu-strip -DCMAKE_BUILD_TYPE=Release -DCMAKE_FIND_ROOT_PATH_MODE_PROGRAM=NEVER -
#16 224.3  │ │ DCMAKE_FIND_ROOT_PATH_MODE_LIBRARY=ONLY -DCMAKE_FIND_ROOT_PATH_MODE_INCLUDE=ONLY -DCMAKE_FIND_ROOT_PATH=$PREFIX;$BUILD_PREFIX/x86_64-conda-linux-gnu/sysroo
#16 224.3  │ │ t -DCMAKE_INSTALL_PREFIX=$PREFIX -DCMAKE_INSTALL_LIBDIR=lib -DCMAKE_PROGRAM_PATH=$BUILD_PREFIX/bin;$PREFIX/bin
#16 224.3  │ │ +CMAKE_PREFIX_PATH=$PREFIX:$BUILD_PREFIX/x86_64-conda-linux-gnu/sysroot/usr
#16 224.3  │ │ +CONDA_BUILD_CROSS_COMPILATION=
#16 224.3  │ │ +CONDA_BUILD_SYSROOT=$BUILD_PREFIX/x86_64-conda-linux-gnu/sysroot
#16 224.3  │ │ +CONDA_TOOLCHAIN_BUILD=x86_64-conda-linux-gnu
#16 224.3  │ │ +CONDA_TOOLCHAIN_HOST=x86_64-conda-linux-gnu
#16 224.3  │ │ +CPP=x86_64-conda-linux-gnu-cpp
#16 224.3  │ │ +CPPFLAGS=-DNDEBUG -D_FORTIFY_SOURCE=2 -O2 -isystem $PREFIX/include
#16 224.3  │ │ +CPP_FOR_BUILD=x86_64-conda-linux-gnu-cpp
#16 224.3  │ │ +DEBUG_CFLAGS=-march=nocona -mtune=haswell -ftree-vectorize -fPIC -fstack-protector-all -fno-plt -Og -g -Wall -Wextra -fvar-tracking-assignments -ffunction
#16 224.3  │ │ -sections -pipe -isystem $PREFIX/include -fdebug-prefix-map=$SRC_DIR=/usr/local/src/conda/ros-kilted-aic-training-interfaces-0.0.1 -fdebug-prefix-map=$PREF
#16 224.3  │ │ IX=/usr/local/src/conda-prefix
#16 224.4  │ │ +DEBUG_CPPFLAGS=-D_DEBUG -D_FORTIFY_SOURCE=2 -Og -isystem $PREFIX/include
#16 224.4  │ │ +GCC=x86_64-conda-linux-gnu-gcc
#16 224.4  │ │ +GCC_AR=x86_64-conda-linux-gnu-gcc-ar
#16 224.4  │ │ +GCC_NM=x86_64-conda-linux-gnu-gcc-nm
#16 224.4  │ │ +GCC_RANLIB=x86_64-conda-linux-gnu-gcc-ranlib
#16 224.4  │ │ +HOST=x86_64-conda-linux-gnu
#16 224.4  │ │ +LDFLAGS=-Wl,-O2 -Wl,--sort-common -Wl,--as-needed -Wl,-z,relro -Wl,-z,now -Wl,--disable-new-dtags -Wl,--gc-sections -Wl,--allow-shlib-undefined -Wl,-rpath
#16 224.4  │ │ ,$PREFIX/lib -Wl,-rpath-link,$PREFIX/lib -L$PREFIX/lib
#16 224.4  │ │ +LDFLAGS_LD=-O2 --sort-common --as-needed -z relro -z now --disable-new-dtags --gc-sections --allow-shlib-undefined -rpath $PREFIX/lib -rpath-link $PREFIX/
#16 224.4  │ │ lib -L$PREFIX/lib
#16 224.4  │ │ +MESON_ARGS=-Dbuildtype=release --prefix=$PREFIX -Dlibdir=lib
#16 224.4  │ │ +build_alias=x86_64-conda-linux-gnu
#16 224.4  │ │ +host_alias=x86_64-conda-linux-gnu
#16 224.4  │ │ -BUILD=x86_64-conda_cos6-linux-gnu
#16 224.4  │ │ -CONDA_BUILD_CROSS_COMPILATION=0
#16 224.4  │ │ INFO: activate-gxx_linux-64.sh made the following environmental changes:
#16 224.4  │ │ +CXX=x86_64-conda-linux-gnu-c++
#16 224.4  │ │ +CXXFLAGS=-fvisibility-inlines-hidden -fmessage-length=0 -march=nocona -mtune=haswell -ftree-vectorize -fPIC -fstack-protector-strong -fno-plt -O2 -ffuncti
#16 224.4  │ │ on-sections -pipe -isystem $PREFIX/include -fdebug-prefix-map=$SRC_DIR=/usr/local/src/conda/ros-kilted-aic-training-interfaces-0.0.1 -fdebug-prefix-map=$PR
#16 224.4  │ │ EFIX=/usr/local/src/conda-prefix
#16 224.4  │ │ +CXX_FOR_BUILD=x86_64-conda-linux-gnu-c++
#16 224.4  │ │ +DEBUG_CXXFLAGS=-fvisibility-inlines-hidden -fmessage-length=0 -march=nocona -mtune=haswell -ftree-vectorize -fPIC -fstack-protector-all -fno-plt -Og -g -W
#16 224.4  │ │ all -Wextra -fvar-tracking-assignments -ffunction-sections -pipe -isystem $PREFIX/include -fdebug-prefix-map=$SRC_DIR=/usr/local/src/conda/ros-kilted-aic-t
#16 224.4  │ │ raining-interfaces-0.0.1 -fdebug-prefix-map=$PREFIX=/usr/local/src/conda-prefix
#16 224.4  │ │ +GXX=x86_64-conda-linux-gnu-g++
#16 224.5  │ │ $SRC_DIR/build $SRC_DIR
#16 224.5  │ │ USING PYTHON_EXECUTABLE=$PREFIX/bin/python
#16 224.5  │ │ USING PKG_CONFIG_EXECUTABLE=$PREFIX/bin/pkg-config
#16 224.5  │ │ Using Python 3
#16 224.5  │ │ Using PREFIX: $PREFIX
#16 224.5  │ │ Using SP_DIR: $PREFIX/lib/python3.12/site-packages
#16 224.5  │ │ Using CONDA_BUILD: 1
#16 224.5  │ │ Using CPU_COUNT: 8
#16 224.5  │ │ Using PY_VER: 3
#16 224.5  │ │ Using PYTHON: $PREFIX/bin/python
#16 224.5  │ │ Using STDLIB_DIR: $PREFIX/lib/python3.12
#16 224.5  │ │ Using ROS_PYTHON_VERSION: 3
#16 224.5  │ │ Using SRC_DIR: $SRC_DIR
#16 224.5  │ │ Using PYTHON_INSTALL_DIR: lib/python3.12/site-packages
#16 224.6  │ │ [0mCMake Deprecation Warning at CMakeLists.txt:1 (cmake_minimum_required):
#16 224.6  │ │ Ignoring COMPILE_WARNING_AS_ERROR target property and CMAKE_COMPILE_WARNING_AS_ERROR variable.
#16 224.6  │ │   Compatibility with CMake < 3.10 will be removed from a future version of
#16 224.6  │ │   CMake.
#16 224.6  │ │   Update the VERSION argument <min> value.  Or, use the <min>...<max> syntax
#16 224.6  │ │   to tell CMake that the project requires at least <min> but has been updated
#16 224.6  │ │   to work with policies introduced by <max> or earlier.
#16 224.6  │ │ [0m
#16 225.0  │ │ -- The C compiler identification is GNU 15.2.0
#16 225.5  │ │ -- The CXX compiler identification is GNU 15.2.0
#16 225.6  │ │ -- Detecting C compiler ABI info
#16 225.8  │ │ -- Detecting C compiler ABI info - done
#16 225.8  │ │ -- Check for working C compiler: $BUILD_PREFIX/bin/x86_64-conda-linux-gnu-cc - skipped
#16 225.8  │ │ -- Detecting C compile features
#16 225.8  │ │ -- Detecting C compile features - done
#16 225.9  │ │ -- Detecting CXX compiler ABI info
#16 226.1  │ │ -- Detecting CXX compiler ABI info - done
#16 226.2  │ │ -- Check for working CXX compiler: $BUILD_PREFIX/bin/x86_64-conda-linux-gnu-c++ - skipped
#16 226.2  │ │ -- Detecting CXX compile features
#16 226.2  │ │ -- Detecting CXX compile features - done
#16 226.2  │ │ -- Found ament_cmake: 2.7.5 ($PREFIX/share/ament_cmake/cmake)
#16 226.5  │ │ -- Found Python3: $PREFIX/bin/python (found version "3.12.13") found components: Interpreter
#16 227.0  │ │ -- Found rosidl_default_generators: 1.7.2 ($PREFIX/share/rosidl_default_generators/cmake)
#16 227.0  │ │ -- Using all available rosidl_typesupport_c: rosidl_typesupport_fastrtps_c;rosidl_typesupport_introspection_c
#16 227.2  │ │ -- Using all available rosidl_typesupport_cpp: rosidl_typesupport_fastrtps_cpp;rosidl_typesupport_introspection_cpp
#16 227.4  │ │ -- Found rosidl_adapter: 4.9.6 ($PREFIX/share/rosidl_adapter/cmake)
#16 229.1  │ │ -- Found ament_cmake_ros_core: 0.14.7 ($PREFIX/share/ament_cmake_ros_core/cmake)
#16 230.0  │ │ -- Using all available rosidl_typesupport_c: rosidl_typesupport_fastrtps_c;rosidl_typesupport_introspection_c
#16 231.2  │ │ -- Using all available rosidl_typesupport_cpp: rosidl_typesupport_fastrtps_cpp;rosidl_typesupport_introspection_cpp
#16 232.4  │ │ -- Found Python3: $PREFIX/bin/python (found version "3.12.13") found components: Interpreter Development NumPy Development.Module Development.Embed
#16 232.5  │ │ -- Found Python3: $PREFIX/bin/python (found version "3.12.13") found components: Interpreter
#16 232.6  │ │ -- Configuring done (7.9s)
#16 232.7  │ │ -- Generating done (0.1s)
#16 232.7  │ │ [33mCMake Warning:
#16 232.7  │ │   Manually-specified variables were not used by the project:
#16 232.7  │ │ -- Build files have been written to: $SRC_DIR/build
#16 232.7  │ │     AMENT_PREFIX_PATH
#16 232.7  │ │     CATKIN_SKIP_TESTING
#16 232.7  │ │     CMAKE_INSTALL_LIBDIR
#16 232.7  │ │     CMAKE_INSTALL_SYSTEM_RUNTIME_LIBS_SKIP
#16 232.7  │ │     PKG_CONFIG_EXECUTABLE
#16 232.7  │ │     Python_EXECUTABLE
#16 232.7  │ │     SETUPTOOLS_DEB_LAYOUT
#16 232.7  │ │ [0m
#16 232.8  │ │ [1/38] cd $SRC_DIR/build && $BUILD_PREFIX/bin/cmake -E copy_directory $SRC_DIR/build/rosidl_generator_py/aic_training_interfaces $SRC_DIR/build/ament_cmake
#16 232.8  │ │ _python/aic_training_interfaces/aic_training_interfaces
#16 233.3  │ │ [2/38] Generating Rust code for ROS interfaces
#16 233.3  │ │ [3/38] Generating type hashes for ROS interfaces
#16 233.8  │ │ [4/38] Generating C++ code for ROS interfaces
#16 233.8  │ │ [5/38] cd $SRC_DIR/build/ament_cmake_python/aic_training_interfaces && $PREFIX/bin/python setup.py egg_info
#16 233.8  │ │ running egg_info
#16 233.8  │ │ creating aic_training_interfaces.egg-info
#16 233.8  │ │ writing aic_training_interfaces.egg-info/PKG-INFO
#16 233.9  │ │ writing dependency_links to aic_training_interfaces.egg-info/dependency_links.txt
#16 233.9  │ │ writing top-level names to aic_training_interfaces.egg-info/top_level.txt
#16 233.9  │ │ writing manifest file 'aic_training_interfaces.egg-info/SOURCES.txt'
#16 233.9  │ │ reading manifest file 'aic_training_interfaces.egg-info/SOURCES.txt'
#16 233.9  │ │ writing manifest file 'aic_training_interfaces.egg-info/SOURCES.txt'
#16 233.9  │ │ [6/38] Generating C code for ROS interfaces
#16 234.0  │ │ [7/38] Building C object CMakeFiles/aic_training_interfaces__rosidl_generator_c.dir/rosidl_generator_c/aic_training_interfaces/srv/detail/expand_xacro__typ
#16 234.0  │ │ e_support.c.o
#16 234.1  │ │ [8/38] Building C object CMakeFiles/aic_training_interfaces__rosidl_generator_c.dir/rosidl_generator_c/aic_training_interfaces/srv/detail/expand_xacro__des
#16 234.1  │ │ cription.c.o
#16 234.5  │ │ [9/38] Building C object CMakeFiles/aic_training_interfaces__rosidl_generator_c.dir/rosidl_generator_c/aic_training_interfaces/srv/detail/expand_xacro__fun
#16 234.5  │ │ ctions.c.o
#16 234.6  │ │ [10/38] Linking C shared library libaic_training_interfaces__rosidl_generator_c.so
#16 235.1  │ │ [11/38] Generating C++ introspection for ROS interfaces
#16 235.1  │ │ [12/38] Generating C++ type support dispatch for ROS interfaces
#16 235.2  │ │ [13/38] Generating C type support dispatch for ROS interfaces
#16 235.2  │ │ [14/38] Generating C introspection for ROS interfaces
#16 235.3  │ │ [15/38] Generating C type support for eProsima Fast-RTPS
#16 235.5  │ │ [16/38] Building CXX object CMakeFiles/aic_training_interfaces__rosidl_typesupport_c.dir/rosidl_typesupport_c/aic_training_interfaces/srv/expand_xacro__typ
#16 235.5  │ │ e_support.cpp.o
#16 235.5  │ │ [17/38] Building C object CMakeFiles/aic_training_interfaces__rosidl_typesupport_introspection_c.dir/rosidl_typesupport_introspection_c/aic_training_interf
#16 235.5  │ │ aces/srv/detail/expand_xacro__type_support.c.o
#16 235.6  │ │ [18/38] Linking CXX shared library libaic_training_interfaces__rosidl_typesupport_c.so
#16 235.6  │ │ [19/38] Linking C shared library libaic_training_interfaces__rosidl_typesupport_introspection_c.so
#16 235.6  │ │ [20/38] Generating C++ type support for eProsima Fast-RTPS
#16 237.1  │ │ [21/38] Building CXX object CMakeFiles/aic_training_interfaces__rosidl_typesupport_cpp.dir/rosidl_typesupport_cpp/aic_training_interfaces/srv/expand_xacro_
#16 237.1  │ │ _type_support.cpp.o
#16 237.3  │ │ [22/38] Linking CXX shared library libaic_training_interfaces__rosidl_typesupport_cpp.so
#16 237.6  │ │ [23/38] Building CXX object CMakeFiles/aic_training_interfaces__rosidl_typesupport_fastrtps_c.dir/rosidl_typesupport_fastrtps_c/aic_training_interfaces/srv
#16 237.6  │ │ /detail/expand_xacro__type_support_c.cpp.o
#16 237.8  │ │ [24/38] Building CXX object CMakeFiles/aic_training_interfaces__rosidl_typesupport_introspection_cpp.dir/rosidl_typesupport_introspection_cpp/aic_training_
#16 237.8  │ │ interfaces/srv/detail/expand_xacro__type_support.cpp.o
#16 237.8  │ │ [25/38] Linking CXX shared library libaic_training_interfaces__rosidl_typesupport_fastrtps_c.so
#16 238.0  │ │ [26/38] Linking CXX shared library libaic_training_interfaces__rosidl_typesupport_introspection_cpp.so
#16 238.8  │ │ [27/38] Building CXX object CMakeFiles/aic_training_interfaces__rosidl_typesupport_fastrtps_cpp.dir/rosidl_typesupport_fastrtps_cpp/aic_training_interfaces
#16 238.8  │ │ /srv/detail/dds_fastrtps/expand_xacro__type_support.cpp.o
#16 239.0  │ │ [28/38] Linking CXX shared library libaic_training_interfaces__rosidl_typesupport_fastrtps_cpp.so
#16 239.6  │ │ [29/38] Generating Python code for ROS interfaces
#16 240.2  │ │ [30/38] Building C object CMakeFiles/aic_training_interfaces_s__rosidl_typesupport_c.dir/rosidl_generator_py/aic_training_interfaces/_aic_training_interfac
#16 240.2  │ │ es_s.ep.rosidl_typesupport_c.c.o
#16 240.2  │ │ [31/38] Building C object CMakeFiles/aic_training_interfaces_s__rosidl_typesupport_fastrtps_c.dir/rosidl_generator_py/aic_training_interfaces/_aic_training
#16 240.2  │ │ _interfaces_s.ep.rosidl_typesupport_fastrtps_c.c.o
#16 240.3  │ │ [32/38] Building C object CMakeFiles/aic_training_interfaces_s__rosidl_typesupport_introspection_c.dir/rosidl_generator_py/aic_training_interfaces/_aic_tra
#16 240.3  │ │ ining_interfaces_s.ep.rosidl_typesupport_introspection_c.c.o
#16 240.5  │ │ [33/38] Building C object CMakeFiles/aic_training_interfaces__rosidl_generator_py.dir/rosidl_generator_py/aic_training_interfaces/srv/_expand_xacro_s.c.o
#16 240.6  │ │ [34/38] Linking C shared library libaic_training_interfaces__rosidl_generator_py.so
#16 240.6  │ │ [35/38] Linking C shared module rosidl_generator_py/aic_training_interfaces/aic_training_interfaces_s__rosidl_typesupport_fastrtps_c.so
#16 240.6  │ │ [36/38] Linking C shared module rosidl_generator_py/aic_training_interfaces/aic_training_interfaces_s__rosidl_typesupport_introspection_c.so
#16 240.6  │ │ [37/38] Linking C shared module rosidl_generator_py/aic_training_interfaces/aic_training_interfaces_s__rosidl_typesupport_c.so
#16 240.6  │ │ [37/38] Install the project...
#16 240.7  │ │ -- Install configuration: "Release"
#16 240.7  │ │ -- Installing: $PREFIX/share/ament_index/resource_index/rosidl_interfaces/aic_training_interfaces
#16 240.7  │ │ -- Installing: $PREFIX/share/aic_training_interfaces/srv/ExpandXacro.json
#16 240.7  │ │ -- Installing: $PREFIX/include/aic_training_interfaces/aic_training_interfaces
#16 240.7  │ │ -- Installing: $PREFIX/include/aic_training_interfaces/aic_training_interfaces/srv
#16 240.7  │ │ -- Installing: $PREFIX/include/aic_training_interfaces/aic_training_interfaces/srv/expand_xacro.h
#16 240.7  │ │ -- Installing: $PREFIX/include/aic_training_interfaces/aic_training_interfaces/srv/detail
#16 240.7  │ │ -- Installing: $PREFIX/include/aic_training_interfaces/aic_training_interfaces/srv/detail/expand_xacro__struct.h
#16 240.7  │ │ -- Installing: $PREFIX/include/aic_training_interfaces/aic_training_interfaces/srv/detail/expand_xacro__functions.c
#16 240.7  │ │ -- Installing: $PREFIX/include/aic_training_interfaces/aic_training_interfaces/srv/detail/expand_xacro__functions.h
#16 240.7  │ │ -- Installing: $PREFIX/include/aic_training_interfaces/aic_training_interfaces/srv/detail/expand_xacro__type_support.h
#16 240.7  │ │ -- Installing: $PREFIX/include/aic_training_interfaces/aic_training_interfaces/srv/detail/expand_xacro__type_support.c
#16 240.7  │ │ -- Installing: $PREFIX/include/aic_training_interfaces/aic_training_interfaces/srv/detail/expand_xacro__description.c
#16 240.7  │ │ -- Installing: $PREFIX/include/aic_training_interfaces/aic_training_interfaces/msg
#16 240.7  │ │ -- Installing: $PREFIX/include/aic_training_interfaces/aic_training_interfaces/msg/rosidl_generator_c__visibility_control.h
#16 240.7  │ │ -- Installing: $PREFIX/share/aic_training_interfaces/environment/library_path.sh
#16 240.7  │ │ -- Installing: $PREFIX/share/aic_training_interfaces/environment/library_path.dsv
#16 240.7  │ │ -- Installing: $PREFIX/lib/libaic_training_interfaces__rosidl_generator_c.so
#16 240.7  │ │ -- Up-to-date: $PREFIX/include/aic_training_interfaces/aic_training_interfaces
#16 240.7  │ │ -- Up-to-date: $PREFIX/include/aic_training_interfaces/aic_training_interfaces/srv
#16 240.7  │ │ -- Up-to-date: $PREFIX/include/aic_training_interfaces/aic_training_interfaces/srv/detail
#16 240.7  │ │ -- Installing: $PREFIX/include/aic_training_interfaces/aic_training_interfaces/srv/detail/expand_xacro__rosidl_typesupport_fastrtps_c.h
#16 240.7  │ │ -- Up-to-date: $PREFIX/include/aic_training_interfaces/aic_training_interfaces/msg
#16 240.7  │ │ -- Installing: $PREFIX/include/aic_training_interfaces/aic_training_interfaces/msg/rosidl_typesupport_fastrtps_c__visibility_control.h
#16 240.7  │ │ -- Installing: $PREFIX/lib/libaic_training_interfaces__rosidl_typesupport_fastrtps_c.so
#16 240.7  │ │ -- Set non-toolchain portion of runtime path of "$PREFIX/lib/libaic_training_interfaces__rosidl_typesupport_fastrtps_c.so" to ""
#16 240.7  │ │ -- Up-to-date: $PREFIX/include/aic_training_interfaces/aic_training_interfaces
#16 240.7  │ │ -- Up-to-date: $PREFIX/include/aic_training_interfaces/aic_training_interfaces/srv
#16 240.7  │ │ -- Up-to-date: $PREFIX/include/aic_training_interfaces/aic_training_interfaces/srv/detail
#16 240.7  │ │ -- Installing: $PREFIX/include/aic_training_interfaces/aic_training_interfaces/srv/detail/expand_xacro__rosidl_typesupport_introspection_c.h
#16 240.7  │ │ -- Installing: $PREFIX/include/aic_training_interfaces/aic_training_interfaces/srv/detail/expand_xacro__type_support.c
#16 240.7  │ │ -- Up-to-date: $PREFIX/include/aic_training_interfaces/aic_training_interfaces/msg
#16 240.7  │ │ -- Installing: $PREFIX/include/aic_training_interfaces/aic_training_interfaces/msg/rosidl_typesupport_introspection_c__visibility_control.h
#16 240.7  │ │ -- Installing: $PREFIX/lib/libaic_training_interfaces__rosidl_typesupport_introspection_c.so
#16 240.7  │ │ -- Set non-toolchain portion of runtime path of "$PREFIX/lib/libaic_training_interfaces__rosidl_typesupport_introspection_c.so" to ""
#16 240.7  │ │ -- Installing: $PREFIX/lib/libaic_training_interfaces__rosidl_typesupport_c.so
#16 240.7  │ │ -- Set non-toolchain portion of runtime path of "$PREFIX/lib/libaic_training_interfaces__rosidl_typesupport_c.so" to ""
#16 240.7  │ │ -- Up-to-date: $PREFIX/include/aic_training_interfaces/aic_training_interfaces
#16 240.7  │ │ -- Up-to-date: $PREFIX/include/aic_training_interfaces/aic_training_interfaces/srv
#16 240.7  │ │ -- Installing: $PREFIX/include/aic_training_interfaces/aic_training_interfaces/srv/expand_xacro.hpp
#16 240.7  │ │ -- Up-to-date: $PREFIX/include/aic_training_interfaces/aic_training_interfaces/srv/detail
#16 240.7  │ │ -- Installing: $PREFIX/include/aic_training_interfaces/aic_training_interfaces/srv/detail/expand_xacro__builder.hpp
#16 240.7  │ │ -- Installing: $PREFIX/include/aic_training_interfaces/aic_training_interfaces/srv/detail/expand_xacro__type_support.hpp
#16 240.7  │ │ -- Installing: $PREFIX/include/aic_training_interfaces/aic_training_interfaces/srv/detail/expand_xacro__traits.hpp
#16 240.7  │ │ -- Installing: $PREFIX/include/aic_training_interfaces/aic_training_interfaces/srv/detail/expand_xacro__struct.hpp
#16 240.7  │ │ -- Up-to-date: $PREFIX/include/aic_training_interfaces/aic_training_interfaces/msg
#16 240.7  │ │ -- Installing: $PREFIX/include/aic_training_interfaces/aic_training_interfaces/msg/rosidl_generator_cpp__visibility_control.hpp
#16 240.7  │ │ -- Up-to-date: $PREFIX/include/aic_training_interfaces/aic_training_interfaces
#16 240.8  │ │ -- Up-to-date: $PREFIX/include/aic_training_interfaces/aic_training_interfaces/srv
#16 240.8  │ │ -- Up-to-date: $PREFIX/include/aic_training_interfaces/aic_training_interfaces/srv/detail
#16 240.8  │ │ -- Installing: $PREFIX/include/aic_training_interfaces/aic_training_interfaces/srv/detail/dds_fastrtps
#16 240.8  │ │ -- Installing: $PREFIX/include/aic_training_interfaces/aic_training_interfaces/srv/detail/expand_xacro__rosidl_typesupport_fastrtps_cpp.hpp
#16 240.8  │ │ -- Up-to-date: $PREFIX/include/aic_training_interfaces/aic_training_interfaces/msg
#16 240.8  │ │ -- Installing: $PREFIX/include/aic_training_interfaces/aic_training_interfaces/msg/rosidl_typesupport_fastrtps_cpp__visibility_control.h
#16 240.8  │ │ -- Installing: $PREFIX/lib/libaic_training_interfaces__rosidl_typesupport_fastrtps_cpp.so
#16 240.8  │ │ -- Set non-toolchain portion of runtime path of "$PREFIX/lib/libaic_training_interfaces__rosidl_typesupport_fastrtps_cpp.so" to ""
#16 240.8  │ │ -- Up-to-date: $PREFIX/include/aic_training_interfaces/aic_training_interfaces
#16 240.8  │ │ -- Up-to-date: $PREFIX/include/aic_training_interfaces/aic_training_interfaces/srv
#16 240.8  │ │ -- Up-to-date: $PREFIX/include/aic_training_interfaces/aic_training_interfaces/srv/detail
#16 240.8  │ │ -- Installing: $PREFIX/include/aic_training_interfaces/aic_training_interfaces/srv/detail/expand_xacro__type_support.cpp
#16 240.8  │ │ -- Installing: $PREFIX/include/aic_training_interfaces/aic_training_interfaces/srv/detail/expand_xacro__rosidl_typesupport_introspection_cpp.hpp
#16 240.8  │ │ -- Installing: $PREFIX/lib/libaic_training_interfaces__rosidl_typesupport_introspection_cpp.so
#16 240.8  │ │ -- Set non-toolchain portion of runtime path of "$PREFIX/lib/libaic_training_interfaces__rosidl_typesupport_introspection_cpp.so" to ""
#16 240.8  │ │ -- Installing: $PREFIX/lib/libaic_training_interfaces__rosidl_typesupport_cpp.so
#16 240.8  │ │ -- Set non-toolchain portion of runtime path of "$PREFIX/lib/libaic_training_interfaces__rosidl_typesupport_cpp.so" to ""
#16 240.8  │ │ -- Installing: $PREFIX/share/aic_training_interfaces/environment/pythonpath.sh
#16 240.8  │ │ -- Installing: $PREFIX/share/aic_training_interfaces/environment/pythonpath.dsv
#16 240.8  │ │ -- Installing: $PREFIX/lib/python3.12/site-packages/aic_training_interfaces-0.0.1-py3.12.egg-info
#16 240.8  │ │ -- Installing: $PREFIX/lib/python3.12/site-packages/aic_training_interfaces-0.0.1-py3.12.egg-info/SOURCES.txt
#16 240.8  │ │ -- Installing: $PREFIX/lib/python3.12/site-packages/aic_training_interfaces-0.0.1-py3.12.egg-info/dependency_links.txt
#16 240.8  │ │ -- Installing: $PREFIX/lib/python3.12/site-packages/aic_training_interfaces-0.0.1-py3.12.egg-info/PKG-INFO
#16 240.8  │ │ -- Installing: $PREFIX/lib/python3.12/site-packages/aic_training_interfaces-0.0.1-py3.12.egg-info/top_level.txt
#16 240.8  │ │ -- Installing: $PREFIX/lib/python3.12/site-packages/aic_training_interfaces
#16 240.8  │ │ -- Installing: $PREFIX/lib/python3.12/site-packages/aic_training_interfaces/aic_training_interfaces_s__rosidl_typesupport_fastrtps_c.so
#16 240.8  │ │ -- Installing: $PREFIX/lib/python3.12/site-packages/aic_training_interfaces/__init__.py
#16 240.8  │ │ -- Installing: $PREFIX/lib/python3.12/site-packages/aic_training_interfaces/aic_training_interfaces_s__rosidl_typesupport_introspection_c.so
#16 240.8  │ │ -- Installing: $PREFIX/lib/python3.12/site-packages/aic_training_interfaces/aic_training_interfaces_s__rosidl_typesupport_c.so
#16 240.8  │ │ -- Installing: $PREFIX/lib/python3.12/site-packages/aic_training_interfaces/srv
#16 240.8  │ │ -- Installing: $PREFIX/lib/python3.12/site-packages/aic_training_interfaces/srv/_expand_xacro.py
#16 240.8  │ │ -- Installing: $PREFIX/lib/python3.12/site-packages/aic_training_interfaces/srv/__init__.py
#16 240.8  │ │ -- Installing: $PREFIX/lib/python3.12/site-packages/aic_training_interfaces/srv/_expand_xacro_s.c
#16 240.8  │ │ -- Installing: $PREFIX/lib/python3.12/site-packages/aic_training_interfaces/_aic_training_interfaces_s.ep.rosidl_typesupport_c.c
#16 240.8  │ │ -- Installing: $PREFIX/lib/python3.12/site-packages/aic_training_interfaces/_aic_training_interfaces_s.ep.rosidl_typesupport_introspection_c.c
#16 240.8  │ │ -- Installing: $PREFIX/lib/python3.12/site-packages/aic_training_interfaces/_aic_training_interfaces_s.ep.rosidl_typesupport_fastrtps_c.c
#16 240.8  │ │ Listing '$PREFIX/lib/python3.12/site-packages/aic_training_interfaces'...
#16 240.8  │ │ Compiling '$PREFIX/lib/python3.12/site-packages/aic_training_interfaces/__init__.py'...
#16 240.8  │ │ Listing '$PREFIX/lib/python3.12/site-packages/aic_training_interfaces/srv'...
#16 240.8  │ │ Compiling '$PREFIX/lib/python3.12/site-packages/aic_training_interfaces/srv/__init__.py'...
#16 240.8  │ │ Compiling '$PREFIX/lib/python3.12/site-packages/aic_training_interfaces/srv/_expand_xacro.py'...
#16 240.8  │ │ -- Installing: $PREFIX/lib/python3.12/site-packages/aic_training_interfaces/aic_training_interfaces_s__rosidl_typesupport_fastrtps_c.so
#16 240.8  │ │ -- Set non-toolchain portion of runtime path of "$PREFIX/lib/python3.12/site-packages/aic_training_interfaces/aic_training_interfaces_s__rosidl_typesupport
#16 240.8  │ │ _fastrtps_c.so" to ""
#16 240.8  │ │ -- Installing: $PREFIX/lib/python3.12/site-packages/aic_training_interfaces/aic_training_interfaces_s__rosidl_typesupport_introspection_c.so
#16 240.8  │ │ -- Set non-toolchain portion of runtime path of "$PREFIX/lib/python3.12/site-packages/aic_training_interfaces/aic_training_interfaces_s__rosidl_typesupport
#16 240.8  │ │ _introspection_c.so" to ""
#16 240.8  │ │ -- Installing: $PREFIX/lib/python3.12/site-packages/aic_training_interfaces/aic_training_interfaces_s__rosidl_typesupport_c.so
#16 240.8  │ │ -- Set non-toolchain portion of runtime path of "$PREFIX/lib/python3.12/site-packages/aic_training_interfaces/aic_training_interfaces_s__rosidl_typesupport
#16 240.8  │ │ _c.so" to ""
#16 240.9  │ │ -- Installing: $PREFIX/lib/libaic_training_interfaces__rosidl_generator_py.so
#16 240.9  │ │ -- Set non-toolchain portion of runtime path of "$PREFIX/lib/libaic_training_interfaces__rosidl_generator_py.so" to ""
#16 240.9  │ │ -- Installing: $PREFIX/share/ament_index/resource_index/rust_packages/aic_training_interfaces
#16 240.9  │ │ -- Installing: $PREFIX/share/aic_training_interfaces/rust
#16 240.9  │ │ -- Installing: $PREFIX/share/aic_training_interfaces/rust/build.rs
#16 240.9  │ │ -- Installing: $PREFIX/share/aic_training_interfaces/rust/Cargo.toml
#16 240.9  │ │ -- Installing: $PREFIX/share/aic_training_interfaces/rust/src
#16 240.9  │ │ -- Installing: $PREFIX/share/aic_training_interfaces/rust/src/lib.rs
#16 240.9  │ │ -- Installing: $PREFIX/share/aic_training_interfaces/rust/src/srv
#16 240.9  │ │ -- Installing: $PREFIX/share/aic_training_interfaces/rust/src/srv/rmw.rs
#16 240.9  │ │ -- Installing: $PREFIX/share/aic_training_interfaces/rust/src/srv.rs
#16 240.9  │ │ -- Installing: $PREFIX/share/aic_training_interfaces/srv/ExpandXacro.idl
#16 240.9  │ │ -- Installing: $PREFIX/share/aic_training_interfaces/srv/ExpandXacro.srv
#16 240.9  │ │ -- Installing: $PREFIX/share/ament_index/resource_index/package_run_dependencies/aic_training_interfaces
#16 240.9  │ │ -- Installing: $PREFIX/share/ament_index/resource_index/parent_prefix_path/aic_training_interfaces
#16 240.9  │ │ -- Installing: $PREFIX/share/aic_training_interfaces/environment/ament_prefix_path.sh
#16 240.9  │ │ -- Installing: $PREFIX/share/aic_training_interfaces/environment/ament_prefix_path.dsv
#16 240.9  │ │ -- Installing: $PREFIX/share/aic_training_interfaces/environment/path.sh
#16 240.9  │ │ -- Installing: $PREFIX/share/aic_training_interfaces/environment/path.dsv
#16 240.9  │ │ -- Installing: $PREFIX/share/aic_training_interfaces/local_setup.bash
#16 240.9  │ │ -- Installing: $PREFIX/share/aic_training_interfaces/local_setup.sh
#16 240.9  │ │ -- Installing: $PREFIX/share/aic_training_interfaces/local_setup.zsh
#16 240.9  │ │ -- Installing: $PREFIX/share/aic_training_interfaces/local_setup.dsv
#16 240.9  │ │ -- Installing: $PREFIX/share/aic_training_interfaces/package.dsv
#16 240.9  │ │ -- Installing: $PREFIX/share/ament_index/resource_index/packages/aic_training_interfaces
#16 240.9  │ │ -- Installing: $PREFIX/share/aic_training_interfaces/cmake/export_aic_training_interfaces__rosidl_generator_cExport.cmake
#16 240.9  │ │ -- Installing: $PREFIX/share/aic_training_interfaces/cmake/export_aic_training_interfaces__rosidl_generator_cExport-release.cmake
#16 240.9  │ │ -- Installing: $PREFIX/share/aic_training_interfaces/cmake/export_aic_training_interfaces__rosidl_typesupport_fastrtps_cExport.cmake
#16 240.9  │ │ -- Installing: $PREFIX/share/aic_training_interfaces/cmake/export_aic_training_interfaces__rosidl_typesupport_fastrtps_cExport-release.cmake
#16 240.9  │ │ -- Installing: $PREFIX/share/aic_training_interfaces/cmake/aic_training_interfaces__rosidl_typesupport_introspection_cExport.cmake
#16 240.9  │ │ -- Installing: $PREFIX/share/aic_training_interfaces/cmake/aic_training_interfaces__rosidl_typesupport_introspection_cExport-release.cmake
#16 240.9  │ │ -- Installing: $PREFIX/share/aic_training_interfaces/cmake/aic_training_interfaces__rosidl_typesupport_cExport.cmake
#16 240.9  │ │ -- Installing: $PREFIX/share/aic_training_interfaces/cmake/aic_training_interfaces__rosidl_typesupport_cExport-release.cmake
#16 240.9  │ │ -- Installing: $PREFIX/share/aic_training_interfaces/cmake/export_aic_training_interfaces__rosidl_generator_cppExport.cmake
#16 240.9  │ │ -- Installing: $PREFIX/share/aic_training_interfaces/cmake/export_aic_training_interfaces__rosidl_typesupport_fastrtps_cppExport.cmake
#16 240.9  │ │ -- Installing: $PREFIX/share/aic_training_interfaces/cmake/export_aic_training_interfaces__rosidl_typesupport_fastrtps_cppExport-release.cmake
#16 240.9  │ │ -- Installing: $PREFIX/share/aic_training_interfaces/cmake/aic_training_interfaces__rosidl_typesupport_introspection_cppExport.cmake
#16 240.9  │ │ -- Installing: $PREFIX/share/aic_training_interfaces/cmake/aic_training_interfaces__rosidl_typesupport_introspection_cppExport-release.cmake
#16 240.9  │ │ -- Installing: $PREFIX/share/aic_training_interfaces/cmake/aic_training_interfaces__rosidl_typesupport_cppExport.cmake
#16 240.9  │ │ -- Installing: $PREFIX/share/aic_training_interfaces/cmake/aic_training_interfaces__rosidl_typesupport_cppExport-release.cmake
#16 240.9  │ │ -- Installing: $PREFIX/share/aic_training_interfaces/cmake/export_aic_training_interfaces__rosidl_generator_pyExport.cmake
#16 240.9  │ │ -- Installing: $PREFIX/share/aic_training_interfaces/cmake/export_aic_training_interfaces__rosidl_generator_pyExport-release.cmake
#16 240.9  │ │ -- Installing: $PREFIX/share/aic_training_interfaces/cmake/rosidl_cmake-extras.cmake
#16 240.9  │ │ -- Installing: $PREFIX/share/aic_training_interfaces/cmake/ament_cmake_export_dependencies-extras.cmake
#16 240.9  │ │ -- Installing: $PREFIX/share/aic_training_interfaces/cmake/ament_cmake_export_include_directories-extras.cmake
#16 240.9  │ │ -- Installing: $PREFIX/share/aic_training_interfaces/cmake/ament_cmake_export_libraries-extras.cmake
#16 240.9  │ │ -- Installing: $PREFIX/share/aic_training_interfaces/cmake/ament_cmake_export_targets-extras.cmake
#16 240.9  │ │ -- Installing: $PREFIX/share/aic_training_interfaces/cmake/rosidl_cmake_export_typesupport_targets-extras.cmake
#16 240.9  │ │ -- Installing: $PREFIX/share/aic_training_interfaces/cmake/rosidl_cmake_export_typesupport_libraries-extras.cmake
#16 240.9  │ │ -- Installing: $PREFIX/share/aic_training_interfaces/cmake/aic_training_interfacesConfig.cmake
#16 240.9  │ │ -- Installing: $PREFIX/share/aic_training_interfaces/cmake/aic_training_interfacesConfig-version.cmake
#16 240.9  │ │ -- Installing: $PREFIX/share/aic_training_interfaces/package.xml
#16 240.9  │ │
#16 240.9  │ ╰─────────────────── (took 17 seconds)
#16 241.3  │
#16 241.3  │ ╭─ Packaging new files
#16 241.3  │ │ Copying done!
#16 241.3  │ │ rpath ("/ws_aic/src/aic/.pixi/build/work/ros-kilted-aic-training-interfaces-Bg_XbNzjGyY-thgBGAeBgEM/bld/lib") is outside of prefix ("/ws_aic/src/aic/.pixi/
#16 241.3  │ │ build/work/ros-kilted-aic-training-interfaces-Bg_XbNzjGyY-thgBGAeBgEM/host_placehold_placehold_placehold_placehold_placehold_placehold_placehold_placehold_
#16 241.3  │ │ placehold_placehold_placehold_placehold_placehold_placehold_placehold_placehol") for "/tmp/ros-kilted-aic-training-interfacesgFThNH/lib/libaic_training_int
#16 241.3  │ │ erfaces__rosidl_generator_c.so" - removing it
#16 241.3  │ │ Relinking "libaic_training_interfaces__rosidl_generator_c.so"
#16 241.3  │ │ rpath ("/ws_aic/src/aic/.pixi/build/work/ros-kilted-aic-training-interfaces-Bg_XbNzjGyY-thgBGAeBgEM/bld/lib") is outside of prefix ("/ws_aic/src/aic/.pixi/
#16 241.3  │ │ build/work/ros-kilted-aic-training-interfaces-Bg_XbNzjGyY-thgBGAeBgEM/host_placehold_placehold_placehold_placehold_placehold_placehold_placehold_placehold_
#16 241.3  │ │ placehold_placehold_placehold_placehold_placehold_placehold_placehold_placehol") for "/tmp/ros-kilted-aic-training-interfacesgFThNH/lib/python3.12/site-pac
#16 241.3  │ │ kages/aic_training_interfaces/aic_training_interfaces_s__rosidl_typesupport_fastrtps_c.so" - removing it
#16 241.3  │ │ rpath ("/ws_aic/src/aic/.pixi/build/work/ros-kilted-aic-training-interfaces-Bg_XbNzjGyY-thgBGAeBgEM/bld/lib") is outside of prefix ("/ws_aic/src/aic/.pixi/
#16 241.3  │ │ build/work/ros-kilted-aic-training-interfaces-Bg_XbNzjGyY-thgBGAeBgEM/host_placehold_placehold_placehold_placehold_placehold_placehold_placehold_placehold_
#16 241.3  │ │ placehold_placehold_placehold_placehold_placehold_placehold_placehold_placehol") for "/tmp/ros-kilted-aic-training-interfacesgFThNH/lib/python3.12/site-pac
#16 241.3  │ │ kages/aic_training_interfaces/aic_training_interfaces_s__rosidl_typesupport_introspection_c.so" - removing it
#16 241.3  │ │ rpath ("/ws_aic/src/aic/.pixi/build/work/ros-kilted-aic-training-interfaces-Bg_XbNzjGyY-thgBGAeBgEM/bld/lib") is outside of prefix ("/ws_aic/src/aic/.pixi/
#16 241.3  │ │ build/work/ros-kilted-aic-training-interfaces-Bg_XbNzjGyY-thgBGAeBgEM/host_placehold_placehold_placehold_placehold_placehold_placehold_placehold_placehold_
#16 241.3  │ │ placehold_placehold_placehold_placehold_placehold_placehold_placehold_placehol") for "/tmp/ros-kilted-aic-training-interfacesgFThNH/lib/libaic_training_int
#16 241.3  │ │ erfaces__rosidl_generator_py.so" - removing it
#16 241.3  │ │ rpath ("/ws_aic/src/aic/.pixi/build/work/ros-kilted-aic-training-interfaces-Bg_XbNzjGyY-thgBGAeBgEM/bld/lib") is outside of prefix ("/ws_aic/src/aic/.pixi/
#16 241.3  │ │ build/work/ros-kilted-aic-training-interfaces-Bg_XbNzjGyY-thgBGAeBgEM/host_placehold_placehold_placehold_placehold_placehold_placehold_placehold_placehold_
#16 241.3  │ │ placehold_placehold_placehold_placehold_placehold_placehold_placehold_placehol") for "/tmp/ros-kilted-aic-training-interfacesgFThNH/lib/python3.12/site-pac
#16 241.3  │ │ kages/aic_training_interfaces/aic_training_interfaces_s__rosidl_typesupport_c.so" - removing it
#16 241.3  │ │ Relinking "aic_training_interfaces_s__rosidl_typesupport_introspection_c.so"
#16 241.3  │ │ Relinking "libaic_training_interfaces__rosidl_generator_py.so"
#16 241.3  │ │ Relinking "aic_training_interfaces_s__rosidl_typesupport_c.so"
#16 241.3  │ │ rpath ("/ws_aic/src/aic/.pixi/build/work/ros-kilted-aic-training-interfaces-Bg_XbNzjGyY-thgBGAeBgEM/bld/lib") is outside of prefix ("/ws_aic/src/aic/.pixi/
#16 241.3  │ │ build/work/ros-kilted-aic-training-interfaces-Bg_XbNzjGyY-thgBGAeBgEM/host_placehold_placehold_placehold_placehold_placehold_placehold_placehold_placehold_
#16 241.3  │ │ placehold_placehold_placehold_placehold_placehold_placehold_placehold_placehol") for "/tmp/ros-kilted-aic-training-interfacesgFThNH/lib/libaic_training_int
#16 241.3  │ │ erfaces__rosidl_typesupport_c.so" - removing it
#16 241.3  │ │ rpath ("/ws_aic/src/aic/.pixi/build/work/ros-kilted-aic-training-interfaces-Bg_XbNzjGyY-thgBGAeBgEM/bld/lib") is outside of prefix ("/ws_aic/src/aic/.pixi/
#16 241.3  │ │ build/work/ros-kilted-aic-training-interfaces-Bg_XbNzjGyY-thgBGAeBgEM/host_placehold_placehold_placehold_placehold_placehold_placehold_placehold_placehold_
#16 241.3  │ │ placehold_placehold_placehold_placehold_placehold_placehold_placehold_placehol") for "/tmp/ros-kilted-aic-training-interfacesgFThNH/lib/libaic_training_int
#16 241.3  │ │ erfaces__rosidl_typesupport_fastrtps_c.so" - removing it
#16 241.3  │ │ Relinking "libaic_training_interfaces__rosidl_typesupport_fastrtps_c.so"
#16 241.3  │ │ rpath ("/ws_aic/src/aic/.pixi/build/work/ros-kilted-aic-training-interfaces-Bg_XbNzjGyY-thgBGAeBgEM/bld/lib") is outside of prefix ("/ws_aic/src/aic/.pixi/
#16 241.3  │ │ build/work/ros-kilted-aic-training-interfaces-Bg_XbNzjGyY-thgBGAeBgEM/host_placehold_placehold_placehold_placehold_placehold_placehold_placehold_placehold_
#16 241.3  │ │ placehold_placehold_placehold_placehold_placehold_placehold_placehold_placehol") for "/tmp/ros-kilted-aic-training-interfacesgFThNH/lib/libaic_training_int
#16 241.3  │ │ erfaces__rosidl_typesupport_fastrtps_cpp.so" - removing it
#16 241.3  │ │ Relinking "libaic_training_interfaces__rosidl_typesupport_fastrtps_cpp.so"
#16 241.3  │ │ Relinking "libaic_training_interfaces__rosidl_typesupport_c.so"
#16 241.3  │ │ Relinking "aic_training_interfaces_s__rosidl_typesupport_fastrtps_c.so"
#16 241.3  │ │ rpath ("/ws_aic/src/aic/.pixi/build/work/ros-kilted-aic-training-interfaces-Bg_XbNzjGyY-thgBGAeBgEM/bld/lib") is outside of prefix ("/ws_aic/src/aic/.pixi/
#16 241.3  │ │ build/work/ros-kilted-aic-training-interfaces-Bg_XbNzjGyY-thgBGAeBgEM/host_placehold_placehold_placehold_placehold_placehold_placehold_placehold_placehold_
#16 241.3  │ │ placehold_placehold_placehold_placehold_placehold_placehold_placehold_placehol") for "/tmp/ros-kilted-aic-training-interfacesgFThNH/lib/libaic_training_int
#16 241.3  │ │ erfaces__rosidl_typesupport_introspection_cpp.so" - removing it
#16 241.3  │ │ Relinking "libaic_training_interfaces__rosidl_typesupport_introspection_cpp.so"
#16 241.3  │ │ rpath ("/ws_aic/src/aic/.pixi/build/work/ros-kilted-aic-training-interfaces-Bg_XbNzjGyY-thgBGAeBgEM/bld/lib") is outside of prefix ("/ws_aic/src/aic/.pixi/
#16 241.3  │ │ build/work/ros-kilted-aic-training-interfaces-Bg_XbNzjGyY-thgBGAeBgEM/host_placehold_placehold_placehold_placehold_placehold_placehold_placehold_placehold_
#16 241.3  │ │ placehold_placehold_placehold_placehold_placehold_placehold_placehold_placehol") for "/tmp/ros-kilted-aic-training-interfacesgFThNH/lib/libaic_training_int
#16 241.3  │ │ erfaces__rosidl_typesupport_cpp.so" - removing it
#16 241.3  │ │ Relinking "libaic_training_interfaces__rosidl_typesupport_cpp.so"
#16 241.3  │ │ rpath ("/ws_aic/src/aic/.pixi/build/work/ros-kilted-aic-training-interfaces-Bg_XbNzjGyY-thgBGAeBgEM/bld/lib") is outside of prefix ("/ws_aic/src/aic/.pixi/
#16 241.3  │ │ build/work/ros-kilted-aic-training-interfaces-Bg_XbNzjGyY-thgBGAeBgEM/host_placehold_placehold_placehold_placehold_placehold_placehold_placehold_placehold_
#16 241.3  │ │ placehold_placehold_placehold_placehold_placehold_placehold_placehold_placehol") for "/tmp/ros-kilted-aic-training-interfacesgFThNH/lib/libaic_training_int
#16 241.3  │ │ erfaces__rosidl_typesupport_introspection_c.so" - removing it
#16 241.3  │ │ Relinking "libaic_training_interfaces__rosidl_typesupport_introspection_c.so"
#16 241.4  │ │ 
#16 241.4  │ │ [lib/libaic_training_interfaces__rosidl_generator_c.so] links against:
#16 241.4  │ │  ├─ lib/librcutils.so
#16 241.4  │ │  ├─ lib/libservice_msgs__rosidl_generator_c.so
#16 241.4  │ │  ├─ lib/libbuiltin_interfaces__rosidl_generator_c.so
#16 241.4  │ │  ├─ lib/librosidl_runtime_c.so
#16 241.4  │ │  └─ libc.so.6 (system)
#16 241.4  │ │ 
#16 241.4  │ │ [lib/libaic_training_interfaces__rosidl_typesupport_fastrtps_cpp.so] links against:
#16 241.4  │ │  ├─ lib/libfastcdr.so.2.3.5
#16 241.4  │ │  ├─ libc.so.6 (system)
#16 241.4  │ │  ├─ lib/libservice_msgs__rosidl_typesupport_fastrtps_cpp.so
#16 241.4  │ │  ├─ lib/libaic_training_interfaces__rosidl_generator_c.so (package)
#16 241.4  │ │  ├─ lib/libgcc_s.so.1 (libgcc)
#16 241.4  │ │  ├─ lib/librosidl_runtime_c.so
#16 241.4  │ │  ├─ lib/librosidl_typesupport_fastrtps_cpp.so
#16 241.4  │ │  └─ lib/libstdc++.so.6.0.34 (libstdcxx)
#16 241.4  │ │ 
#16 241.4  │ │ [lib/libaic_training_interfaces__rosidl_generator_py.so] links against:
#16 241.4  │ │  ├─ lib/libaic_training_interfaces__rosidl_generator_c.so (package)
#16 241.4  │ │  ├─ lib/librosidl_runtime_c.so
#16 241.4  │ │  ├─ libc.so.6 (system)
#16 241.4  │ │  └─ lib/libservice_msgs__rosidl_generator_py.so
#16 241.4  │ │ 
#16 241.4  │ │ [lib/libaic_training_interfaces__rosidl_typesupport_introspection_c.so] links against:
#16 241.4  │ │  ├─ lib/libservice_msgs__rosidl_typesupport_introspection_c.so
#16 241.4  │ │  ├─ lib/librosidl_runtime_c.so
#16 241.4  │ │  ├─ lib/librosidl_typesupport_introspection_c.so
#16 241.4  │ │  └─ lib/libaic_training_interfaces__rosidl_generator_c.so (package)
#16 241.4  │ │ 
#16 241.4  │ │ [lib/python3.12/site-packages/aic_training_interfaces/aic_training_interfaces_s__rosidl_typesupport_c.so] links against:
#16 241.4  │ │  ├─ lib/libaic_training_interfaces__rosidl_generator_c.so (package)
#16 241.4  │ │  ├─ lib/libaic_training_interfaces__rosidl_generator_py.so (package)
#16 241.4  │ │  └─ lib/libaic_training_interfaces__rosidl_typesupport_c.so (package)
#16 241.4  │ │ 
#16 241.4  │ │ [lib/libaic_training_interfaces__rosidl_typesupport_c.so] links against:
#16 241.4  │ │  ├─ lib/librosidl_typesupport_c.so
#16 241.4  │ │  └─ lib/libaic_training_interfaces__rosidl_generator_c.so (package)
#16 241.4  │ │ 
#16 241.4  │ │ [lib/python3.12/site-packages/aic_training_interfaces/aic_training_interfaces_s__rosidl_typesupport_introspection_c.so] links against:
#16 241.4  │ │  ├─ lib/libaic_training_interfaces__rosidl_generator_c.so (package)
#16 241.4  │ │  ├─ lib/libaic_training_interfaces__rosidl_generator_py.so (package)
#16 241.4  │ │  └─ lib/libaic_training_interfaces__rosidl_typesupport_c.so (package)
#16 241.4  │ │ 
#16 241.4  │ │ [lib/libaic_training_interfaces__rosidl_typesupport_cpp.so] links against:
#16 241.4  │ │  ├─ lib/libstdc++.so.6.0.34 (libstdcxx)
#16 241.4  │ │  ├─ lib/libgcc_s.so.1 (libgcc)
#16 241.4  │ │  ├─ lib/libaic_training_interfaces__rosidl_generator_c.so (package)
#16 241.4  │ │  ├─ libc.so.6 (system)
#16 241.4  │ │  └─ lib/librosidl_typesupport_cpp.so
#16 241.4  │ │ 
#16 241.4  │ │ [lib/libaic_training_interfaces__rosidl_typesupport_fastrtps_c.so] links against:
#16 241.4  │ │  ├─ lib/librosidl_typesupport_fastrtps_c.so
#16 241.4  │ │  ├─ lib/libfastcdr.so.2.3.5
#16 241.4  │ │  ├─ lib/librosidl_runtime_c.so
#16 241.4  │ │  ├─ lib/libstdc++.so.6.0.34 (libstdcxx)
#16 241.4  │ │  ├─ lib/libgcc_s.so.1 (libgcc)
#16 241.4  │ │  ├─ lib/libaic_training_interfaces__rosidl_generator_c.so (package)
#16 241.4  │ │  ├─ lib/libservice_msgs__rosidl_typesupport_fastrtps_c.so
#16 241.4  │ │  └─ libc.so.6 (system)
#16 241.4  │ │ 
#16 241.4  │ │ [lib/python3.12/site-packages/aic_training_interfaces/aic_training_interfaces_s__rosidl_typesupport_fastrtps_c.so] links against:
#16 241.4  │ │  ├─ lib/libaic_training_interfaces__rosidl_generator_py.so (package)
#16 241.4  │ │  ├─ lib/libaic_training_interfaces__rosidl_generator_c.so (package)
#16 241.4  │ │  └─ lib/libaic_training_interfaces__rosidl_typesupport_c.so (package)
#16 241.4  │ │ 
#16 241.4  │ │ [lib/libaic_training_interfaces__rosidl_typesupport_introspection_cpp.so] links against:
#16 241.4  │ │  ├─ lib/libgcc_s.so.1 (libgcc)
#16 241.4  │ │  ├─ lib/libaic_training_interfaces__rosidl_generator_c.so (package)
#16 241.4  │ │  ├─ lib/libservice_msgs__rosidl_typesupport_introspection_cpp.so
#16 241.5  │ │  ├─ libc.so.6 (system)
#16 241.5  │ │  ├─ lib/librosidl_typesupport_introspection_cpp.so
#16 241.5  │ │  ├─ lib/librosidl_runtime_c.so
#16 241.5  │ │  └─ lib/libstdc++.so.6.0.34 (libstdcxx)
#16 241.5  │ │ Post-processing done!
#16 241.5  │ │ Writing test files
#16 241.5  │ │ Writing metadata for package
#16 241.5  │ │ Copying license files
#16 241.5  │ │ Copying recipe files
#16 241.5  │ │ 
#16 241.5  │ │ Files in package:
#16 241.5  │ │   ├─ include/aic_training_interfaces/aic_training_interfaces/msg/rosidl_generator_c__visibility_control.h (1.65 KiB)
#16 241.5  │ │   ├─ include/aic_training_interfaces/aic_training_interfaces/msg/rosidl_generator_cpp__visibility_control.hpp (1.69 KiB)
#16 241.5  │ │   ├─ include/aic_training_interfaces/aic_training_interfaces/msg/rosidl_typesupport_fastrtps_c__visibility_control.h (1.84 KiB)
#16 241.5  │ │   ├─ include/aic_training_interfaces/aic_training_interfaces/msg/rosidl_typesupport_fastrtps_cpp__visibility_control.h (1.87 KiB)
#16 241.5  │ │   ├─ include/aic_training_interfaces/aic_training_interfaces/msg/rosidl_typesupport_introspection_c__visibility_control.h (1.93 KiB)
#16 241.5  │ │   ├─ include/aic_training_interfaces/aic_training_interfaces/srv/detail/expand_xacro__builder.hpp (5.75 KiB)
#16 241.5  │ │   ├─ include/aic_training_interfaces/aic_training_interfaces/srv/detail/expand_xacro__description.c (19.78 KiB)
#16 241.5  │ │   ├─ include/aic_training_interfaces/aic_training_interfaces/srv/detail/expand_xacro__functions.c (25.89 KiB)
#16 241.5  │ │   ├─ include/aic_training_interfaces/aic_training_interfaces/srv/detail/expand_xacro__functions.h (24.69 KiB)
#16 241.5  │ │   ├─ include/aic_training_interfaces/aic_training_interfaces/srv/detail/expand_xacro__rosidl_typesupport_fastrtps_c.h (7.70 KiB)
#16 241.5  │ │   ├─ include/aic_training_interfaces/aic_training_interfaces/srv/detail/expand_xacro__rosidl_typesupport_fastrtps_cpp.hpp (8.59 KiB)
#16 241.5  │ │   ├─ include/aic_training_interfaces/aic_training_interfaces/srv/detail/expand_xacro__rosidl_typesupport_introspection_c.h (2.55 KiB)
#16 241.5  │ │   ├─ include/aic_training_interfaces/aic_training_interfaces/srv/detail/expand_xacro__rosidl_typesupport_introspection_cpp.hpp (2.83 KiB)
#16 241.5  │ │   ├─ include/aic_training_interfaces/aic_training_interfaces/srv/detail/expand_xacro__struct.h (3.49 KiB)
#16 241.5  │ │   ├─ include/aic_training_interfaces/aic_training_interfaces/srv/detail/expand_xacro__struct.hpp (16.20 KiB)
#16 241.5  │ │   ├─ include/aic_training_interfaces/aic_training_interfaces/srv/detail/expand_xacro__traits.hpp (12.33 KiB)
#16 241.5  │ │   ├─ include/aic_training_interfaces/aic_training_interfaces/srv/detail/expand_xacro__type_support.c (35.31 KiB)
#16 241.5  │ │   ├─ include/aic_training_interfaces/aic_training_interfaces/srv/detail/expand_xacro__type_support.cpp (28.45 KiB)
#16 241.5  │ │   ├─ include/aic_training_interfaces/aic_training_interfaces/srv/detail/expand_xacro__type_support.h (2.87 KiB)
#16 241.5  │ │   ├─ include/aic_training_interfaces/aic_training_interfaces/srv/detail/expand_xacro__type_support.hpp (1.81 KiB)
#16 241.5  │ │   ├─ include/aic_training_interfaces/aic_training_interfaces/srv/expand_xacro.h (556 B)
#16 241.5  │ │   ├─ include/aic_training_interfaces/aic_training_interfaces/srv/expand_xacro.hpp (578 B)
#16 241.5  │ │   ├─ lib/libaic_training_interfaces__rosidl_generator_c.so (42.87 KiB)
#16 241.5  │ │   ├─ lib/libaic_training_interfaces__rosidl_generator_py.so (24.73 KiB)
#16 241.5  │ │   ├─ lib/libaic_training_interfaces__rosidl_typesupport_c.so (23.89 KiB)
#16 241.5  │ │   ├─ lib/libaic_training_interfaces__rosidl_typesupport_cpp.so (34.54 KiB)
#16 241.5  │ │   ├─ lib/libaic_training_interfaces__rosidl_typesupport_fastrtps_c.so (35.58 KiB)
#16 241.5  │ │   ├─ lib/libaic_training_interfaces__rosidl_typesupport_fastrtps_cpp.so (71.30 KiB)
#16 241.5  │ │   ├─ lib/libaic_training_interfaces__rosidl_typesupport_introspection_c.so (32.76 KiB)
#16 241.5  │ │   ├─ lib/libaic_training_interfaces__rosidl_typesupport_introspection_cpp.so (51.12 KiB)
#16 241.5  │ │   ├─ lib/python3.12/site-packages/aic_training_interfaces/__init__.py (0 B)
#16 241.5  │ │   ├─ lib/python3.12/site-packages/aic_training_interfaces/__pycache__/__init__.cpython-312.pyc (420 B)
#16 241.5  │ │   ├─ lib/python3.12/site-packages/aic_training_interfaces/_aic_training_interfaces_s.ep.rosidl_typesupport_c.c (16.72 KiB)
#16 241.5  │ │   ├─ lib/python3.12/site-packages/aic_training_interfaces/_aic_training_interfaces_s.ep.rosidl_typesupport_fastrtps_c.c (16.73 KiB)
#16 241.5  │ │   ├─ lib/python3.12/site-packages/aic_training_interfaces/_aic_training_interfaces_s.ep.rosidl_typesupport_introspection_c.c (16.74 KiB)
#16 241.5  │ │   ├─ lib/python3.12/site-packages/aic_training_interfaces/aic_training_interfaces_s__rosidl_typesupport_c.so (21.77 KiB)
#16 241.5  │ │   ├─ lib/python3.12/site-packages/aic_training_interfaces/aic_training_interfaces_s__rosidl_typesupport_fastrtps_c.so (21.79 KiB)
#16 241.5  │ │   ├─ lib/python3.12/site-packages/aic_training_interfaces/aic_training_interfaces_s__rosidl_typesupport_introspection_c.so (21.80 KiB)
#16 241.5  │ │   ├─ lib/python3.12/site-packages/aic_training_interfaces/srv/__init__.py (343 B)
#16 241.5  │ │   ├─ lib/python3.12/site-packages/aic_training_interfaces/srv/__pycache__/__init__.cpython-312.pyc (632 B)
#16 241.5  │ │   ├─ lib/python3.12/site-packages/aic_training_interfaces/srv/__pycache__/_expand_xacro.cpython-312.pyc (26.72 KiB)
#16 241.5  │ │   ├─ lib/python3.12/site-packages/aic_training_interfaces/srv/_expand_xacro.py (22.19 KiB)
#16 241.5  │ │   ├─ lib/python3.12/site-packages/aic_training_interfaces/srv/_expand_xacro_s.c (19.03 KiB)
#16 241.5  │ │   ├─ lib/python3.12/site-packages/aic_training_interfaces-0.0.1-py3.12.egg-info/PKG-INFO (67 B)
#16 241.5  │ │   ├─ lib/python3.12/site-packages/aic_training_interfaces-0.0.1-py3.12.egg-info/SOURCES.txt (232 B)
#16 241.5  │ │   ├─ lib/python3.12/site-packages/aic_training_interfaces-0.0.1-py3.12.egg-info/dependency_links.txt (1 B)
#16 241.5  │ │   ├─ lib/python3.12/site-packages/aic_training_interfaces-0.0.1-py3.12.egg-info/top_level.txt (24 B)
#16 241.5  │ │   ├─ share/aic_training_interfaces/cmake/aic_training_interfacesConfig-version.cmake (432 B)
#16 241.5  │ │   ├─ share/aic_training_interfaces/cmake/aic_training_interfacesConfig.cmake (1.69 KiB)
#16 241.5  │ │   ├─ share/aic_training_interfaces/cmake/aic_training_interfaces__rosidl_typesupport_cExport-release.cmake (1.33 KiB)
#16 241.5  │ │   ├─ share/aic_training_interfaces/cmake/aic_training_interfaces__rosidl_typesupport_cExport.cmake (5.24 KiB)
#16 241.5  │ │   ├─ share/aic_training_interfaces/cmake/aic_training_interfaces__rosidl_typesupport_cppExport-release.cmake (1.39 KiB)
#16 241.5  │ │   ├─ share/aic_training_interfaces/cmake/aic_training_interfaces__rosidl_typesupport_cppExport.cmake (5.40 KiB)
#16 241.5  │ │   ├─ share/aic_training_interfaces/cmake/aic_training_interfaces__rosidl_typesupport_introspection_cExport-release.cmake (1.31 KiB)
#16 241.5  │ │   ├─ share/aic_training_interfaces/cmake/aic_training_interfaces__rosidl_typesupport_introspection_cExport.cmake (5.58 KiB)
#16 241.5  │ │   ├─ share/aic_training_interfaces/cmake/aic_training_interfaces__rosidl_typesupport_introspection_cppExport-release.cmake (1.33 KiB)
#16 241.5  │ │   ├─ share/aic_training_interfaces/cmake/aic_training_interfaces__rosidl_typesupport_introspection_cppExport.cmake (5.74 KiB)
#16 241.5  │ │   ├─ share/aic_training_interfaces/cmake/ament_cmake_export_dependencies-extras.cmake (4.51 KiB)
#16 241.5  │ │   ├─ share/aic_training_interfaces/cmake/ament_cmake_export_include_directories-extras.cmake (845 B)
#16 241.5  │ │   ├─ share/aic_training_interfaces/cmake/ament_cmake_export_libraries-extras.cmake (5.23 KiB)
#16 241.5  │ │   ├─ share/aic_training_interfaces/cmake/ament_cmake_export_targets-extras.cmake (1.45 KiB)
#16 241.5  │ │   ├─ share/aic_training_interfaces/cmake/export_aic_training_interfaces__rosidl_generator_cExport-release.cmake (1.19 KiB)
#16 241.5  │ │   ├─ share/aic_training_interfaces/cmake/export_aic_training_interfaces__rosidl_generator_cExport.cmake (4.54 KiB)
#16 241.5  │ │   ├─ share/aic_training_interfaces/cmake/export_aic_training_interfaces__rosidl_generator_cppExport.cmake (4.52 KiB)
#16 241.5  │ │   ├─ share/aic_training_interfaces/cmake/export_aic_training_interfaces__rosidl_generator_pyExport-release.cmake (2.33 KiB)
#16 241.5  │ │   ├─ share/aic_training_interfaces/cmake/export_aic_training_interfaces__rosidl_generator_pyExport.cmake (4.11 KiB)
#16 241.5  │ │   ├─ share/aic_training_interfaces/cmake/export_aic_training_interfaces__rosidl_typesupport_fastrtps_cExport-release.cmake (1.27 KiB)
#16 241.5  │ │   ├─ share/aic_training_interfaces/cmake/export_aic_training_interfaces__rosidl_typesupport_fastrtps_cExport.cmake (5.65 KiB)
#16 241.5  │ │   ├─ share/aic_training_interfaces/cmake/export_aic_training_interfaces__rosidl_typesupport_fastrtps_cppExport-release.cmake (1.29 KiB)
#16 241.5  │ │   ├─ share/aic_training_interfaces/cmake/export_aic_training_interfaces__rosidl_typesupport_fastrtps_cppExport.cmake (5.76 KiB)
#16 241.5  │ │   ├─ share/aic_training_interfaces/cmake/rosidl_cmake-extras.cmake (194 B)
#16 241.5  │ │   ├─ share/aic_training_interfaces/cmake/rosidl_cmake_export_typesupport_libraries-extras.cmake (2.00 KiB)
#16 241.5  │ │   ├─ share/aic_training_interfaces/cmake/rosidl_cmake_export_typesupport_targets-extras.cmake (1.47 KiB)
#16 241.5  │ │   ├─ share/aic_training_interfaces/environment/ament_prefix_path.dsv (41 B)
#16 241.5  │ │   ├─ share/aic_training_interfaces/environment/ament_prefix_path.sh (160 B)
#16 241.5  │ │   ├─ share/aic_training_interfaces/environment/library_path.dsv (42 B)
#16 241.5  │ │   ├─ share/aic_training_interfaces/environment/library_path.sh (411 B)
#16 241.5  │ │   ├─ share/aic_training_interfaces/environment/path.dsv (41 B)
#16 241.5  │ │   ├─ share/aic_training_interfaces/environment/path.sh (185 B)
#16 241.5  │ │   ├─ share/aic_training_interfaces/environment/pythonpath.dsv (62 B)
#16 241.5  │ │   ├─ share/aic_training_interfaces/environment/pythonpath.sh (166 B)
#16 241.5  │ │   ├─ share/aic_training_interfaces/local_setup.bash (1.56 KiB)
#16 241.5  │ │   ├─ share/aic_training_interfaces/local_setup.dsv (255 B)
#16 241.5  │ │   ├─ share/aic_training_interfaces/local_setup.sh (5.37 KiB) [prefix:text]
#16 241.5  │ │   ├─ share/aic_training_interfaces/local_setup.zsh (1.91 KiB)
#16 241.5  │ │   ├─ share/aic_training_interfaces/package.dsv (212 B)
#16 241.5  │ │   ├─ share/aic_training_interfaces/package.xml (877 B)
#16 241.5  │ │   ├─ share/aic_training_interfaces/rust/Cargo.toml (483 B)
#16 241.5  │ │   ├─ share/aic_training_interfaces/rust/build.rs (339 B)
#16 241.5  │ │   ├─ share/aic_training_interfaces/rust/src/lib.rs (230 B)
#16 241.5  │ │   ├─ share/aic_training_interfaces/rust/src/srv/rmw.rs (7.53 KiB)
#16 241.5  │ │   ├─ share/aic_training_interfaces/rust/src/srv.rs (4.33 KiB)
#16 241.5  │ │   ├─ share/aic_training_interfaces/srv/ExpandXacro.idl (471 B)
#16 241.5  │ │   ├─ share/aic_training_interfaces/srv/ExpandXacro.json (6.52 KiB)
#16 241.5  │ │   ├─ share/aic_training_interfaces/srv/ExpandXacro.srv (109 B)
#16 241.5  │ │   ├─ share/ament_index/resource_index/package_run_dependencies/aic_training_interfaces (56 B)
#16 241.5  │ │   ├─ share/ament_index/resource_index/packages/aic_training_interfaces (0 B)
#16 241.5  │ │   ├─ share/ament_index/resource_index/parent_prefix_path/aic_training_interfaces (95 B)
#16 241.5  │ │   ├─ share/ament_index/resource_index/rosidl_interfaces/aic_training_interfaces (39 B)
#16 241.5  │ │   ├─ share/ament_index/resource_index/rust_packages/aic_training_interfaces (0 B)
#16 241.5  │ │   ├─ info/about.json (200 B)
#16 241.5  │ │   ├─ info/hash_input.json (31 B)
#16 241.5  │ │   ├─ info/index.json (479 B)
#16 241.5  │ │   ├─ info/paths.json (25.44 KiB)
#16 241.5  │ │   └─ info/tests/tests.yaml (3 B)
#16 241.5  │ │ 
#16 241.5  │ │ Package statistics: 105 files (100 content, 5 metadata), total size: 843.59 KiB
#16 241.5  │ │ Largest files:
#16 241.5  │ │   71.30 KiB - lib/libaic_training_interfaces__rosidl_typesupport_fastrtps_cpp.so
#16 241.5  │ │   51.12 KiB - lib/libaic_training_interfaces__rosidl_typesupport_introspection_cpp.so
#16 241.5  │ │   42.87 KiB - lib/libaic_training_interfaces__rosidl_generator_c.so
#16 241.5  │ │   35.58 KiB - lib/libaic_training_interfaces__rosidl_typesupport_fastrtps_c.so
#16 241.5  │ │   35.31 KiB - include/aic_training_interfaces/aic_training_interfaces/srv/detail/expand_xacro__type_support.c
#16 241.5  │ │ Creating target folder '/ws_aic/src/aic/.pixi/build/work/ros-kilted-aic-training-interfaces-Bg_XbNzjGyY-thgBGAeBgEM/output/linux-64'
#16 241.5  │ │ Compressing archive...
#16 241.7  │ │ Archive written to '/ws_aic/src/aic/.pixi/build/work/ros-kilted-aic-training-interfaces-Bg_XbNzjGyY-thgBGAeBgEM/output/linux-64/ros-kilted-aic-training-int
#16 241.7  │ │ erfaces-0.0.1-hb0f4dca_0.conda'
#16 241.8  │ │
#16 241.8  │ ╰─────────────────── (took 1 second)
#16 241.8  │
#16 241.8  ╰─────────────────── (took 18 seconds)
#16 246.3 
#16 246.3  ╭─ Running build for recipe: ros-kilted-aic-foxglove-0.1.0-hb0f4dca_0
#16 246.3  │
#16 246.3  │ ╭─ Fetching source code
#16 246.3  │ │ No sources to fetch
#16 246.3  │ │
#16 246.3  │ ╰─────────────────── (took 0 seconds)
#16 246.4  │
#16 246.4  │ ╭─ Externally resolved dependencies recipe: ros-kilted-aic-foxglove-0.1.0-hb0f4dca_0
#16 246.4  │ │ 
#16 246.4  │ │ Resolved build dependencies(ros-kilted-aic-foxglove-0.1.0-hb0f4dca_0):
#16 246.4  │ │ ╭───────────────────────────────────────────────────┬───────────────────────────────┬──────────────┬──────────────────────┬──────────────────┬─────────────
#16 246.4  │ │ ╮
#16 246.4  │ │ │ Package                                           ┆ Spec                          ┆ Version      ┆ Build                ┆ Channel          ┆        Size 
#16 246.4  │ │ │
#16 246.4  │ │ ╞═══════════════════════════════════════════════════╪═══════════════════════════════╪══════════════╪══════════════════════╪══════════════════╪═════════════
#16 246.4  │ │ ╡
#16 246.4  │ │ │ cmake                                             ┆ cmake                         ┆ 4.3.2        ┆ hc85cc9f_0           ┆ conda-forge      ┆   22.01 MiB 
#16 246.4  │ │ │
#16 246.4  │ │ │ coreutils                                         ┆ coreutils                     ┆ 9.5          ┆ hd590300_0           ┆ conda-forge      ┆    2.87 MiB 
#16 246.4  │ │ │
#16 246.4  │ │ │ cpython                                           ┆ cpython                       ┆ 3.12.13      ┆ py312hd8ed1ab_0      ┆ conda-forge      ┆   45.37 KiB 
#16 246.4  │ │ │
#16 246.4  │ │ │ gcc_linux-64                                      ┆ gcc_linux-64                  ┆ 15.2.0       ┆ h7be306e_24          ┆ conda-forge      ┆   28.40 KiB 
#16 246.4  │ │ │
#16 246.4  │ │ │ git                                               ┆ git                           ┆ 2.53.0       ┆ pl5321h6d3cee1_0     ┆ conda-forge      ┆   10.92 MiB 
#16 246.4  │ │ │
#16 246.4  │ │ │ git-lfs                                           ┆ git-lfs                       ┆ 3.7.1        ┆ ha8f183a_1           ┆ conda-forge      ┆    4.23 MiB 
#16 246.4  │ │ │
#16 246.4  │ │ │ gxx_linux-64                                      ┆ gxx_linux-64                  ┆ 15.2.0       ┆ he30e93d_24          ┆ conda-forge      ┆   26.96 KiB 
#16 246.4  │ │ │
#16 246.4  │ │ │ make                                              ┆ make                          ┆ 4.4.1        ┆ hb9d3cd8_2           ┆ conda-forge      ┆  501.06 KiB 
#16 246.4  │ │ │
#16 246.4  │ │ │ ninja                                             ┆ ninja                         ┆ 1.13.2       ┆ h171cf75_0           ┆ conda-forge      ┆  181.96 KiB 
#16 246.4  │ │ │
#16 246.4  │ │ │ patch                                             ┆ patch                         ┆ 2.8          ┆ hb03c661_1002        ┆ conda-forge      ┆  114.47 KiB 
#16 246.4  │ │ │
#16 246.4  │ │ │ pytest                                            ┆ pytest                        ┆ 9.0.3        ┆ pyhc364b38_1         ┆ conda-forge      ┆  292.95 KiB 
#16 246.4  │ │ │
#16 246.4  │ │ │ python                                            ┆ python                        ┆ 3.12.13      ┆ hd63d673_0_cpython   ┆ conda-forge      ┆   30.14 MiB 
#16 246.4  │ │ │
#16 246.4  │ │ │ ros-kilted-ament-copyright                        ┆ ros-kilted-ament-copyright    ┆ 0.19.2       ┆ np2py312h2ed9cc7_17  ┆ robostack-kilted ┆   64.93 KiB 
#16 246.4  │ │ │
#16 246.4  │ │ │ ros-kilted-ament-flake8                           ┆ ros-kilted-ament-flake8       ┆ 0.19.2       ┆ np2py312h2ed9cc7_17  ┆ robostack-kilted ┆   27.55 KiB 
#16 246.4  │ │ │
#16 246.4  │ │ │ ros-kilted-ament-pep257                           ┆ ros-kilted-ament-pep257       ┆ 0.19.2       ┆ np2py312h2ed9cc7_17  ┆ robostack-kilted ┆   26.22 KiB 
#16 246.4  │ │ │
#16 246.4  │ │ │ ros-kilted-geometry-msgs                          ┆ ros-kilted-geometry-msgs      ┆ 5.5.2        ┆ np2py312h2ed9cc7_17  ┆ robostack-kilted ┆  376.74 KiB 
#16 246.4  │ │ │
#16 246.4  │ │ │ ros-kilted-rclpy                                  ┆ ros-kilted-rclpy              ┆ 9.1.5        ┆ np2py312h2ed9cc7_17  ┆ robostack-kilted ┆  777.88 KiB 
#16 246.4  │ │ │
#16 246.4  │ │ │ ros-kilted-ros-workspace                          ┆ ros-kilted-ros-workspace      ┆ 1.0.3        ┆ np2py312h2ed9cc7_17  ┆ robostack-kilted ┆   34.44 KiB 
#16 246.4  │ │ │
#16 246.4  │ │ │ ros-kilted-tf2-ros                                ┆ ros-kilted-tf2-ros            ┆ 0.41.6       ┆ np2py312h2ed9cc7_17  ┆ robostack-kilted ┆  456.60 KiB 
#16 246.4  │ │ │
#16 246.4  │ │ │ ros-kilted-visualization-msgs                     ┆ ros-kilted-visualization-msgs ┆ 5.5.2        ┆ np2py312h2ed9cc7_17  ┆ robostack-kilted ┆  372.42 KiB 
#16 246.4  │ │ │
#16 246.4  │ │ │ setuptools                                        ┆ setuptools                    ┆ 82.0.1       ┆ pyh332efcf_0         ┆ conda-forge      ┆  624.70 KiB 
#16 246.4  │ │ │
#16 246.4  │ │ │ _openmp_mutex                                     ┆                               ┆ 4.5          ┆ 20_gnu               ┆ conda-forge      ┆   28.27 KiB 
#16 246.4  │ │ │
#16 246.4  │ │ │ argcomplete                                       ┆                               ┆ 3.6.3        ┆ pyhd8ed1ab_0         ┆ conda-forge      ┆   41.39 KiB 
#16 246.4  │ │ │
#16 246.4  │ │ │ attr                                              ┆                               ┆ 2.5.2        ┆ hb03c661_1           ┆ conda-forge      ┆   30.65 KiB 
#16 246.4  │ │ │
#16 246.4  │ │ │ binutils_impl_linux-64                            ┆                               ┆ 2.45.1       ┆ default_hfdba357_102 ┆ conda-forge      ┆    3.49 MiB 
#16 246.4  │ │ │
#16 246.4  │ │ │ binutils_linux-64                                 ┆                               ┆ 2.45.1       ┆ default_h4852527_102 ┆ conda-forge      ┆   35.45 KiB 
#16 246.4  │ │ │
#16 246.4  │ │ │ bzip2                                             ┆                               ┆ 1.0.8        ┆ hda65f42_9           ┆ conda-forge      ┆  254.08 KiB 
#16 246.4  │ │ │
#16 246.4  │ │ │ c-ares                                            ┆                               ┆ 1.34.6       ┆ hb03c661_0           ┆ conda-forge      ┆  203.01 KiB 
#16 246.4  │ │ │
#16 246.4  │ │ │ ca-certificates                                   ┆                               ┆ 2026.4.22    ┆ hbd8a1cb_0           ┆ conda-forge      ┆  127.97 KiB 
#16 246.4  │ │ │
#16 246.4  │ │ │ catkin_pkg                                        ┆                               ┆ 1.1.0        ┆ pyhd8ed1ab_0         ┆ conda-forge      ┆   52.84 KiB 
#16 246.4  │ │ │
#16 246.4  │ │ │ colorama                                          ┆                               ┆ 0.4.6        ┆ pyhd8ed1ab_1         ┆ conda-forge      ┆   26.38 KiB 
#16 246.4  │ │ │
#16 246.4  │ │ │ console_bridge                                    ┆                               ┆ 1.0.2        ┆ h924138e_1           ┆ conda-forge      ┆   18.03 KiB 
#16 246.4  │ │ │
#16 246.4  │ │ │ cppcheck                                          ┆                               ┆ 2.20.1       ┆ py312h014360a_0      ┆ conda-forge      ┆    2.96 MiB 
#16 246.4  │ │ │
#16 246.4  │ │ │ docutils                                          ┆                               ┆ 0.22.4       ┆ pyhd8ed1ab_0         ┆ conda-forge      ┆  427.74 KiB 
#16 246.4  │ │ │
#16 246.4  │ │ │ empy                                              ┆                               ┆ 3.3.4        ┆ pyh9f0ad1d_1         ┆ conda-forge      ┆   39.27 KiB 
#16 246.4  │ │ │
#16 246.4  │ │ │ exceptiongroup                                    ┆                               ┆ 1.3.1        ┆ pyhd8ed1ab_0         ┆ conda-forge      ┆   20.83 KiB 
#16 246.4  │ │ │
#16 246.4  │ │ │ flake8                                            ┆                               ┆ 7.3.0        ┆ pyhd8ed1ab_0         ┆ conda-forge      ┆  109.29 KiB 
#16 246.4  │ │ │
#16 246.4  │ │ │ flake8-builtins                                   ┆                               ┆ 3.1.0        ┆ pyhd8ed1ab_0         ┆ conda-forge      ┆   19.04 KiB 
#16 246.4  │ │ │
#16 246.4  │ │ │ flake8-comprehensions                             ┆                               ┆ 3.17.0       ┆ pyhd8ed1ab_0         ┆ conda-forge      ┆   13.72 KiB 
#16 246.4  │ │ │
#16 246.4  │ │ │ flake8-docstrings                                 ┆                               ┆ 1.7.0        ┆ pyhd8ed1ab_0         ┆ conda-forge      ┆   10.15 KiB 
#16 246.4  │ │ │
#16 246.4  │ │ │ flake8-import-order                               ┆                               ┆ 0.19.2       ┆ pyhd8ed1ab_0         ┆ conda-forge      ┆   20.55 KiB 
#16 246.4  │ │ │
#16 246.4  │ │ │ flake8-quotes                                     ┆                               ┆ 3.4.0        ┆ pyhd8ed1ab_1         ┆ conda-forge      ┆   14.43 KiB 
#16 246.4  │ │ │
#16 246.4  │ │ │ fmt                                               ┆                               ┆ 12.1.0       ┆ hff5e90c_0           ┆ conda-forge      ┆  193.46 KiB 
#16 246.4  │ │ │
#16 246.4  │ │ │ foonathan-memory                                  ┆                               ┆ 0.7.3        ┆ h5888daf_1           ┆ conda-forge      ┆  221.81 KiB 
#16 246.4  │ │ │
#16 246.4  │ │ │ gcc_impl_linux-64                                 ┆                               ┆ 15.2.0       ┆ he420e7e_18          ┆ conda-forge      ┆   78.02 MiB 
#16 246.4  │ │ │
#16 246.4  │ │ │ gxx_impl_linux-64                                 ┆                               ┆ 15.2.0       ┆ hda75c37_18          ┆ conda-forge      ┆   14.87 MiB 
#16 246.4  │ │ │
#16 246.4  │ │ │ icu                                               ┆                               ┆ 78.3         ┆ h33c6efd_0           ┆ conda-forge      ┆   12.13 MiB 
#16 246.4  │ │ │
#16 246.4  │ │ │ importlib-metadata                                ┆                               ┆ 8.8.0        ┆ pyhcf101f3_0         ┆ conda-forge      ┆   33.58 KiB 
#16 246.4  │ │ │
#16 246.4  │ │ │ importlib_resources                               ┆                               ┆ 7.1.0        ┆ pyhd8ed1ab_0         ┆ conda-forge      ┆   33.99 KiB 
#16 246.4  │ │ │
#16 246.4  │ │ │ iniconfig                                         ┆                               ┆ 2.3.0        ┆ pyhd8ed1ab_0         ┆ conda-forge      ┆   13.07 KiB 
#16 246.4  │ │ │
#16 246.4  │ │ │ kernel-headers_linux-64                           ┆                               ┆ 4.18.0       ┆ he073ed8_9           ┆ conda-forge      ┆    1.22 MiB 
#16 246.4  │ │ │
#16 246.4  │ │ │ keyutils                                          ┆                               ┆ 1.6.3        ┆ hb9d3cd8_0           ┆ conda-forge      ┆  130.95 KiB 
#16 246.4  │ │ │
#16 246.4  │ │ │ krb5                                              ┆                               ┆ 1.22.2       ┆ ha1258a1_0           ┆ conda-forge      ┆    1.32 MiB 
#16 246.4  │ │ │
#16 246.4  │ │ │ lark-parser                                       ┆                               ┆ 0.12.0       ┆ pyhd8ed1ab_1         ┆ conda-forge      ┆   84.12 KiB 
#16 246.4  │ │ │
#16 246.4  │ │ │ ld_impl_linux-64                                  ┆                               ┆ 2.45.1       ┆ default_hbd61a6d_102 ┆ conda-forge      ┆  710.94 KiB 
#16 246.4  │ │ │
#16 246.4  │ │ │ libacl                                            ┆                               ┆ 2.3.2        ┆ h0f662aa_0           ┆ conda-forge      ┆  108.01 KiB 
#16 246.4  │ │ │
#16 246.4  │ │ │ libattr                                           ┆                               ┆ 2.5.2        ┆ hb03c661_1           ┆ conda-forge      ┆   52.07 KiB 
#16 246.4  │ │ │
#16 246.4  │ │ │ libblas                                           ┆                               ┆ 3.11.0       ┆ 6_h4a7cf45_openblas  ┆ conda-forge      ┆   18.18 KiB 
#16 246.4  │ │ │
#16 246.4  │ │ │ libcblas                                          ┆                               ┆ 3.11.0       ┆ 6_h0358290_openblas  ┆ conda-forge      ┆   18.19 KiB 
#16 246.4  │ │ │
#16 246.4  │ │ │ libcurl                                           ┆                               ┆ 8.19.0       ┆ hcf29cc6_0           ┆ conda-forge      ┆  455.77 KiB 
#16 246.4  │ │ │
#16 246.4  │ │ │ libedit                                           ┆                               ┆ 3.1.20250104 ┆ pl5321h7949ede_0     ┆ conda-forge      ┆  131.52 KiB 
#16 246.4  │ │ │
#16 246.4  │ │ │ libev                                             ┆                               ┆ 4.33         ┆ hd590300_2           ┆ conda-forge      ┆  110.12 KiB 
#16 246.4  │ │ │
#16 246.4  │ │ │ libexpat                                          ┆                               ┆ 2.7.5        ┆ hecca717_0           ┆ conda-forge      ┆   74.83 KiB 
#16 246.4  │ │ │
#16 246.4  │ │ │ libffi                                            ┆                               ┆ 3.5.2        ┆ h3435931_0           ┆ conda-forge      ┆   57.22 KiB 
#16 246.4  │ │ │
#16 246.4  │ │ │ libgcc                                            ┆                               ┆ 15.2.0       ┆ he0feb66_18          ┆ conda-forge      ┆ 1017.37 KiB 
#16 246.4  │ │ │
#16 246.4  │ │ │ libgcc-devel_linux-64                             ┆                               ┆ 15.2.0       ┆ hcc6f6b0_118         ┆ conda-forge      ┆    2.94 MiB 
#16 246.4  │ │ │
#16 246.4  │ │ │ libgcc-ng                                         ┆                               ┆ 15.2.0       ┆ h69a702a_18          ┆ conda-forge      ┆   26.88 KiB 
#16 246.4  │ │ │
#16 246.4  │ │ │ libgfortran                                       ┆                               ┆ 15.2.0       ┆ h69a702a_18          ┆ conda-forge      ┆   26.88 KiB 
#16 246.4  │ │ │
#16 246.4  │ │ │ libgfortran5                                      ┆                               ┆ 15.2.0       ┆ h68bc16d_18          ┆ conda-forge      ┆    2.37 MiB 
#16 246.4  │ │ │
#16 246.4  │ │ │ libgomp                                           ┆                               ┆ 15.2.0       ┆ he0feb66_18          ┆ conda-forge      ┆  589.12 KiB 
#16 246.4  │ │ │
#16 246.4  │ │ │ libiconv                                          ┆                               ┆ 1.18         ┆ h3b78370_2           ┆ conda-forge      ┆  771.66 KiB 
#16 246.4  │ │ │
#16 246.4  │ │ │ liblapack                                         ┆                               ┆ 3.11.0       ┆ 6_h47877c9_openblas  ┆ conda-forge      ┆   18.19 KiB 
#16 246.4  │ │ │
#16 246.4  │ │ │ liblzma                                           ┆                               ┆ 5.8.3        ┆ hb03c661_0           ┆ conda-forge      ┆  110.82 KiB 
#16 246.4  │ │ │
#16 246.4  │ │ │ libnghttp2                                        ┆                               ┆ 1.68.1       ┆ h877daf1_0           ┆ conda-forge      ┆  647.80 KiB 
#16 246.4  │ │ │
#16 246.4  │ │ │ libnsl                                            ┆                               ┆ 2.0.1        ┆ hb9d3cd8_1           ┆ conda-forge      ┆   32.94 KiB 
#16 246.4  │ │ │
#16 246.4  │ │ │ libopenblas                                       ┆                               ┆ 0.3.32       ┆ pthreads_h94d23a6_0  ┆ conda-forge      ┆    5.65 MiB 
#16 246.4  │ │ │
#16 246.4  │ │ │ libsanitizer                                      ┆                               ┆ 15.2.0       ┆ h90f66d4_18          ┆ conda-forge      ┆    7.72 MiB 
#16 246.4  │ │ │
#16 246.4  │ │ │ libsqlite                                         ┆                               ┆ 3.53.0       ┆ hf4e2dac_0           ┆ conda-forge      ┆  936.39 KiB 
#16 246.4  │ │ │
#16 246.4  │ │ │ libssh2                                           ┆                               ┆ 1.11.1       ┆ hcf80075_0           ┆ conda-forge      ┆  297.65 KiB 
#16 246.4  │ │ │
#16 246.4  │ │ │ libstdcxx                                         ┆                               ┆ 15.2.0       ┆ h934c35e_18          ┆ conda-forge      ┆    5.58 MiB 
#16 246.4  │ │ │
#16 246.4  │ │ │ libstdcxx-devel_linux-64                          ┆                               ┆ 15.2.0       ┆ hd446a21_118         ┆ conda-forge      ┆   19.71 MiB 
#16 246.4  │ │ │
#16 246.4  │ │ │ libstdcxx-ng                                      ┆                               ┆ 15.2.0       ┆ hdf11a46_18          ┆ conda-forge      ┆   26.93 KiB 
#16 246.4  │ │ │
#16 246.4  │ │ │ liburcu                                           ┆                               ┆ 0.14.0       ┆ hac33072_0           ┆ conda-forge      ┆  172.73 KiB 
#16 246.4  │ │ │
#16 246.4  │ │ │ libuuid                                           ┆                               ┆ 2.42         ┆ h5347b49_0           ┆ conda-forge      ┆   39.35 KiB 
#16 246.4  │ │ │
#16 246.4  │ │ │ libuv                                             ┆                               ┆ 1.51.0       ┆ hb03c661_1           ┆ conda-forge      ┆  874.13 KiB 
#16 246.4  │ │ │
#16 246.4  │ │ │ libxcrypt                                         ┆                               ┆ 4.4.36       ┆ hd590300_1           ┆ conda-forge      ┆   98.04 KiB 
#16 246.4  │ │ │
#16 246.4  │ │ │ libzlib                                           ┆                               ┆ 1.3.2        ┆ h25fd6f3_2           ┆ conda-forge      ┆   62.14 KiB 
#16 246.4  │ │ │
#16 246.4  │ │ │ lttng-ust                                         ┆                               ┆ 2.13.9       ┆ hf5eda4c_0           ┆ conda-forge      ┆  366.56 KiB 
#16 246.4  │ │ │
#16 246.4  │ │ │ mccabe                                            ┆                               ┆ 0.7.0        ┆ pyhd8ed1ab_1         ┆ conda-forge      ┆   12.63 KiB 
#16 246.4  │ │ │
#16 246.4  │ │ │ ncurses                                           ┆                               ┆ 6.6          ┆ hdb14827_0           ┆ conda-forge      ┆  897.42 KiB 
#16 246.4  │ │ │
#16 246.4  │ │ │ numpy                                             ┆                               ┆ 2.4.3        ┆ py312h33ff503_0      ┆ conda-forge      ┆    8.35 MiB 
#16 246.4  │ │ │
#16 246.4  │ │ │ openssl                                           ┆                               ┆ 3.6.2        ┆ h35e630c_0           ┆ conda-forge      ┆    3.02 MiB 
#16 246.4  │ │ │
#16 246.4  │ │ │ packaging                                         ┆                               ┆ 26.2         ┆ pyhc364b38_0         ┆ conda-forge      ┆   89.43 KiB 
#16 246.4  │ │ │
#16 246.4  │ │ │ pcre                                              ┆                               ┆ 8.45         ┆ h9c3ff4c_0           ┆ conda-forge      ┆  253.30 KiB 
#16 246.4  │ │ │
#16 246.4  │ │ │ pcre2                                             ┆                               ┆ 10.47        ┆ haa7fec5_0           ┆ conda-forge      ┆    1.17 MiB 
#16 246.4  │ │ │
#16 246.4  │ │ │ perl                                              ┆                               ┆ 5.32.1       ┆ 7_hd590300_perl5     ┆ conda-forge      ┆   12.73 MiB 
#16 246.4  │ │ │
#16 246.4  │ │ │ pkg-config                                        ┆                               ┆ 0.29.2       ┆ h4bc722e_1009        ┆ conda-forge      ┆  112.48 KiB 
#16 246.4  │ │ │
#16 246.4  │ │ │ pluggy                                            ┆                               ┆ 1.6.0        ┆ pyhf9edf01_1         ┆ conda-forge      ┆   25.27 KiB 
#16 246.4  │ │ │
#16 246.4  │ │ │ pycodestyle                                       ┆                               ┆ 2.14.0       ┆ pyhd8ed1ab_0         ┆ conda-forge      ┆   34.36 KiB 
#16 246.4  │ │ │
#16 246.4  │ │ │ pydocstyle                                        ┆                               ┆ 6.3.0        ┆ pyhd8ed1ab_1         ┆ conda-forge      ┆   39.29 KiB 
#16 246.4  │ │ │
#16 246.4  │ │ │ pyflakes                                          ┆                               ┆ 3.4.0        ┆ pyhd8ed1ab_0         ┆ conda-forge      ┆   58.20 KiB 
#16 246.4  │ │ │
#16 246.4  │ │ │ pygments                                          ┆                               ┆ 2.20.0       ┆ pyhd8ed1ab_0         ┆ conda-forge      ┆  872.10 KiB 
#16 246.4  │ │ │
#16 246.4  │ │ │ pyparsing                                         ┆                               ┆ 3.3.2        ┆ pyhcf101f3_0         ┆ conda-forge      ┆  108.29 KiB 
#16 246.4  │ │ │
#16 246.4  │ │ │ python-dateutil                                   ┆                               ┆ 2.9.0.post0  ┆ pyhe01879c_2         ┆ conda-forge      ┆  227.84 KiB 
#16 246.4  │ │ │
#16 246.4  │ │ │ python_abi                                        ┆                               ┆ 3.12         ┆ 8_cp312              ┆ conda-forge      ┆    6.79 KiB 
#16 246.4  │ │ │
#16 246.4  │ │ │ pyyaml                                            ┆                               ┆ 6.0.3        ┆ py312h8a5da7c_1      ┆ conda-forge      ┆  193.65 KiB 
#16 246.4  │ │ │
#16 246.4  │ │ │ readline                                          ┆                               ┆ 8.3          ┆ h853b02a_0           ┆ conda-forge      ┆  336.99 KiB 
#16 246.4  │ │ │
#16 246.4  │ │ │ rhash                                             ┆                               ┆ 1.4.6        ┆ hb9d3cd8_1           ┆ conda-forge      ┆  189.23 KiB 
#16 246.4  │ │ │
#16 246.4  │ │ │ ros-kilted-action-msgs                            ┆                               ┆ 2.3.1        ┆ np2py312h2ed9cc7_17  ┆ robostack-kilted ┆  150.07 KiB 
#16 246.4  │ │ │
#16 246.4  │ │ │ ros-kilted-ament-cmake                            ┆                               ┆ 2.7.5        ┆ np2py312h2ed9cc7_17  ┆ robostack-kilted ┆   22.73 KiB 
#16 246.4  │ │ │
#16 246.4  │ │ │ ros-kilted-ament-cmake-core                       ┆                               ┆ 2.7.5        ┆ np2py312h2ed9cc7_17  ┆ robostack-kilted ┆   43.98 KiB 
#16 246.4  │ │ │
#16 246.4  │ │ │ ros-kilted-ament-cmake-cppcheck                   ┆                               ┆ 0.19.2       ┆ np2py312h2ed9cc7_17  ┆ robostack-kilted ┆   23.89 KiB 
#16 246.4  │ │ │
#16 246.4  │ │ │ ros-kilted-ament-cmake-cpplint                    ┆                               ┆ 0.19.2       ┆ np2py312h2ed9cc7_17  ┆ robostack-kilted ┆   22.76 KiB 
#16 246.4  │ │ │
#16 246.4  │ │ │ ros-kilted-ament-cmake-export-definitions         ┆                               ┆ 2.7.5        ┆ np2py312h2ed9cc7_17  ┆ robostack-kilted ┆   21.48 KiB 
#16 246.4  │ │ │
#16 246.4  │ │ │ ros-kilted-ament-cmake-export-dependencies        ┆                               ┆ 2.7.5        ┆ np2py312h2ed9cc7_17  ┆ robostack-kilted ┆   22.41 KiB 
#16 246.4  │ │ │
#16 246.4  │ │ │ ros-kilted-ament-cmake-export-include-directories ┆                               ┆ 2.7.5        ┆ np2py312h2ed9cc7_17  ┆ robostack-kilted ┆   21.91 KiB 
#16 246.4  │ │ │
#16 246.4  │ │ │ ros-kilted-ament-cmake-export-interfaces          ┆                               ┆ 2.7.5        ┆ np2py312h2ed9cc7_17  ┆ robostack-kilted ┆   22.11 KiB 
#16 246.4  │ │ │
#16 246.4  │ │ │ ros-kilted-ament-cmake-export-libraries           ┆                               ┆ 2.7.5        ┆ np2py312h2ed9cc7_17  ┆ robostack-kilted ┆   23.39 KiB 
#16 246.4  │ │ │
#16 246.4  │ │ │ ros-kilted-ament-cmake-export-link-flags          ┆                               ┆ 2.7.5        ┆ np2py312h2ed9cc7_17  ┆ robostack-kilted ┆   21.45 KiB 
#16 246.4  │ │ │
#16 246.4  │ │ │ ros-kilted-ament-cmake-export-targets             ┆                               ┆ 2.7.5        ┆ np2py312h2ed9cc7_17  ┆ robostack-kilted ┆   22.26 KiB 
#16 246.4  │ │ │
#16 246.4  │ │ │ ros-kilted-ament-cmake-flake8                     ┆                               ┆ 0.19.2       ┆ np2py312h2ed9cc7_17  ┆ robostack-kilted ┆   23.73 KiB 
#16 246.4  │ │ │
#16 246.4  │ │ │ ros-kilted-ament-cmake-gen-version-h              ┆                               ┆ 2.7.5        ┆ np2py312h2ed9cc7_17  ┆ robostack-kilted ┆   24.16 KiB 
#16 246.4  │ │ │
#16 246.4  │ │ │ ros-kilted-ament-cmake-include-directories        ┆                               ┆ 2.7.5        ┆ np2py312h2ed9cc7_17  ┆ robostack-kilted ┆   21.36 KiB 
#16 246.4  │ │ │
#16 246.4  │ │ │ ros-kilted-ament-cmake-libraries                  ┆                               ┆ 2.7.5        ┆ np2py312h2ed9cc7_17  ┆ robostack-kilted ┆   21.06 KiB 
#16 246.4  │ │ │
#16 246.4  │ │ │ ros-kilted-ament-cmake-pep257                     ┆                               ┆ 0.19.2       ┆ np2py312h2ed9cc7_17  ┆ robostack-kilted ┆   22.58 KiB 
#16 246.4  │ │ │
#16 246.4  │ │ │ ros-kilted-ament-cmake-python                     ┆                               ┆ 2.7.5        ┆ np2py312h2ed9cc7_17  ┆ robostack-kilted ┆   23.55 KiB 
#16 246.4  │ │ │
#16 246.4  │ │ │ ros-kilted-ament-cmake-ros-core                   ┆                               ┆ 0.14.7       ┆ np2py312h2ed9cc7_17  ┆ robostack-kilted ┆   26.39 KiB 
#16 246.4  │ │ │
#16 246.4  │ │ │ ros-kilted-ament-cmake-target-dependencies        ┆                               ┆ 2.7.5        ┆ np2py312h2ed9cc7_17  ┆ robostack-kilted ┆   23.29 KiB 
#16 246.4  │ │ │
#16 246.4  │ │ │ ros-kilted-ament-cmake-test                       ┆                               ┆ 2.7.5        ┆ np2py312h2ed9cc7_17  ┆ robostack-kilted ┆   35.17 KiB 
#16 246.4  │ │ │
#16 246.4  │ │ │ ros-kilted-ament-cmake-uncrustify                 ┆                               ┆ 0.19.2       ┆ np2py312h2ed9cc7_17  ┆ robostack-kilted ┆   23.12 KiB 
#16 246.4  │ │ │
#16 246.4  │ │ │ ros-kilted-ament-cmake-version                    ┆                               ┆ 2.7.5        ┆ np2py312h2ed9cc7_17  ┆ robostack-kilted ┆   21.24 KiB 
#16 246.4  │ │ │
#16 246.4  │ │ │ ros-kilted-ament-cppcheck                         ┆                               ┆ 0.19.2       ┆ np2py312h2ed9cc7_17  ┆ robostack-kilted ┆   29.34 KiB 
#16 246.4  │ │ │
#16 246.4  │ │ │ ros-kilted-ament-cpplint                          ┆                               ┆ 0.19.2       ┆ np2py312h2ed9cc7_17  ┆ robostack-kilted ┆  165.26 KiB 
#16 246.4  │ │ │
#16 246.4  │ │ │ ros-kilted-ament-index-cpp                        ┆                               ┆ 1.11.3       ┆ np2py312h2ed9cc7_17  ┆ robostack-kilted ┆   51.11 KiB 
#16 246.4  │ │ │
#16 246.4  │ │ │ ros-kilted-ament-index-python                     ┆                               ┆ 1.11.3       ┆ np2py312h2ed9cc7_17  ┆ robostack-kilted ┆   29.79 KiB 
#16 246.4  │ │ │
#16 246.4  │ │ │ ros-kilted-ament-lint                             ┆                               ┆ 0.19.2       ┆ np2py312h2ed9cc7_17  ┆ robostack-kilted ┆   17.04 KiB 
#16 246.4  │ │ │
#16 246.4  │ │ │ ros-kilted-ament-package                          ┆                               ┆ 0.17.2       ┆ np2py312h2ed9cc7_17  ┆ robostack-kilted ┆   41.83 KiB 
#16 246.4  │ │ │
#16 246.4  │ │ │ ros-kilted-ament-uncrustify                       ┆                               ┆ 0.19.2       ┆ np2py312h2ed9cc7_17  ┆ robostack-kilted ┆   66.74 KiB 
#16 246.4  │ │ │
#16 246.4  │ │ │ ros-kilted-builtin-interfaces                     ┆                               ┆ 2.3.1        ┆ np2py312h2ed9cc7_17  ┆ robostack-kilted ┆   78.56 KiB 
#16 246.4  │ │ │
#16 246.4  │ │ │ ros-kilted-class-loader                           ┆                               ┆ 2.8.1        ┆ np2py312h2ed9cc7_17  ┆ robostack-kilted ┆   73.28 KiB 
#16 246.4  │ │ │
#16 246.4  │ │ │ ros-kilted-composition-interfaces                 ┆                               ┆ 2.3.1        ┆ np2py312h2ed9cc7_17  ┆ robostack-kilted ┆  222.14 KiB 
#16 246.4  │ │ │
#16 246.4  │ │ │ ros-kilted-console-bridge-vendor                  ┆                               ┆ 1.8.0        ┆ np2py312h2ed9cc7_17  ┆ robostack-kilted ┆   27.22 KiB 
#16 246.4  │ │ │
#16 246.4  │ │ │ ros-kilted-cyclonedds                             ┆                               ┆ 0.10.5       ┆ np2py312h2ed9cc7_17  ┆ robostack-kilted ┆    1.14 MiB 
#16 246.4  │ │ │
#16 246.4  │ │ │ ros-kilted-fastcdr                                ┆                               ┆ 2.3.5        ┆ np2py312h2ed9cc7_17  ┆ robostack-kilted ┆   87.44 KiB 
#16 246.4  │ │ │
#16 246.4  │ │ │ ros-kilted-fastdds                                ┆                               ┆ 3.2.3        ┆ np2py312h2ed9cc7_17  ┆ robostack-kilted ┆    4.82 MiB 
#16 246.4  │ │ │
#16 246.4  │ │ │ ros-kilted-foonathan-memory-vendor                ┆                               ┆ 1.3.1        ┆ np2py312h2ed9cc7_17  ┆ robostack-kilted ┆   18.91 KiB 
#16 246.4  │ │ │
#16 246.4  │ │ │ ros-kilted-iceoryx-binding-c                      ┆                               ┆ 2.0.5        ┆ np2py312h2ed9cc7_17  ┆ robostack-kilted ┆   90.85 KiB 
#16 246.4  │ │ │
#16 246.4  │ │ │ ros-kilted-iceoryx-hoofs                          ┆                               ┆ 2.0.5        ┆ np2py312h2ed9cc7_17  ┆ robostack-kilted ┆  257.68 KiB 
#16 246.4  │ │ │
#16 246.4  │ │ │ ros-kilted-iceoryx-posh                           ┆                               ┆ 2.0.5        ┆ np2py312h2ed9cc7_17  ┆ robostack-kilted ┆  560.52 KiB 
#16 246.4  │ │ │
#16 246.4  │ │ │ ros-kilted-libstatistics-collector                ┆                               ┆ 2.0.1        ┆ np2py312h2ed9cc7_17  ┆ robostack-kilted ┆   57.26 KiB 
#16 246.4  │ │ │
#16 246.4  │ │ │ ros-kilted-libyaml-vendor                         ┆                               ┆ 1.7.1        ┆ np2py312h2ed9cc7_17  ┆ robostack-kilted ┆   29.14 KiB 
#16 246.4  │ │ │
#16 246.4  │ │ │ ros-kilted-lifecycle-msgs                         ┆                               ┆ 2.3.1        ┆ np2py312h2ed9cc7_17  ┆ robostack-kilted ┆  265.29 KiB 
#16 246.4  │ │ │
#16 246.4  │ │ │ ros-kilted-message-filters                        ┆                               ┆ 7.1.6        ┆ np2py312h2ed9cc7_17  ┆ robostack-kilted ┆   86.80 KiB 
#16 246.4  │ │ │
#16 246.4  │ │ │ ros-kilted-rcl                                    ┆                               ┆ 10.1.4       ┆ np2py312h2ed9cc7_17  ┆ robostack-kilted ┆  195.64 KiB 
#16 246.4  │ │ │
#16 246.4  │ │ │ ros-kilted-rcl-action                             ┆                               ┆ 10.1.4       ┆ np2py312h2ed9cc7_17  ┆ robostack-kilted ┆   80.42 KiB 
#16 246.4  │ │ │
#16 246.4  │ │ │ ros-kilted-rcl-interfaces                         ┆                               ┆ 2.3.1        ┆ np2py312h2ed9cc7_17  ┆ robostack-kilted ┆  565.68 KiB 
#16 246.4  │ │ │
#16 246.4  │ │ │ ros-kilted-rcl-lifecycle                          ┆                               ┆ 10.1.4       ┆ np2py312h2ed9cc7_17  ┆ robostack-kilted ┆   57.92 KiB 
#16 246.4  │ │ │
#16 246.4  │ │ │ ros-kilted-rcl-logging-interface                  ┆                               ┆ 3.2.4        ┆ np2py312h2ed9cc7_17  ┆ robostack-kilted ┆   35.68 KiB 
#16 246.4  │ │ │
#16 246.4  │ │ │ ros-kilted-rcl-logging-spdlog                     ┆                               ┆ 3.2.4        ┆ np2py312h918b84f_17  ┆ robostack-kilted ┆   46.12 KiB 
#16 246.4  │ │ │
#16 246.4  │ │ │ ros-kilted-rcl-yaml-param-parser                  ┆                               ┆ 10.1.4       ┆ np2py312h2ed9cc7_17  ┆ robostack-kilted ┆   51.15 KiB 
#16 246.4  │ │ │
#16 246.4  │ │ │ ros-kilted-rclcpp                                 ┆                               ┆ 29.5.7       ┆ np2py312h2ed9cc7_17  ┆ robostack-kilted ┆    1.04 MiB 
#16 246.4  │ │ │
#16 246.5  │ │ │ ros-kilted-rclcpp-action                          ┆                               ┆ 29.5.7       ┆ np2py312h2ed9cc7_17  ┆ robostack-kilted ┆  150.67 KiB 
#16 246.5  │ │ │
#16 246.5  │ │ │ ros-kilted-rclcpp-components                      ┆                               ┆ 29.5.7       ┆ np2py312h2ed9cc7_17  ┆ robostack-kilted ┆  137.96 KiB 
#16 246.5  │ │ │
#16 246.5  │ │ │ ros-kilted-rcpputils                              ┆                               ┆ 2.13.5       ┆ np2py312h2ed9cc7_17  ┆ robostack-kilted ┆   79.27 KiB 
#16 246.5  │ │ │
#16 246.5  │ │ │ ros-kilted-rcutils                                ┆                               ┆ 6.9.10       ┆ np2py312h2ed9cc7_17  ┆ robostack-kilted ┆  121.88 KiB 
#16 246.5  │ │ │
#16 246.5  │ │ │ ros-kilted-rmw                                    ┆                               ┆ 7.8.2        ┆ np2py312h2ed9cc7_17  ┆ robostack-kilted ┆   94.45 KiB 
#16 246.5  │ │ │
#16 246.5  │ │ │ ros-kilted-rmw-connextdds                         ┆                               ┆ 1.1.1        ┆ np2py312h2ed9cc7_17  ┆ robostack-kilted ┆   30.19 KiB 
#16 246.5  │ │ │
#16 246.5  │ │ │ ros-kilted-rmw-connextdds-common                  ┆                               ┆ 1.1.1        ┆ np2py312h2ed9cc7_17  ┆ robostack-kilted ┆   52.90 KiB 
#16 246.5  │ │ │
#16 246.5  │ │ │ ros-kilted-rmw-cyclonedds-cpp                     ┆                               ┆ 4.0.2        ┆ np2py312h2ed9cc7_17  ┆ robostack-kilted ┆  255.17 KiB 
#16 246.5  │ │ │
#16 246.5  │ │ │ ros-kilted-rmw-dds-common                         ┆                               ┆ 5.0.0        ┆ np2py312h2ed9cc7_17  ┆ robostack-kilted ┆  164.50 KiB 
#16 246.5  │ │ │
#16 246.5  │ │ │ ros-kilted-rmw-fastrtps-cpp                       ┆                               ┆ 9.3.3        ┆ np2py312h2ed9cc7_17  ┆ robostack-kilted ┆  150.95 KiB 
#16 246.5  │ │ │
#16 246.5  │ │ │ ros-kilted-rmw-fastrtps-dynamic-cpp               ┆                               ┆ 9.3.3        ┆ np2py312h2ed9cc7_17  ┆ robostack-kilted ┆  172.93 KiB 
#16 246.5  │ │ │
#16 246.5  │ │ │ ros-kilted-rmw-fastrtps-shared-cpp                ┆                               ┆ 9.3.3        ┆ np2py312h2ed9cc7_17  ┆ robostack-kilted ┆  226.52 KiB 
#16 246.5  │ │ │
#16 246.5  │ │ │ ros-kilted-rmw-implementation                     ┆                               ┆ 3.0.6        ┆ np2py312h2ed9cc7_17  ┆ robostack-kilted ┆   52.26 KiB 
#16 246.5  │ │ │
#16 246.5  │ │ │ ros-kilted-rmw-implementation-cmake               ┆                               ┆ 7.8.2        ┆ np2py312h2ed9cc7_17  ┆ robostack-kilted ┆   28.94 KiB 
#16 246.5  │ │ │
#16 246.5  │ │ │ ros-kilted-rmw-security-common                    ┆                               ┆ 7.8.2        ┆ np2py312h2ed9cc7_17  ┆ robostack-kilted ┆   50.05 KiB 
#16 246.5  │ │ │
#16 246.5  │ │ │ ros-kilted-ros-environment                        ┆                               ┆ 4.3.1        ┆ np2py312h2ed9cc7_17  ┆ robostack-kilted ┆   20.85 KiB 
#16 246.5  │ │ │
#16 246.5  │ │ │ ros-kilted-rosgraph-msgs                          ┆                               ┆ 2.3.1        ┆ np2py312h2ed9cc7_17  ┆ robostack-kilted ┆   70.44 KiB 
#16 246.5  │ │ │
#16 246.5  │ │ │ ros-kilted-rosidl-adapter                         ┆                               ┆ 4.9.6        ┆ np2py312h2ed9cc7_17  ┆ robostack-kilted ┆   66.46 KiB 
#16 246.5  │ │ │
#16 246.5  │ │ │ ros-kilted-rosidl-cli                             ┆                               ┆ 4.9.6        ┆ np2py312h2ed9cc7_17  ┆ robostack-kilted ┆   45.24 KiB 
#16 246.5  │ │ │
#16 246.5  │ │ │ ros-kilted-rosidl-cmake                           ┆                               ┆ 4.9.6        ┆ np2py312h2ed9cc7_17  ┆ robostack-kilted ┆   35.50 KiB 
#16 246.5  │ │ │
#16 246.5  │ │ │ ros-kilted-rosidl-core-runtime                    ┆                               ┆ 0.3.2        ┆ np2py312h2ed9cc7_17  ┆ robostack-kilted ┆   29.33 KiB 
#16 246.5  │ │ │
#16 246.5  │ │ │ ros-kilted-rosidl-default-runtime                 ┆                               ┆ 1.7.2        ┆ np2py312h2ed9cc7_17  ┆ robostack-kilted ┆   29.88 KiB 
#16 246.5  │ │ │
#16 246.5  │ │ │ ros-kilted-rosidl-dynamic-typesupport             ┆                               ┆ 0.3.1        ┆ np2py312h2ed9cc7_17  ┆ robostack-kilted ┆   59.43 KiB 
#16 246.5  │ │ │
#16 246.5  │ │ │ ros-kilted-rosidl-dynamic-typesupport-fastrtps    ┆                               ┆ 0.4.2        ┆ np2py312h2ed9cc7_17  ┆ robostack-kilted ┆   80.90 KiB 
#16 246.5  │ │ │
#16 246.5  │ │ │ ros-kilted-rosidl-generator-c                     ┆                               ┆ 4.9.6        ┆ np2py312h2ed9cc7_17  ┆ robostack-kilted ┆   50.87 KiB 
#16 246.5  │ │ │
#16 246.5  │ │ │ ros-kilted-rosidl-generator-cpp                   ┆                               ┆ 4.9.6        ┆ np2py312h2ed9cc7_17  ┆ robostack-kilted ┆   49.20 KiB 
#16 246.5  │ │ │
#16 246.5  │ │ │ ros-kilted-rosidl-generator-py                    ┆                               ┆ 0.24.2       ┆ np2py312h2ed9cc7_17  ┆ robostack-kilted ┆   58.46 KiB 
#16 246.5  │ │ │
#16 246.5  │ │ │ ros-kilted-rosidl-generator-rs                    ┆                               ┆ 0.4.11       ┆ np2py312h2ed9cc7_17  ┆ robostack-kilted ┆   47.05 KiB 
#16 246.5  │ │ │
#16 246.5  │ │ │ ros-kilted-rosidl-generator-type-description      ┆                               ┆ 4.9.6        ┆ np2py312h2ed9cc7_17  ┆ robostack-kilted ┆   45.90 KiB 
#16 246.5  │ │ │
#16 246.5  │ │ │ ros-kilted-rosidl-parser                          ┆                               ┆ 4.9.6        ┆ np2py312h2ed9cc7_17  ┆ robostack-kilted ┆   64.65 KiB 
#16 246.5  │ │ │
#16 246.5  │ │ │ ros-kilted-rosidl-pycommon                        ┆                               ┆ 4.9.6        ┆ np2py312h2ed9cc7_17  ┆ robostack-kilted ┆   26.21 KiB 
#16 246.5  │ │ │
#16 246.5  │ │ │ ros-kilted-rosidl-runtime-c                       ┆                               ┆ 4.9.6        ┆ np2py312h2ed9cc7_17  ┆ robostack-kilted ┆   80.85 KiB 
#16 246.5  │ │ │
#16 246.5  │ │ │ ros-kilted-rosidl-runtime-cpp                     ┆                               ┆ 4.9.6        ┆ np2py312h2ed9cc7_17  ┆ robostack-kilted ┆   40.18 KiB 
#16 246.5  │ │ │
#16 246.5  │ │ │ ros-kilted-rosidl-typesupport-c                   ┆                               ┆ 3.3.3        ┆ np2py312h2ed9cc7_17  ┆ robostack-kilted ┆   49.61 KiB 
#16 246.5  │ │ │
#16 246.5  │ │ │ ros-kilted-rosidl-typesupport-cpp                 ┆                               ┆ 3.3.3        ┆ np2py312h2ed9cc7_17  ┆ robostack-kilted ┆   48.76 KiB 
#16 246.5  │ │ │
#16 246.5  │ │ │ ros-kilted-rosidl-typesupport-fastrtps-c          ┆                               ┆ 3.8.2        ┆ np2py312h2ed9cc7_17  ┆ robostack-kilted ┆   50.31 KiB 
#16 246.5  │ │ │
#16 246.5  │ │ │ ros-kilted-rosidl-typesupport-fastrtps-cpp        ┆                               ┆ 3.8.2        ┆ np2py312h2ed9cc7_17  ┆ robostack-kilted ┆   52.32 KiB 
#16 246.5  │ │ │
#16 246.5  │ │ │ ros-kilted-rosidl-typesupport-interface           ┆                               ┆ 4.9.6        ┆ np2py312h2ed9cc7_17  ┆ robostack-kilted ┆   28.82 KiB 
#16 246.5  │ │ │
#16 246.5  │ │ │ ros-kilted-rosidl-typesupport-introspection-c     ┆                               ┆ 4.9.6        ┆ np2py312h2ed9cc7_17  ┆ robostack-kilted ┆   45.99 KiB 
#16 246.5  │ │ │
#16 246.5  │ │ │ ros-kilted-rosidl-typesupport-introspection-cpp   ┆                               ┆ 4.9.6        ┆ np2py312h2ed9cc7_17  ┆ robostack-kilted ┆   46.24 KiB 
#16 246.5  │ │ │
#16 246.5  │ │ │ ros-kilted-rpyutils                               ┆                               ┆ 0.6.3        ┆ np2py312h2ed9cc7_17  ┆ robostack-kilted ┆   26.66 KiB 
#16 246.5  │ │ │
#16 246.5  │ │ │ ros-kilted-rti-connext-dds-cmake-module           ┆                               ┆ 1.1.1        ┆ np2py312h2ed9cc7_17  ┆ robostack-kilted ┆   31.05 KiB 
#16 246.5  │ │ │
#16 246.5  │ │ │ ros-kilted-sensor-msgs                            ┆                               ┆ 5.5.2        ┆ np2py312h2ed9cc7_17  ┆ robostack-kilted ┆  546.73 KiB 
#16 246.5  │ │ │
#16 246.5  │ │ │ ros-kilted-service-msgs                           ┆                               ┆ 2.3.1        ┆ np2py312h2ed9cc7_17  ┆ robostack-kilted ┆   78.16 KiB 
#16 246.5  │ │ │
#16 246.5  │ │ │ ros-kilted-spdlog-vendor                          ┆                               ┆ 1.7.0        ┆ np2py312h918b84f_17  ┆ robostack-kilted ┆   26.88 KiB 
#16 246.5  │ │ │
#16 246.5  │ │ │ ros-kilted-statistics-msgs                        ┆                               ┆ 2.3.1        ┆ np2py312h2ed9cc7_17  ┆ robostack-kilted ┆  109.07 KiB 
#16 246.5  │ │ │
#16 246.5  │ │ │ ros-kilted-std-msgs                               ┆                               ┆ 5.5.2        ┆ np2py312h2ed9cc7_17  ┆ robostack-kilted ┆  337.96 KiB 
#16 246.5  │ │ │
#16 246.5  │ │ │ ros-kilted-tf2                                    ┆                               ┆ 0.41.6       ┆ np2py312h2ed9cc7_17  ┆ robostack-kilted ┆  133.66 KiB 
#16 246.5  │ │ │
#16 246.5  │ │ │ ros-kilted-tf2-msgs                               ┆                               ┆ 0.41.6       ┆ np2py312h2ed9cc7_17  ┆ robostack-kilted ┆  256.49 KiB 
#16 246.5  │ │ │
#16 246.5  │ │ │ ros-kilted-tracetools                             ┆                               ┆ 8.6.0        ┆ np2py312h2ed9cc7_17  ┆ robostack-kilted ┆   74.56 KiB 
#16 246.5  │ │ │
#16 246.5  │ │ │ ros-kilted-type-description-interfaces            ┆                               ┆ 2.3.1        ┆ np2py312h2ed9cc7_17  ┆ robostack-kilted ┆  233.30 KiB 
#16 246.5  │ │ │
#16 246.5  │ │ │ ros-kilted-uncrustify-vendor                      ┆                               ┆ 3.1.0        ┆ np2py312h2ed9cc7_17  ┆ robostack-kilted ┆   22.64 KiB 
#16 246.5  │ │ │
#16 246.5  │ │ │ ros-kilted-unique-identifier-msgs                 ┆                               ┆ 2.7.0        ┆ np2py312h2ed9cc7_17  ┆ robostack-kilted ┆   72.52 KiB 
#16 246.5  │ │ │
#16 246.5  │ │ │ ros2-distro-mutex                                 ┆                               ┆ 0.14.0       ┆ kilted_17            ┆ robostack-kilted ┆    2.32 KiB 
#16 246.5  │ │ │
#16 246.5  │ │ │ six                                               ┆                               ┆ 1.17.0       ┆ pyhe01879c_1         ┆ conda-forge      ┆   18.02 KiB 
#16 246.5  │ │ │
#16 246.5  │ │ │ snowballstemmer                                   ┆                               ┆ 3.0.1        ┆ pyhd8ed1ab_0         ┆ conda-forge      ┆   71.30 KiB 
#16 246.5  │ │ │
#16 246.5  │ │ │ spdlog                                            ┆                               ┆ 1.17.0       ┆ hab81395_1           ┆ conda-forge      ┆  192.07 KiB 
#16 246.5  │ │ │
#16 246.5  │ │ │ sysroot_linux-64                                  ┆                               ┆ 2.28         ┆ h4ee821c_9           ┆ conda-forge      ┆   22.90 MiB 
#16 246.5  │ │ │
#16 246.5  │ │ │ tinyxml2                                          ┆                               ┆ 11.0.0       ┆ h3f2d84a_0           ┆ conda-forge      ┆  128.27 KiB 
#16 246.5  │ │ │
#16 246.5  │ │ │ tk                                                ┆                               ┆ 8.6.13       ┆ noxft_h366c992_103   ┆ conda-forge      ┆    3.15 MiB 
#16 246.5  │ │ │
#16 246.5  │ │ │ tomli                                             ┆                               ┆ 2.4.1        ┆ pyhcf101f3_0         ┆ conda-forge      ┆   21.06 KiB 
#16 246.5  │ │ │
#16 246.5  │ │ │ typing_extensions                                 ┆                               ┆ 4.15.0       ┆ pyhcf101f3_0         ┆ conda-forge      ┆   50.48 KiB 
#16 246.5  │ │ │
#16 246.5  │ │ │ tzdata                                            ┆                               ┆ 2025c        ┆ hc9c84f9_1           ┆ conda-forge      ┆  116.34 KiB 
#16 246.5  │ │ │
#16 246.5  │ │ │ uncrustify                                        ┆                               ┆ 0.81.0       ┆ h54a6638_2           ┆ conda-forge      ┆  707.61 KiB 
#16 246.5  │ │ │
#16 246.5  │ │ │ yaml                                              ┆                               ┆ 0.2.5        ┆ h280c20c_3           ┆ conda-forge      ┆   83.19 KiB 
#16 246.5  │ │ │
#16 246.5  │ │ │ yaml-cpp                                          ┆                               ┆ 0.8.0        ┆ h3f2d84a_0           ┆ conda-forge      ┆  218.29 KiB 
#16 246.5  │ │ │
#16 246.5  │ │ │ zipp                                              ┆                               ┆ 3.23.1       ┆ pyhcf101f3_0         ┆ conda-forge      ┆   23.89 KiB 
#16 246.5  │ │ │
#16 246.5  │ │ │ zstd                                              ┆                               ┆ 1.5.7        ┆ hb78ec9c_6           ┆ conda-forge      ┆  587.28 KiB 
#16 246.5  │ │ │
#16 246.5  │ │ ╰───────────────────────────────────────────────────┴───────────────────────────────┴──────────────┴──────────────────────┴──────────────────┴─────────────
#16 246.5  │ │ ╯
#16 246.5  │ │ Resolved host dependencies(ros-kilted-aic-foxglove-0.1.0-hb0f4dca_0):
#16 246.5  │ │ ╭───────────────────────────────────────────────────┬──────────────────────────────────────────────┬──────────────┬──────────────────────┬─────────────────
#16 246.5  │ │ ─┬─────────────╮
#16 246.5  │ │ │ Package                                           ┆ Spec                                         ┆ Version      ┆ Build                ┆ Channel         
#16 246.5  │ │  ┆        Size │
#16 246.5  │ │ ╞═══════════════════════════════════════════════════╪══════════════════════════════════════════════╪══════════════╪══════════════════════╪═════════════════
#16 246.5  │ │ ═╪═════════════╡
#16 246.5  │ │ │ libgcc                                            ┆ libgcc >=15 (RE of [build: gcc_linux-64])    ┆ 15.2.0       ┆ he0feb66_18          ┆ conda-forge     
#16 246.5  │ │  ┆ 1017.37 KiB │
#16 246.5  │ │ │ libstdcxx                                         ┆ libstdcxx >=15 (RE of [build: gxx_linux-64]) ┆ 15.2.0       ┆ h934c35e_18          ┆ conda-forge     
#16 246.5  │ │  ┆    5.58 MiB │
#16 246.5  │ │ │ numpy                                             ┆ numpy                                        ┆ 2.4.3        ┆ py312h33ff503_0      ┆ conda-forge     
#16 246.5  │ │  ┆    8.35 MiB │
#16 246.5  │ │ │ pip                                               ┆ pip                                          ┆ 26.0.1       ┆ pyh8b19718_0         ┆ conda-forge     
#16 246.5  │ │  ┆    1.13 MiB │
#16 246.5  │ │ │ pkg-config                                        ┆ pkg-config                                   ┆ 0.29.2       ┆ h4bc722e_1009        ┆ conda-forge     
#16 246.5  │ │  ┆  112.48 KiB │
#16 246.5  │ │ │ pytest                                            ┆ pytest                                       ┆ 9.0.3        ┆ pyhc364b38_1         ┆ conda-forge     
#16 246.5  │ │  ┆  292.95 KiB │
#16 246.5  │ │ │ python                                            ┆ python                                       ┆ 3.12.13      ┆ hd63d673_0_cpython   ┆ conda-forge     
#16 246.5  │ │  ┆   30.14 MiB │
#16 246.5  │ │ │ ros-kilted-ament-copyright                        ┆ ros-kilted-ament-copyright                   ┆ 0.19.2       ┆ np2py312h2ed9cc7_17  ┆ robostack-kilted
#16 246.5  │ │  ┆   64.93 KiB │
#16 246.5  │ │ │ ros-kilted-ament-flake8                           ┆ ros-kilted-ament-flake8                      ┆ 0.19.2       ┆ np2py312h2ed9cc7_17  ┆ robostack-kilted
#16 246.5  │ │  ┆   27.55 KiB │
#16 246.5  │ │ │ ros-kilted-ament-pep257                           ┆ ros-kilted-ament-pep257                      ┆ 0.19.2       ┆ np2py312h2ed9cc7_17  ┆ robostack-kilted
#16 246.5  │ │  ┆   26.22 KiB │
#16 246.5  │ │ │ ros-kilted-geometry-msgs                          ┆ ros-kilted-geometry-msgs                     ┆ 5.5.2        ┆ np2py312h2ed9cc7_17  ┆ robostack-kilted
#16 246.5  │ │  ┆  376.74 KiB │
#16 246.5  │ │ │ ros-kilted-rclpy                                  ┆ ros-kilted-rclpy                             ┆ 9.1.5        ┆ np2py312h2ed9cc7_17  ┆ robostack-kilted
#16 246.5  │ │  ┆  777.88 KiB │
#16 246.5  │ │ │ ros-kilted-ros-workspace                          ┆ ros-kilted-ros-workspace                     ┆ 1.0.3        ┆ np2py312h2ed9cc7_17  ┆ robostack-kilted
#16 246.5  │ │  ┆   34.44 KiB │
#16 246.5  │ │ │ ros-kilted-tf2-ros                                ┆ ros-kilted-tf2-ros                           ┆ 0.41.6       ┆ np2py312h2ed9cc7_17  ┆ robostack-kilted
#16 246.5  │ │  ┆  456.60 KiB │
#16 246.5  │ │ │ ros-kilted-visualization-msgs                     ┆ ros-kilted-visualization-msgs                ┆ 5.5.2        ┆ np2py312h2ed9cc7_17  ┆ robostack-kilted
#16 246.5  │ │  ┆  372.42 KiB │
#16 246.5  │ │ │ ros2-distro-mutex                                 ┆ ros2-distro-mutex                            ┆ 0.14.0       ┆ kilted_17            ┆ robostack-kilted
#16 246.5  │ │  ┆    2.32 KiB │
#16 246.5  │ │ │ _openmp_mutex                                     ┆                                              ┆ 4.5          ┆ 20_gnu               ┆ conda-forge     
#16 246.5  │ │  ┆   28.27 KiB │
#16 246.5  │ │ │ argcomplete                                       ┆                                              ┆ 3.6.3        ┆ pyhd8ed1ab_0         ┆ conda-forge     
#16 246.5  │ │  ┆   41.39 KiB │
#16 246.5  │ │ │ attr                                              ┆                                              ┆ 2.5.2        ┆ hb03c661_1           ┆ conda-forge     
#16 246.5  │ │  ┆   30.65 KiB │
#16 246.5  │ │ │ bzip2                                             ┆                                              ┆ 1.0.8        ┆ hda65f42_9           ┆ conda-forge     
#16 246.5  │ │  ┆  254.08 KiB │
#16 246.5  │ │ │ c-ares                                            ┆                                              ┆ 1.34.6       ┆ hb03c661_0           ┆ conda-forge     
#16 246.5  │ │  ┆  203.01 KiB │
#16 246.5  │ │ │ ca-certificates                                   ┆                                              ┆ 2026.4.22    ┆ hbd8a1cb_0           ┆ conda-forge     
#16 246.5  │ │  ┆  127.97 KiB │
#16 246.5  │ │ │ catkin_pkg                                        ┆                                              ┆ 1.1.0        ┆ pyhd8ed1ab_0         ┆ conda-forge     
#16 246.5  │ │  ┆   52.84 KiB │
#16 246.5  │ │ │ cmake                                             ┆                                              ┆ 4.3.2        ┆ hc85cc9f_0           ┆ conda-forge     
#16 246.5  │ │  ┆   22.01 MiB │
#16 246.5  │ │ │ colorama                                          ┆                                              ┆ 0.4.6        ┆ pyhd8ed1ab_1         ┆ conda-forge     
#16 246.5  │ │  ┆   26.38 KiB │
#16 246.5  │ │ │ console_bridge                                    ┆                                              ┆ 1.0.2        ┆ h924138e_1           ┆ conda-forge     
#16 246.5  │ │  ┆   18.03 KiB │
#16 246.5  │ │ │ cppcheck                                          ┆                                              ┆ 2.20.1       ┆ py312h014360a_0      ┆ conda-forge     
#16 246.5  │ │  ┆    2.96 MiB │
#16 246.5  │ │ │ docutils                                          ┆                                              ┆ 0.22.4       ┆ pyhd8ed1ab_0         ┆ conda-forge     
#16 246.5  │ │  ┆  427.74 KiB │
#16 246.5  │ │ │ empy                                              ┆                                              ┆ 3.3.4        ┆ pyh9f0ad1d_1         ┆ conda-forge     
#16 246.5  │ │  ┆   39.27 KiB │
#16 246.5  │ │ │ exceptiongroup                                    ┆                                              ┆ 1.3.1        ┆ pyhd8ed1ab_0         ┆ conda-forge     
#16 246.5  │ │  ┆   20.83 KiB │
#16 246.5  │ │ │ flake8                                            ┆                                              ┆ 7.3.0        ┆ pyhd8ed1ab_0         ┆ conda-forge     
#16 246.5  │ │  ┆  109.29 KiB │
#16 246.5  │ │ │ flake8-builtins                                   ┆                                              ┆ 3.1.0        ┆ pyhd8ed1ab_0         ┆ conda-forge     
#16 246.5  │ │  ┆   19.04 KiB │
#16 246.5  │ │ │ flake8-comprehensions                             ┆                                              ┆ 3.17.0       ┆ pyhd8ed1ab_0         ┆ conda-forge     
#16 246.5  │ │  ┆   13.72 KiB │
#16 246.5  │ │ │ flake8-docstrings                                 ┆                                              ┆ 1.7.0        ┆ pyhd8ed1ab_0         ┆ conda-forge     
#16 246.5  │ │  ┆   10.15 KiB │
#16 246.5  │ │ │ flake8-import-order                               ┆                                              ┆ 0.19.2       ┆ pyhd8ed1ab_0         ┆ conda-forge     
#16 246.5  │ │  ┆   20.55 KiB │
#16 246.5  │ │ │ flake8-quotes                                     ┆                                              ┆ 3.4.0        ┆ pyhd8ed1ab_1         ┆ conda-forge     
#16 246.5  │ │  ┆   14.43 KiB │
#16 246.5  │ │ │ fmt                                               ┆                                              ┆ 12.1.0       ┆ hff5e90c_0           ┆ conda-forge     
#16 246.5  │ │  ┆  193.46 KiB │
#16 246.5  │ │ │ foonathan-memory                                  ┆                                              ┆ 0.7.3        ┆ h5888daf_1           ┆ conda-forge     
#16 246.5  │ │  ┆  221.81 KiB │
#16 246.5  │ │ │ icu                                               ┆                                              ┆ 78.3         ┆ h33c6efd_0           ┆ conda-forge     
#16 246.5  │ │  ┆   12.13 MiB │
#16 246.5  │ │ │ importlib-metadata                                ┆                                              ┆ 8.8.0        ┆ pyhcf101f3_0         ┆ conda-forge     
#16 246.5  │ │  ┆   33.58 KiB │
#16 246.5  │ │ │ importlib_resources                               ┆                                              ┆ 7.1.0        ┆ pyhd8ed1ab_0         ┆ conda-forge     
#16 246.5  │ │  ┆   33.99 KiB │
#16 246.5  │ │ │ iniconfig                                         ┆                                              ┆ 2.3.0        ┆ pyhd8ed1ab_0         ┆ conda-forge     
#16 246.5  │ │  ┆   13.07 KiB │
#16 246.5  │ │ │ keyutils                                          ┆                                              ┆ 1.6.3        ┆ hb9d3cd8_0           ┆ conda-forge     
#16 246.5  │ │  ┆  130.95 KiB │
#16 246.5  │ │ │ krb5                                              ┆                                              ┆ 1.22.2       ┆ ha1258a1_0           ┆ conda-forge     
#16 246.5  │ │  ┆    1.32 MiB │
#16 246.5  │ │ │ lark-parser                                       ┆                                              ┆ 0.12.0       ┆ pyhd8ed1ab_1         ┆ conda-forge     
#16 246.5  │ │  ┆   84.12 KiB │
#16 246.5  │ │ │ ld_impl_linux-64                                  ┆                                              ┆ 2.45.1       ┆ default_hbd61a6d_102 ┆ conda-forge     
#16 246.5  │ │  ┆  710.94 KiB │
#16 246.5  │ │ │ libacl                                            ┆                                              ┆ 2.3.2        ┆ h0f662aa_0           ┆ conda-forge     
#16 246.5  │ │  ┆  108.01 KiB │
#16 246.5  │ │ │ libattr                                           ┆                                              ┆ 2.5.2        ┆ hb03c661_1           ┆ conda-forge     
#16 246.5  │ │  ┆   52.07 KiB │
#16 246.5  │ │ │ libblas                                           ┆                                              ┆ 3.11.0       ┆ 6_h4a7cf45_openblas  ┆ conda-forge     
#16 246.5  │ │  ┆   18.18 KiB │
#16 246.5  │ │ │ libcblas                                          ┆                                              ┆ 3.11.0       ┆ 6_h0358290_openblas  ┆ conda-forge     
#16 246.5  │ │  ┆   18.19 KiB │
#16 246.5  │ │ │ libcurl                                           ┆                                              ┆ 8.19.0       ┆ hcf29cc6_0           ┆ conda-forge     
#16 246.5  │ │  ┆  455.77 KiB │
#16 246.5  │ │ │ libedit                                           ┆                                              ┆ 3.1.20250104 ┆ pl5321h7949ede_0     ┆ conda-forge     
#16 246.5  │ │  ┆  131.52 KiB │
#16 246.5  │ │ │ libev                                             ┆                                              ┆ 4.33         ┆ hd590300_2           ┆ conda-forge     
#16 246.5  │ │  ┆  110.12 KiB │
#16 246.5  │ │ │ libexpat                                          ┆                                              ┆ 2.7.5        ┆ hecca717_0           ┆ conda-forge     
#16 246.5  │ │  ┆   74.83 KiB │
#16 246.5  │ │ │ libffi                                            ┆                                              ┆ 3.5.2        ┆ h3435931_0           ┆ conda-forge     
#16 246.5  │ │  ┆   57.22 KiB │
#16 246.5  │ │ │ libgcc-ng                                         ┆                                              ┆ 15.2.0       ┆ h69a702a_18          ┆ conda-forge     
#16 246.5  │ │  ┆   26.88 KiB │
#16 246.5  │ │ │ libgfortran                                       ┆                                              ┆ 15.2.0       ┆ h69a702a_18          ┆ conda-forge     
#16 246.5  │ │  ┆   26.88 KiB │
#16 246.5  │ │ │ libgfortran5                                      ┆                                              ┆ 15.2.0       ┆ h68bc16d_18          ┆ conda-forge     
#16 246.5  │ │  ┆    2.37 MiB │
#16 246.5  │ │ │ libgomp                                           ┆                                              ┆ 15.2.0       ┆ he0feb66_18          ┆ conda-forge     
#16 246.5  │ │  ┆  589.12 KiB │
#16 246.5  │ │ │ liblapack                                         ┆                                              ┆ 3.11.0       ┆ 6_h47877c9_openblas  ┆ conda-forge     
#16 246.5  │ │  ┆   18.19 KiB │
#16 246.5  │ │ │ liblzma                                           ┆                                              ┆ 5.8.3        ┆ hb03c661_0           ┆ conda-forge     
#16 246.5  │ │  ┆  110.82 KiB │
#16 246.5  │ │ │ libnghttp2                                        ┆                                              ┆ 1.68.1       ┆ h877daf1_0           ┆ conda-forge     
#16 246.5  │ │  ┆  647.80 KiB │
#16 246.5  │ │ │ libnsl                                            ┆                                              ┆ 2.0.1        ┆ hb9d3cd8_1           ┆ conda-forge     
#16 246.5  │ │  ┆   32.94 KiB │
#16 246.5  │ │ │ libopenblas                                       ┆                                              ┆ 0.3.32       ┆ pthreads_h94d23a6_0  ┆ conda-forge     
#16 246.5  │ │  ┆    5.65 MiB │
#16 246.5  │ │ │ libsqlite                                         ┆                                              ┆ 3.53.0       ┆ hf4e2dac_0           ┆ conda-forge     
#16 246.5  │ │  ┆  936.39 KiB │
#16 246.5  │ │ │ libssh2                                           ┆                                              ┆ 1.11.1       ┆ hcf80075_0           ┆ conda-forge     
#16 246.5  │ │  ┆  297.65 KiB │
#16 246.5  │ │ │ libstdcxx-ng                                      ┆                                              ┆ 15.2.0       ┆ hdf11a46_18          ┆ conda-forge     
#16 246.5  │ │  ┆   26.93 KiB │
#16 246.5  │ │ │ liburcu                                           ┆                                              ┆ 0.14.0       ┆ hac33072_0           ┆ conda-forge     
#16 246.5  │ │  ┆  172.73 KiB │
#16 246.5  │ │ │ libuuid                                           ┆                                              ┆ 2.42         ┆ h5347b49_0           ┆ conda-forge     
#16 246.5  │ │  ┆   39.35 KiB │
#16 246.5  │ │ │ libuv                                             ┆                                              ┆ 1.51.0       ┆ hb03c661_1           ┆ conda-forge     
#16 246.5  │ │  ┆  874.13 KiB │
#16 246.5  │ │ │ libxcrypt                                         ┆                                              ┆ 4.4.36       ┆ hd590300_1           ┆ conda-forge     
#16 246.5  │ │  ┆   98.04 KiB │
#16 246.5  │ │ │ libzlib                                           ┆                                              ┆ 1.3.2        ┆ h25fd6f3_2           ┆ conda-forge     
#16 246.5  │ │  ┆   62.14 KiB │
#16 246.5  │ │ │ lttng-ust                                         ┆                                              ┆ 2.13.9       ┆ hf5eda4c_0           ┆ conda-forge     
#16 246.5  │ │  ┆  366.56 KiB │
#16 246.5  │ │ │ mccabe                                            ┆                                              ┆ 0.7.0        ┆ pyhd8ed1ab_1         ┆ conda-forge     
#16 246.5  │ │  ┆   12.63 KiB │
#16 246.5  │ │ │ ncurses                                           ┆                                              ┆ 6.6          ┆ hdb14827_0           ┆ conda-forge     
#16 246.5  │ │  ┆  897.42 KiB │
#16 246.5  │ │ │ openssl                                           ┆                                              ┆ 3.6.2        ┆ h35e630c_0           ┆ conda-forge     
#16 246.5  │ │  ┆    3.02 MiB │
#16 246.5  │ │ │ packaging                                         ┆                                              ┆ 26.2         ┆ pyhc364b38_0         ┆ conda-forge     
#16 246.5  │ │  ┆   89.43 KiB │
#16 246.5  │ │ │ pcre                                              ┆                                              ┆ 8.45         ┆ h9c3ff4c_0           ┆ conda-forge     
#16 246.5  │ │  ┆  253.30 KiB │
#16 246.5  │ │ │ pluggy                                            ┆                                              ┆ 1.6.0        ┆ pyhf9edf01_1         ┆ conda-forge     
#16 246.5  │ │  ┆   25.27 KiB │
#16 246.5  │ │ │ pycodestyle                                       ┆                                              ┆ 2.14.0       ┆ pyhd8ed1ab_0         ┆ conda-forge     
#16 246.5  │ │  ┆   34.36 KiB │
#16 246.5  │ │ │ pydocstyle                                        ┆                                              ┆ 6.3.0        ┆ pyhd8ed1ab_1         ┆ conda-forge     
#16 246.5  │ │  ┆   39.29 KiB │
#16 246.5  │ │ │ pyflakes                                          ┆                                              ┆ 3.4.0        ┆ pyhd8ed1ab_0         ┆ conda-forge     
#16 246.5  │ │  ┆   58.20 KiB │
#16 246.5  │ │ │ pygments                                          ┆                                              ┆ 2.20.0       ┆ pyhd8ed1ab_0         ┆ conda-forge     
#16 246.5  │ │  ┆  872.10 KiB │
#16 246.5  │ │ │ pyparsing                                         ┆                                              ┆ 3.3.2        ┆ pyhcf101f3_0         ┆ conda-forge     
#16 246.5  │ │  ┆  108.29 KiB │
#16 246.5  │ │ │ python-dateutil                                   ┆                                              ┆ 2.9.0.post0  ┆ pyhe01879c_2         ┆ conda-forge     
#16 246.5  │ │  ┆  227.84 KiB │
#16 246.5  │ │ │ python_abi                                        ┆                                              ┆ 3.12         ┆ 8_cp312              ┆ conda-forge     
#16 246.5  │ │  ┆    6.79 KiB │
#16 246.5  │ │ │ pyyaml                                            ┆                                              ┆ 6.0.3        ┆ py312h8a5da7c_1      ┆ conda-forge     
#16 246.5  │ │  ┆  193.65 KiB │
#16 246.5  │ │ │ readline                                          ┆                                              ┆ 8.3          ┆ h853b02a_0           ┆ conda-forge     
#16 246.5  │ │  ┆  336.99 KiB │
#16 246.5  │ │ │ rhash                                             ┆                                              ┆ 1.4.6        ┆ hb9d3cd8_1           ┆ conda-forge     
#16 246.5  │ │  ┆  189.23 KiB │
#16 246.5  │ │ │ ros-kilted-action-msgs                            ┆                                              ┆ 2.3.1        ┆ np2py312h2ed9cc7_17  ┆ robostack-kilted
#16 246.5  │ │  ┆  150.07 KiB │
#16 246.5  │ │ │ ros-kilted-ament-cmake                            ┆                                              ┆ 2.7.5        ┆ np2py312h2ed9cc7_17  ┆ robostack-kilted
#16 246.5  │ │  ┆   22.73 KiB │
#16 246.5  │ │ │ ros-kilted-ament-cmake-core                       ┆                                              ┆ 2.7.5        ┆ np2py312h2ed9cc7_17  ┆ robostack-kilted
#16 246.5  │ │  ┆   43.98 KiB │
#16 246.5  │ │ │ ros-kilted-ament-cmake-cppcheck                   ┆                                              ┆ 0.19.2       ┆ np2py312h2ed9cc7_17  ┆ robostack-kilted
#16 246.5  │ │  ┆   23.89 KiB │
#16 246.5  │ │ │ ros-kilted-ament-cmake-cpplint                    ┆                                              ┆ 0.19.2       ┆ np2py312h2ed9cc7_17  ┆ robostack-kilted
#16 246.5  │ │  ┆   22.76 KiB │
#16 246.5  │ │ │ ros-kilted-ament-cmake-export-definitions         ┆                                              ┆ 2.7.5        ┆ np2py312h2ed9cc7_17  ┆ robostack-kilted
#16 246.5  │ │  ┆   21.48 KiB │
#16 246.5  │ │ │ ros-kilted-ament-cmake-export-dependencies        ┆                                              ┆ 2.7.5        ┆ np2py312h2ed9cc7_17  ┆ robostack-kilted
#16 246.5  │ │  ┆   22.41 KiB │
#16 246.5  │ │ │ ros-kilted-ament-cmake-export-include-directories ┆                                              ┆ 2.7.5        ┆ np2py312h2ed9cc7_17  ┆ robostack-kilted
#16 246.5  │ │  ┆   21.91 KiB │
#16 246.5  │ │ │ ros-kilted-ament-cmake-export-interfaces          ┆                                              ┆ 2.7.5        ┆ np2py312h2ed9cc7_17  ┆ robostack-kilted
#16 246.5  │ │  ┆   22.11 KiB │
#16 246.5  │ │ │ ros-kilted-ament-cmake-export-libraries           ┆                                              ┆ 2.7.5        ┆ np2py312h2ed9cc7_17  ┆ robostack-kilted
#16 246.5  │ │  ┆   23.39 KiB │
#16 246.5  │ │ │ ros-kilted-ament-cmake-export-link-flags          ┆                                              ┆ 2.7.5        ┆ np2py312h2ed9cc7_17  ┆ robostack-kilted
#16 246.5  │ │  ┆   21.45 KiB │
#16 246.5  │ │ │ ros-kilted-ament-cmake-export-targets             ┆                                              ┆ 2.7.5        ┆ np2py312h2ed9cc7_17  ┆ robostack-kilted
#16 246.5  │ │  ┆   22.26 KiB │
#16 246.5  │ │ │ ros-kilted-ament-cmake-flake8                     ┆                                              ┆ 0.19.2       ┆ np2py312h2ed9cc7_17  ┆ robostack-kilted
#16 246.5  │ │  ┆   23.73 KiB │
#16 246.5  │ │ │ ros-kilted-ament-cmake-gen-version-h              ┆                                              ┆ 2.7.5        ┆ np2py312h2ed9cc7_17  ┆ robostack-kilted
#16 246.5  │ │  ┆   24.16 KiB │
#16 246.5  │ │ │ ros-kilted-ament-cmake-include-directories        ┆                                              ┆ 2.7.5        ┆ np2py312h2ed9cc7_17  ┆ robostack-kilted
#16 246.5  │ │  ┆   21.36 KiB │
#16 246.5  │ │ │ ros-kilted-ament-cmake-libraries                  ┆                                              ┆ 2.7.5        ┆ np2py312h2ed9cc7_17  ┆ robostack-kilted
#16 246.5  │ │  ┆   21.06 KiB │
#16 246.5  │ │ │ ros-kilted-ament-cmake-pep257                     ┆                                              ┆ 0.19.2       ┆ np2py312h2ed9cc7_17  ┆ robostack-kilted
#16 246.5  │ │  ┆   22.58 KiB │
#16 246.5  │ │ │ ros-kilted-ament-cmake-python                     ┆                                              ┆ 2.7.5        ┆ np2py312h2ed9cc7_17  ┆ robostack-kilted
#16 246.5  │ │  ┆   23.55 KiB │
#16 246.5  │ │ │ ros-kilted-ament-cmake-ros-core                   ┆                                              ┆ 0.14.7       ┆ np2py312h2ed9cc7_17  ┆ robostack-kilted
#16 246.5  │ │  ┆   26.39 KiB │
#16 246.5  │ │ │ ros-kilted-ament-cmake-target-dependencies        ┆                                              ┆ 2.7.5        ┆ np2py312h2ed9cc7_17  ┆ robostack-kilted
#16 246.5  │ │  ┆   23.29 KiB │
#16 246.5  │ │ │ ros-kilted-ament-cmake-test                       ┆                                              ┆ 2.7.5        ┆ np2py312h2ed9cc7_17  ┆ robostack-kilted
#16 246.5  │ │  ┆   35.17 KiB │
#16 246.5  │ │ │ ros-kilted-ament-cmake-uncrustify                 ┆                                              ┆ 0.19.2       ┆ np2py312h2ed9cc7_17  ┆ robostack-kilted
#16 246.5  │ │  ┆   23.12 KiB │
#16 246.5  │ │ │ ros-kilted-ament-cmake-version                    ┆                                              ┆ 2.7.5        ┆ np2py312h2ed9cc7_17  ┆ robostack-kilted
#16 246.5  │ │  ┆   21.24 KiB │
#16 246.5  │ │ │ ros-kilted-ament-cppcheck                         ┆                                              ┆ 0.19.2       ┆ np2py312h2ed9cc7_17  ┆ robostack-kilted
#16 246.5  │ │  ┆   29.34 KiB │
#16 246.5  │ │ │ ros-kilted-ament-cpplint                          ┆                                              ┆ 0.19.2       ┆ np2py312h2ed9cc7_17  ┆ robostack-kilted
#16 246.5  │ │  ┆  165.26 KiB │
#16 246.5  │ │ │ ros-kilted-ament-index-cpp                        ┆                                              ┆ 1.11.3       ┆ np2py312h2ed9cc7_17  ┆ robostack-kilted
#16 246.5  │ │  ┆   51.11 KiB │
#16 246.5  │ │ │ ros-kilted-ament-index-python                     ┆                                              ┆ 1.11.3       ┆ np2py312h2ed9cc7_17  ┆ robostack-kilted
#16 246.5  │ │  ┆   29.79 KiB │
#16 246.5  │ │ │ ros-kilted-ament-lint                             ┆                                              ┆ 0.19.2       ┆ np2py312h2ed9cc7_17  ┆ robostack-kilted
#16 246.5  │ │  ┆   17.04 KiB │
#16 246.5  │ │ │ ros-kilted-ament-package                          ┆                                              ┆ 0.17.2       ┆ np2py312h2ed9cc7_17  ┆ robostack-kilted
#16 246.5  │ │  ┆   41.83 KiB │
#16 246.5  │ │ │ ros-kilted-ament-uncrustify                       ┆                                              ┆ 0.19.2       ┆ np2py312h2ed9cc7_17  ┆ robostack-kilted
#16 246.5  │ │  ┆   66.74 KiB │
#16 246.5  │ │ │ ros-kilted-builtin-interfaces                     ┆                                              ┆ 2.3.1        ┆ np2py312h2ed9cc7_17  ┆ robostack-kilted
#16 246.5  │ │  ┆   78.56 KiB │
#16 246.5  │ │ │ ros-kilted-class-loader                           ┆                                              ┆ 2.8.1        ┆ np2py312h2ed9cc7_17  ┆ robostack-kilted
#16 246.5  │ │  ┆   73.28 KiB │
#16 246.5  │ │ │ ros-kilted-composition-interfaces                 ┆                                              ┆ 2.3.1        ┆ np2py312h2ed9cc7_17  ┆ robostack-kilted
#16 246.5  │ │  ┆  222.14 KiB │
#16 246.5  │ │ │ ros-kilted-console-bridge-vendor                  ┆                                              ┆ 1.8.0        ┆ np2py312h2ed9cc7_17  ┆ robostack-kilted
#16 246.5  │ │  ┆   27.22 KiB │
#16 246.5  │ │ │ ros-kilted-cyclonedds                             ┆                                              ┆ 0.10.5       ┆ np2py312h2ed9cc7_17  ┆ robostack-kilted
#16 246.5  │ │  ┆    1.14 MiB │
#16 246.5  │ │ │ ros-kilted-fastcdr                                ┆                                              ┆ 2.3.5        ┆ np2py312h2ed9cc7_17  ┆ robostack-kilted
#16 246.5  │ │  ┆   87.44 KiB │
#16 246.5  │ │ │ ros-kilted-fastdds                                ┆                                              ┆ 3.2.3        ┆ np2py312h2ed9cc7_17  ┆ robostack-kilted
#16 246.5  │ │  ┆    4.82 MiB │
#16 246.5  │ │ │ ros-kilted-foonathan-memory-vendor                ┆                                              ┆ 1.3.1        ┆ np2py312h2ed9cc7_17  ┆ robostack-kilted
#16 246.5  │ │  ┆   18.91 KiB │
#16 246.5  │ │ │ ros-kilted-iceoryx-binding-c                      ┆                                              ┆ 2.0.5        ┆ np2py312h2ed9cc7_17  ┆ robostack-kilted
#16 246.5  │ │  ┆   90.85 KiB │
#16 246.5  │ │ │ ros-kilted-iceoryx-hoofs                          ┆                                              ┆ 2.0.5        ┆ np2py312h2ed9cc7_17  ┆ robostack-kilted
#16 246.5  │ │  ┆  257.68 KiB │
#16 246.5  │ │ │ ros-kilted-iceoryx-posh                           ┆                                              ┆ 2.0.5        ┆ np2py312h2ed9cc7_17  ┆ robostack-kilted
#16 246.5  │ │  ┆  560.52 KiB │
#16 246.5  │ │ │ ros-kilted-libstatistics-collector                ┆                                              ┆ 2.0.1        ┆ np2py312h2ed9cc7_17  ┆ robostack-kilted
#16 246.5  │ │  ┆   57.26 KiB │
#16 246.5  │ │ │ ros-kilted-libyaml-vendor                         ┆                                              ┆ 1.7.1        ┆ np2py312h2ed9cc7_17  ┆ robostack-kilted
#16 246.5  │ │  ┆   29.14 KiB │
#16 246.5  │ │ │ ros-kilted-lifecycle-msgs                         ┆                                              ┆ 2.3.1        ┆ np2py312h2ed9cc7_17  ┆ robostack-kilted
#16 246.5  │ │  ┆  265.29 KiB │
#16 246.5  │ │ │ ros-kilted-message-filters                        ┆                                              ┆ 7.1.6        ┆ np2py312h2ed9cc7_17  ┆ robostack-kilted
#16 246.5  │ │  ┆   86.80 KiB │
#16 246.5  │ │ │ ros-kilted-rcl                                    ┆                                              ┆ 10.1.4       ┆ np2py312h2ed9cc7_17  ┆ robostack-kilted
#16 246.5  │ │  ┆  195.64 KiB │
#16 246.5  │ │ │ ros-kilted-rcl-action                             ┆                                              ┆ 10.1.4       ┆ np2py312h2ed9cc7_17  ┆ robostack-kilted
#16 246.5  │ │  ┆   80.42 KiB │
#16 246.5  │ │ │ ros-kilted-rcl-interfaces                         ┆                                              ┆ 2.3.1        ┆ np2py312h2ed9cc7_17  ┆ robostack-kilted
#16 246.5  │ │  ┆  565.68 KiB │
#16 246.5  │ │ │ ros-kilted-rcl-lifecycle                          ┆                                              ┆ 10.1.4       ┆ np2py312h2ed9cc7_17  ┆ robostack-kilted
#16 246.5  │ │  ┆   57.92 KiB │
#16 246.5  │ │ │ ros-kilted-rcl-logging-interface                  ┆                                              ┆ 3.2.4        ┆ np2py312h2ed9cc7_17  ┆ robostack-kilted
#16 246.5  │ │  ┆   35.68 KiB │
#16 246.5  │ │ │ ros-kilted-rcl-logging-spdlog                     ┆                                              ┆ 3.2.4        ┆ np2py312h918b84f_17  ┆ robostack-kilted
#16 246.5  │ │  ┆   46.12 KiB │
#16 246.5  │ │ │ ros-kilted-rcl-yaml-param-parser                  ┆                                              ┆ 10.1.4       ┆ np2py312h2ed9cc7_17  ┆ robostack-kilted
#16 246.5  │ │  ┆   51.15 KiB │
#16 246.5  │ │ │ ros-kilted-rclcpp                                 ┆                                              ┆ 29.5.7       ┆ np2py312h2ed9cc7_17  ┆ robostack-kilted
#16 246.5  │ │  ┆    1.04 MiB │
#16 246.5  │ │ │ ros-kilted-rclcpp-action                          ┆                                              ┆ 29.5.7       ┆ np2py312h2ed9cc7_17  ┆ robostack-kilted
#16 246.5  │ │  ┆  150.67 KiB │
#16 246.5  │ │ │ ros-kilted-rclcpp-components                      ┆                                              ┆ 29.5.7       ┆ np2py312h2ed9cc7_17  ┆ robostack-kilted
#16 246.5  │ │  ┆  137.96 KiB │
#16 246.5  │ │ │ ros-kilted-rcpputils                              ┆                                              ┆ 2.13.5       ┆ np2py312h2ed9cc7_17  ┆ robostack-kilted
#16 246.5  │ │  ┆   79.27 KiB │
#16 246.5  │ │ │ ros-kilted-rcutils                                ┆                                              ┆ 6.9.10       ┆ np2py312h2ed9cc7_17  ┆ robostack-kilted
#16 246.5  │ │  ┆  121.88 KiB │
#16 246.5  │ │ │ ros-kilted-rmw                                    ┆                                              ┆ 7.8.2        ┆ np2py312h2ed9cc7_17  ┆ robostack-kilted
#16 246.5  │ │  ┆   94.45 KiB │
#16 246.5  │ │ │ ros-kilted-rmw-connextdds                         ┆                                              ┆ 1.1.1        ┆ np2py312h2ed9cc7_17  ┆ robostack-kilted
#16 246.5  │ │  ┆   30.19 KiB │
#16 246.5  │ │ │ ros-kilted-rmw-connextdds-common                  ┆                                              ┆ 1.1.1        ┆ np2py312h2ed9cc7_17  ┆ robostack-kilted
#16 246.5  │ │  ┆   52.90 KiB │
#16 246.5  │ │ │ ros-kilted-rmw-cyclonedds-cpp                     ┆                                              ┆ 4.0.2        ┆ np2py312h2ed9cc7_17  ┆ robostack-kilted
#16 246.5  │ │  ┆  255.17 KiB │
#16 246.5  │ │ │ ros-kilted-rmw-dds-common                         ┆                                              ┆ 5.0.0        ┆ np2py312h2ed9cc7_17  ┆ robostack-kilted
#16 246.5  │ │  ┆  164.50 KiB │
#16 246.5  │ │ │ ros-kilted-rmw-fastrtps-cpp                       ┆                                              ┆ 9.3.3        ┆ np2py312h2ed9cc7_17  ┆ robostack-kilted
#16 246.5  │ │  ┆  150.95 KiB │
#16 246.5  │ │ │ ros-kilted-rmw-fastrtps-dynamic-cpp               ┆                                              ┆ 9.3.3        ┆ np2py312h2ed9cc7_17  ┆ robostack-kilted
#16 246.5  │ │  ┆  172.93 KiB │
#16 246.5  │ │ │ ros-kilted-rmw-fastrtps-shared-cpp                ┆                                              ┆ 9.3.3        ┆ np2py312h2ed9cc7_17  ┆ robostack-kilted
#16 246.5  │ │  ┆  226.52 KiB │
#16 246.5  │ │ │ ros-kilted-rmw-implementation                     ┆                                              ┆ 3.0.6        ┆ np2py312h2ed9cc7_17  ┆ robostack-kilted
#16 246.5  │ │  ┆   52.26 KiB │
#16 246.5  │ │ │ ros-kilted-rmw-implementation-cmake               ┆                                              ┆ 7.8.2        ┆ np2py312h2ed9cc7_17  ┆ robostack-kilted
#16 246.5  │ │  ┆   28.94 KiB │
#16 246.5  │ │ │ ros-kilted-rmw-security-common                    ┆                                              ┆ 7.8.2        ┆ np2py312h2ed9cc7_17  ┆ robostack-kilted
#16 246.5  │ │  ┆   50.05 KiB │
#16 246.5  │ │ │ ros-kilted-ros-environment                        ┆                                              ┆ 4.3.1        ┆ np2py312h2ed9cc7_17  ┆ robostack-kilted
#16 246.5  │ │  ┆   20.85 KiB │
#16 246.5  │ │ │ ros-kilted-rosgraph-msgs                          ┆                                              ┆ 2.3.1        ┆ np2py312h2ed9cc7_17  ┆ robostack-kilted
#16 246.5  │ │  ┆   70.44 KiB │
#16 246.5  │ │ │ ros-kilted-rosidl-adapter                         ┆                                              ┆ 4.9.6        ┆ np2py312h2ed9cc7_17  ┆ robostack-kilted
#16 246.5  │ │  ┆   66.46 KiB │
#16 246.5  │ │ │ ros-kilted-rosidl-cli                             ┆                                              ┆ 4.9.6        ┆ np2py312h2ed9cc7_17  ┆ robostack-kilted
#16 246.5  │ │  ┆   45.24 KiB │
#16 246.5  │ │ │ ros-kilted-rosidl-cmake                           ┆                                              ┆ 4.9.6        ┆ np2py312h2ed9cc7_17  ┆ robostack-kilted
#16 246.5  │ │  ┆   35.50 KiB │
#16 246.5  │ │ │ ros-kilted-rosidl-core-runtime                    ┆                                              ┆ 0.3.2        ┆ np2py312h2ed9cc7_17  ┆ robostack-kilted
#16 246.5  │ │  ┆   29.33 KiB │
#16 246.5  │ │ │ ros-kilted-rosidl-default-runtime                 ┆                                              ┆ 1.7.2        ┆ np2py312h2ed9cc7_17  ┆ robostack-kilted
#16 246.5  │ │  ┆   29.88 KiB │
#16 246.5  │ │ │ ros-kilted-rosidl-dynamic-typesupport             ┆                                              ┆ 0.3.1        ┆ np2py312h2ed9cc7_17  ┆ robostack-kilted
#16 246.5  │ │  ┆   59.43 KiB │
#16 246.5  │ │ │ ros-kilted-rosidl-dynamic-typesupport-fastrtps    ┆                                              ┆ 0.4.2        ┆ np2py312h2ed9cc7_17  ┆ robostack-kilted
#16 246.5  │ │  ┆   80.90 KiB │
#16 246.5  │ │ │ ros-kilted-rosidl-generator-c                     ┆                                              ┆ 4.9.6        ┆ np2py312h2ed9cc7_17  ┆ robostack-kilted
#16 246.5  │ │  ┆   50.87 KiB │
#16 246.5  │ │ │ ros-kilted-rosidl-generator-cpp                   ┆                                              ┆ 4.9.6        ┆ np2py312h2ed9cc7_17  ┆ robostack-kilted
#16 246.5  │ │  ┆   49.20 KiB │
#16 246.5  │ │ │ ros-kilted-rosidl-generator-py                    ┆                                              ┆ 0.24.2       ┆ np2py312h2ed9cc7_17  ┆ robostack-kilted
#16 246.5  │ │  ┆   58.46 KiB │
#16 246.5  │ │ │ ros-kilted-rosidl-generator-rs                    ┆                                              ┆ 0.4.11       ┆ np2py312h2ed9cc7_17  ┆ robostack-kilted
#16 246.5  │ │  ┆   47.05 KiB │
#16 246.5  │ │ │ ros-kilted-rosidl-generator-type-description      ┆                                              ┆ 4.9.6        ┆ np2py312h2ed9cc7_17  ┆ robostack-kilted
#16 246.5  │ │  ┆   45.90 KiB │
#16 246.5  │ │ │ ros-kilted-rosidl-parser                          ┆                                              ┆ 4.9.6        ┆ np2py312h2ed9cc7_17  ┆ robostack-kilted
#16 246.5  │ │  ┆   64.65 KiB │
#16 246.5  │ │ │ ros-kilted-rosidl-pycommon                        ┆                                              ┆ 4.9.6        ┆ np2py312h2ed9cc7_17  ┆ robostack-kilted
#16 246.5  │ │  ┆   26.21 KiB │
#16 246.5  │ │ │ ros-kilted-rosidl-runtime-c                       ┆                                              ┆ 4.9.6        ┆ np2py312h2ed9cc7_17  ┆ robostack-kilted
#16 246.5  │ │  ┆   80.85 KiB │
#16 246.5  │ │ │ ros-kilted-rosidl-runtime-cpp                     ┆                                              ┆ 4.9.6        ┆ np2py312h2ed9cc7_17  ┆ robostack-kilted
#16 246.5  │ │  ┆   40.18 KiB │
#16 246.5  │ │ │ ros-kilted-rosidl-typesupport-c                   ┆                                              ┆ 3.3.3        ┆ np2py312h2ed9cc7_17  ┆ robostack-kilted
#16 246.5  │ │  ┆   49.61 KiB │
#16 246.5  │ │ │ ros-kilted-rosidl-typesupport-cpp                 ┆                                              ┆ 3.3.3        ┆ np2py312h2ed9cc7_17  ┆ robostack-kilted
#16 246.5  │ │  ┆   48.76 KiB │
#16 246.5  │ │ │ ros-kilted-rosidl-typesupport-fastrtps-c          ┆                                              ┆ 3.8.2        ┆ np2py312h2ed9cc7_17  ┆ robostack-kilted
#16 246.5  │ │  ┆   50.31 KiB │
#16 246.5  │ │ │ ros-kilted-rosidl-typesupport-fastrtps-cpp        ┆                                              ┆ 3.8.2        ┆ np2py312h2ed9cc7_17  ┆ robostack-kilted
#16 246.5  │ │  ┆   52.32 KiB │
#16 246.5  │ │ │ ros-kilted-rosidl-typesupport-interface           ┆                                              ┆ 4.9.6        ┆ np2py312h2ed9cc7_17  ┆ robostack-kilted
#16 246.5  │ │  ┆   28.82 KiB │
#16 246.5  │ │ │ ros-kilted-rosidl-typesupport-introspection-c     ┆                                              ┆ 4.9.6        ┆ np2py312h2ed9cc7_17  ┆ robostack-kilted
#16 246.5  │ │  ┆   45.99 KiB │
#16 246.5  │ │ │ ros-kilted-rosidl-typesupport-introspection-cpp   ┆                                              ┆ 4.9.6        ┆ np2py312h2ed9cc7_17  ┆ robostack-kilted
#16 246.5  │ │  ┆   46.24 KiB │
#16 246.5  │ │ │ ros-kilted-rpyutils                               ┆                                              ┆ 0.6.3        ┆ np2py312h2ed9cc7_17  ┆ robostack-kilted
#16 246.5  │ │  ┆   26.66 KiB │
#16 246.5  │ │ │ ros-kilted-rti-connext-dds-cmake-module           ┆                                              ┆ 1.1.1        ┆ np2py312h2ed9cc7_17  ┆ robostack-kilted
#16 246.5  │ │  ┆   31.05 KiB │
#16 246.5  │ │ │ ros-kilted-sensor-msgs                            ┆                                              ┆ 5.5.2        ┆ np2py312h2ed9cc7_17  ┆ robostack-kilted
#16 246.5  │ │  ┆  546.73 KiB │
#16 246.5  │ │ │ ros-kilted-service-msgs                           ┆                                              ┆ 2.3.1        ┆ np2py312h2ed9cc7_17  ┆ robostack-kilted
#16 246.5  │ │  ┆   78.16 KiB │
#16 246.5  │ │ │ ros-kilted-spdlog-vendor                          ┆                                              ┆ 1.7.0        ┆ np2py312h918b84f_17  ┆ robostack-kilted
#16 246.5  │ │  ┆   26.88 KiB │
#16 246.5  │ │ │ ros-kilted-statistics-msgs                        ┆                                              ┆ 2.3.1        ┆ np2py312h2ed9cc7_17  ┆ robostack-kilted
#16 246.5  │ │  ┆  109.07 KiB │
#16 246.5  │ │ │ ros-kilted-std-msgs                               ┆                                              ┆ 5.5.2        ┆ np2py312h2ed9cc7_17  ┆ robostack-kilted
#16 246.5  │ │  ┆  337.96 KiB │
#16 246.5  │ │ │ ros-kilted-tf2                                    ┆                                              ┆ 0.41.6       ┆ np2py312h2ed9cc7_17  ┆ robostack-kilted
#16 246.5  │ │  ┆  133.66 KiB │
#16 246.5  │ │ │ ros-kilted-tf2-msgs                               ┆                                              ┆ 0.41.6       ┆ np2py312h2ed9cc7_17  ┆ robostack-kilted
#16 246.5  │ │  ┆  256.49 KiB │
#16 246.5  │ │ │ ros-kilted-tracetools                             ┆                                              ┆ 8.6.0        ┆ np2py312h2ed9cc7_17  ┆ robostack-kilted
#16 246.5  │ │  ┆   74.56 KiB │
#16 246.5  │ │ │ ros-kilted-type-description-interfaces            ┆                                              ┆ 2.3.1        ┆ np2py312h2ed9cc7_17  ┆ robostack-kilted
#16 246.5  │ │  ┆  233.30 KiB │
#16 246.5  │ │ │ ros-kilted-uncrustify-vendor                      ┆                                              ┆ 3.1.0        ┆ np2py312h2ed9cc7_17  ┆ robostack-kilted
#16 246.5  │ │  ┆   22.64 KiB │
#16 246.5  │ │ │ ros-kilted-unique-identifier-msgs                 ┆                                              ┆ 2.7.0        ┆ np2py312h2ed9cc7_17  ┆ robostack-kilted
#16 246.5  │ │  ┆   72.52 KiB │
#16 246.5  │ │ │ setuptools                                        ┆                                              ┆ 82.0.1       ┆ pyh332efcf_0         ┆ conda-forge     
#16 246.5  │ │  ┆  624.70 KiB │
#16 246.5  │ │ │ six                                               ┆                                              ┆ 1.17.0       ┆ pyhe01879c_1         ┆ conda-forge     
#16 246.5  │ │  ┆   18.02 KiB │
#16 246.5  │ │ │ snowballstemmer                                   ┆                                              ┆ 3.0.1        ┆ pyhd8ed1ab_0         ┆ conda-forge     
#16 246.5  │ │  ┆   71.30 KiB │
#16 246.5  │ │ │ spdlog                                            ┆                                              ┆ 1.17.0       ┆ hab81395_1           ┆ conda-forge     
#16 246.5  │ │  ┆  192.07 KiB │
#16 246.5  │ │ │ tinyxml2                                          ┆                                              ┆ 11.0.0       ┆ h3f2d84a_0           ┆ conda-forge     
#16 246.5  │ │  ┆  128.27 KiB │
#16 246.5  │ │ │ tk                                                ┆                                              ┆ 8.6.13       ┆ noxft_h366c992_103   ┆ conda-forge     
#16 246.5  │ │  ┆    3.15 MiB │
#16 246.5  │ │ │ tomli                                             ┆                                              ┆ 2.4.1        ┆ pyhcf101f3_0         ┆ conda-forge     
#16 246.5  │ │  ┆   21.06 KiB │
#16 246.5  │ │ │ typing_extensions                                 ┆                                              ┆ 4.15.0       ┆ pyhcf101f3_0         ┆ conda-forge     
#16 246.5  │ │  ┆   50.48 KiB │
#16 246.5  │ │ │ tzdata                                            ┆                                              ┆ 2025c        ┆ hc9c84f9_1           ┆ conda-forge     
#16 246.5  │ │  ┆  116.34 KiB │
#16 246.5  │ │ │ uncrustify                                        ┆                                              ┆ 0.81.0       ┆ h54a6638_2           ┆ conda-forge     
#16 246.5  │ │  ┆  707.61 KiB │
#16 246.5  │ │ │ wheel                                             ┆                                              ┆ 0.47.0       ┆ pyhd8ed1ab_0         ┆ conda-forge     
#16 246.5  │ │  ┆   32.71 KiB │
#16 246.5  │ │ │ yaml                                              ┆                                              ┆ 0.2.5        ┆ h280c20c_3           ┆ conda-forge     
#16 246.5  │ │  ┆   83.19 KiB │
#16 246.5  │ │ │ yaml-cpp                                          ┆                                              ┆ 0.8.0        ┆ h3f2d84a_0           ┆ conda-forge     
#16 246.5  │ │  ┆  218.29 KiB │
#16 246.5  │ │ │ zipp                                              ┆                                              ┆ 3.23.1       ┆ pyhcf101f3_0         ┆ conda-forge     
#16 246.5  │ │  ┆   23.89 KiB │
#16 246.5  │ │ │ zstd                                              ┆                                              ┆ 1.5.7        ┆ hb78ec9c_6           ┆ conda-forge     
#16 246.5  │ │  ┆  587.28 KiB │
#16 246.5  │ │ ╰───────────────────────────────────────────────────┴──────────────────────────────────────────────┴──────────────┴──────────────────────┴─────────────────
#16 246.5  │ │ ─┴─────────────╯
#16 246.5  │ │ Resolved run dependencies(ros-kilted-aic-foxglove-0.1.0-hb0f4dca_0):
#16 246.5  │ │ ╭───────────────────────────────┬──────────────────────────────────────────────────────╮
#16 246.5  │ │ │ Name                          ┆ Spec                                                 │
#16 246.5  │ │ ╞═══════════════════════════════╪══════════════════════════════════════════════════════╡
#16 246.5  │ │ │ Run dependencies              ┆                                                      │
#16 246.5  │ │ │ libgcc                        ┆ >=15 (RE of [build: gcc_linux-64])                   │
#16 246.5  │ │ │                               ┆ >=15 (RE of [build: gxx_linux-64])                   │
#16 246.5  │ │ │ libstdcxx                     ┆ >=15 (RE of [build: gxx_linux-64])                   │
#16 246.5  │ │ │ numpy                         ┆ >=1.23,<3 (RE of [host: numpy])                      │
#16 246.5  │ │ │ python_abi                    ┆ 3.12.* *_cp312 (RE of [host: python])                │
#16 246.5  │ │ │ ros-kilted-geometry-msgs      ┆ *                                                    │
#16 246.5  │ │ │ ros-kilted-rclpy              ┆ *                                                    │
#16 246.5  │ │ │ ros-kilted-tf2-ros            ┆ *                                                    │
#16 246.5  │ │ │ ros-kilted-visualization-msgs ┆ *                                                    │
#16 246.5  │ │ │ ros2-distro-mutex             ┆ *                                                    │
#16 246.5  │ │ │                               ┆ >=0.14.0,<0.15.0a0 (RE of [host: ros2-distro-mutex]) │
#16 246.5  │ │ ╰───────────────────────────────┴──────────────────────────────────────────────────────╯
#16 246.5  │ │
#16 246.5  │ ╰─────────────────── (took 0 seconds)
#16 247.3  │
#16 247.3  │ ╭─ Running build script
#16 247.3  │ │ INFO: activate-binutils_linux-64.sh made the following environmental changes:
#16 247.3  │ │ +ADDR2LINE=x86_64-conda-linux-gnu-addr2line
#16 247.3  │ │ +AR=x86_64-conda-linux-gnu-ar
#16 247.3  │ │ +AS=x86_64-conda-linux-gnu-as
#16 247.3  │ │ +CXXFILT=x86_64-conda-linux-gnu-c++filt
#16 247.4  │ │ +ELFEDIT=x86_64-conda-linux-gnu-elfedit
#16 247.4  │ │ +GPROF=x86_64-conda-linux-gnu-gprof
#16 247.4  │ │ +LD=x86_64-conda-linux-gnu-ld
#16 247.4  │ │ +NM=x86_64-conda-linux-gnu-nm
#16 247.4  │ │ +OBJCOPY=x86_64-conda-linux-gnu-objcopy
#16 247.4  │ │ +OBJDUMP=x86_64-conda-linux-gnu-objdump
#16 247.4  │ │ +RANLIB=x86_64-conda-linux-gnu-ranlib
#16 247.4  │ │ +READELF=x86_64-conda-linux-gnu-readelf
#16 247.4  │ │ +SIZE=x86_64-conda-linux-gnu-size
#16 247.4  │ │ +STRINGS=x86_64-conda-linux-gnu-strings
#16 247.4  │ │ +STRIP=x86_64-conda-linux-gnu-strip
#16 247.4  │ │ INFO: activate-gcc_linux-64.sh made the following environmental changes:
#16 247.4  │ │ +BUILD=x86_64-conda-linux-gnu
#16 247.4  │ │ +CC=x86_64-conda-linux-gnu-cc
#16 247.4  │ │ +CC_FOR_BUILD=x86_64-conda-linux-gnu-cc
#16 247.4  │ │ +CFLAGS=-march=nocona -mtune=haswell -ftree-vectorize -fPIC -fstack-protector-strong -fno-plt -O2 -ffunction-sections -pipe -isystem $PREFIX/include -fdebu
#16 247.4  │ │ g-prefix-map=$SRC_DIR=/usr/local/src/conda/ros-kilted-aic-foxglove-0.1.0 -fdebug-prefix-map=$PREFIX=/usr/local/src/conda-prefix
#16 247.4  │ │ +CMAKE_ARGS=-DCMAKE_AR=$BUILD_PREFIX/bin/x86_64-conda-linux-gnu-ar -DCMAKE_CXX_COMPILER_AR=$BUILD_PREFIX/bin/x86_64-conda-linux-gnu-gcc-ar -DCMAKE_C_COMPIL
#16 247.4  │ │ ER_AR=$BUILD_PREFIX/bin/x86_64-conda-linux-gnu-gcc-ar -DCMAKE_RANLIB=$BUILD_PREFIX/bin/x86_64-conda-linux-gnu-ranlib -DCMAKE_CXX_COMPILER_RANLIB=$BUILD_PRE
#16 247.4  │ │ FIX/bin/x86_64-conda-linux-gnu-gcc-ranlib -DCMAKE_C_COMPILER_RANLIB=$BUILD_PREFIX/bin/x86_64-conda-linux-gnu-gcc-ranlib -DCMAKE_LINKER=$BUILD_PREFIX/bin/x8
#16 247.4  │ │ 6_64-conda-linux-gnu-ld -DCMAKE_STRIP=$BUILD_PREFIX/bin/x86_64-conda-linux-gnu-strip -DCMAKE_BUILD_TYPE=Release -DCMAKE_FIND_ROOT_PATH_MODE_PROGRAM=NEVER -
#16 247.4  │ │ DCMAKE_FIND_ROOT_PATH_MODE_LIBRARY=ONLY -DCMAKE_FIND_ROOT_PATH_MODE_INCLUDE=ONLY -DCMAKE_FIND_ROOT_PATH=$PREFIX;$BUILD_PREFIX/x86_64-conda-linux-gnu/sysroo
#16 247.4  │ │ t -DCMAKE_INSTALL_PREFIX=$PREFIX -DCMAKE_INSTALL_LIBDIR=lib -DCMAKE_PROGRAM_PATH=$BUILD_PREFIX/bin;$PREFIX/bin
#16 247.4  │ │ +CMAKE_PREFIX_PATH=$PREFIX:$BUILD_PREFIX/x86_64-conda-linux-gnu/sysroot/usr
#16 247.4  │ │ +CONDA_BUILD_CROSS_COMPILATION=
#16 247.4  │ │ +CONDA_BUILD_SYSROOT=$BUILD_PREFIX/x86_64-conda-linux-gnu/sysroot
#16 247.4  │ │ +CONDA_TOOLCHAIN_BUILD=x86_64-conda-linux-gnu
#16 247.4  │ │ +CONDA_TOOLCHAIN_HOST=x86_64-conda-linux-gnu
#16 247.4  │ │ +CPP=x86_64-conda-linux-gnu-cpp
#16 247.4  │ │ +CPPFLAGS=-DNDEBUG -D_FORTIFY_SOURCE=2 -O2 -isystem $PREFIX/include
#16 247.4  │ │ +CPP_FOR_BUILD=x86_64-conda-linux-gnu-cpp
#16 247.4  │ │ +DEBUG_CFLAGS=-march=nocona -mtune=haswell -ftree-vectorize -fPIC -fstack-protector-all -fno-plt -Og -g -Wall -Wextra -fvar-tracking-assignments -ffunction
#16 247.4  │ │ -sections -pipe -isystem $PREFIX/include -fdebug-prefix-map=$SRC_DIR=/usr/local/src/conda/ros-kilted-aic-foxglove-0.1.0 -fdebug-prefix-map=$PREFIX=/usr/loc
#16 247.4  │ │ al/src/conda-prefix
#16 247.4  │ │ +DEBUG_CPPFLAGS=-D_DEBUG -D_FORTIFY_SOURCE=2 -Og -isystem $PREFIX/include
#16 247.4  │ │ +GCC=x86_64-conda-linux-gnu-gcc
#16 247.4  │ │ +GCC_AR=x86_64-conda-linux-gnu-gcc-ar
#16 247.4  │ │ +GCC_NM=x86_64-conda-linux-gnu-gcc-nm
#16 247.4  │ │ +GCC_RANLIB=x86_64-conda-linux-gnu-gcc-ranlib
#16 247.4  │ │ +HOST=x86_64-conda-linux-gnu
#16 247.4  │ │ +LDFLAGS=-Wl,-O2 -Wl,--sort-common -Wl,--as-needed -Wl,-z,relro -Wl,-z,now -Wl,--disable-new-dtags -Wl,--gc-sections -Wl,--allow-shlib-undefined -Wl,-rpath
#16 247.4  │ │ ,$PREFIX/lib -Wl,-rpath-link,$PREFIX/lib -L$PREFIX/lib
#16 247.4  │ │ +LDFLAGS_LD=-O2 --sort-common --as-needed -z relro -z now --disable-new-dtags --gc-sections --allow-shlib-undefined -rpath $PREFIX/lib -rpath-link $PREFIX/
#16 247.4  │ │ lib -L$PREFIX/lib
#16 247.4  │ │ +MESON_ARGS=-Dbuildtype=release --prefix=$PREFIX -Dlibdir=lib
#16 247.4  │ │ +build_alias=x86_64-conda-linux-gnu
#16 247.4  │ │ +host_alias=x86_64-conda-linux-gnu
#16 247.4  │ │ -BUILD=x86_64-conda_cos6-linux-gnu
#16 247.4  │ │ -CONDA_BUILD_CROSS_COMPILATION=0
#16 247.4  │ │ INFO: activate-gxx_linux-64.sh made the following environmental changes:
#16 247.4  │ │ +CXX=x86_64-conda-linux-gnu-c++
#16 247.4  │ │ +CXXFLAGS=-fvisibility-inlines-hidden -fmessage-length=0 -march=nocona -mtune=haswell -ftree-vectorize -fPIC -fstack-protector-strong -fno-plt -O2 -ffuncti
#16 247.4  │ │ on-sections -pipe -isystem $PREFIX/include -fdebug-prefix-map=$SRC_DIR=/usr/local/src/conda/ros-kilted-aic-foxglove-0.1.0 -fdebug-prefix-map=$PREFIX=/usr/l
#16 247.4  │ │ ocal/src/conda-prefix
#16 247.4  │ │ +CXX_FOR_BUILD=x86_64-conda-linux-gnu-c++
#16 247.4  │ │ +DEBUG_CXXFLAGS=-fvisibility-inlines-hidden -fmessage-length=0 -march=nocona -mtune=haswell -ftree-vectorize -fPIC -fstack-protector-all -fno-plt -Og -g -W
#16 247.4  │ │ all -Wextra -fvar-tracking-assignments -ffunction-sections -pipe -isystem $PREFIX/include -fdebug-prefix-map=$SRC_DIR=/usr/local/src/conda/ros-kilted-aic-f
#16 247.4  │ │ oxglove-0.1.0 -fdebug-prefix-map=$PREFIX=/usr/local/src/conda-prefix
#16 247.4  │ │ +GXX=x86_64-conda-linux-gnu-g++
#16 247.6  │ │ /ws_aic/src/aic/aic_utils/aic_foxglove $SRC_DIR
#16 247.6  │ │ WARNING: setup.cfg not set, will set INSTALL_SCRIPTS_ARG to: --install-scripts=$PREFIX/lib/aic_foxglove
#16 248.6  │ │ $PREFIX/lib/python3.12/site-packages/setuptools/_distutils/dist.py:287: UserWarning: Unknown distribution option: 'tests_require'
#16 248.6  │ │   warnings.warn(msg)
#16 248.7  │ │ running install
#16 248.7  │ │ $PREFIX/lib/python3.12/site-packages/setuptools/_distutils/cmd.py:90: SetuptoolsDeprecationWarning: setup.py install is deprecated.
#16 248.7  │ │ !!
#16 248.7  │ │         ********************************************************************************
#16 248.7  │ │         Please avoid running ``setup.py`` directly.
#16 248.7  │ │         Instead, use pypa/build, pypa/installer or other
#16 248.7  │ │         standards-based tools.
#16 248.7  │ │         This deprecation is overdue, please update your project and remove deprecated
#16 248.7  │ │         calls to avoid build errors in the future.
#16 248.7  │ │         See https://blog.ganssle.io/articles/2021/10/setup-py-deprecated.html for details.
#16 248.7  │ │         ********************************************************************************
#16 248.7  │ │ !!
#16 248.7  │ │   self.initialize_options()
#16 248.7  │ │ running build
#16 248.7  │ │ running build_py
#16 248.7  │ │ creating build/lib/aic_foxglove
#16 248.8  │ │ copying aic_foxglove/__init__.py -> build/lib/aic_foxglove
#16 248.8  │ │ copying aic_foxglove/publish_scene_markers.py -> build/lib/aic_foxglove
#16 248.8  │ │ running install_lib
#16 248.8  │ │ creating $PREFIX/lib/python3.12/site-packages/aic_foxglove
#16 248.8  │ │ copying build/lib/aic_foxglove/__init__.py -> $PREFIX/lib/python3.12/site-packages/aic_foxglove
#16 248.8  │ │ copying build/lib/aic_foxglove/publish_scene_markers.py -> $PREFIX/lib/python3.12/site-packages/aic_foxglove
#16 248.9  │ │ byte-compiling $PREFIX/lib/python3.12/site-packages/aic_foxglove/__init__.py to __init__.cpython-312.pyc
#16 248.9  │ │ byte-compiling $PREFIX/lib/python3.12/site-packages/aic_foxglove/publish_scene_markers.py to publish_scene_markers.cpython-312.pyc
#16 248.9  │ │ running install_data
#16 248.9  │ │ copying resource/aic_foxglove -> $PREFIX/share/ament_index/resource_index/packages
#16 248.9  │ │ creating $PREFIX/share/aic_foxglove
#16 248.9  │ │ copying package.xml -> $PREFIX/share/aic_foxglove
#16 248.9  │ │ running install_egg_info
#16 249.0  │ │ running egg_info
#16 249.0  │ │ creating aic_foxglove.egg-info
#16 249.0  │ │ writing aic_foxglove.egg-info/PKG-INFO
#16 249.0  │ │ writing dependency_links to aic_foxglove.egg-info/dependency_links.txt
#16 249.0  │ │ writing entry points to aic_foxglove.egg-info/entry_points.txt
#16 249.0  │ │ writing requirements to aic_foxglove.egg-info/requires.txt
#16 249.0  │ │ writing top-level names to aic_foxglove.egg-info/top_level.txt
#16 249.0  │ │ writing manifest file 'aic_foxglove.egg-info/SOURCES.txt'
#16 249.0  │ │ reading manifest file 'aic_foxglove.egg-info/SOURCES.txt'
#16 249.0  │ │ writing manifest file 'aic_foxglove.egg-info/SOURCES.txt'
#16 249.0  │ │ Copying aic_foxglove.egg-info to $PREFIX/lib/python3.12/site-packages/aic_foxglove-0.1.0-py3.12.egg-info
#16 249.0  │ │ running install_scripts
#16 249.0  │ │ Installing publish_scene_markers script to $PREFIX/lib/aic_foxglove
#16 249.0  │ │ writing list of installed files to 'files.txt'
#16 249.1  │ │
#16 249.1  │ ╰─────────────────── (took 2 seconds)
#16 249.5  │
#16 249.5  │ ╭─ Packaging new files
#16 249.5  │ │ Copying done!
#16 249.7  │ │ Post-processing done!
#16 249.7  │ │ Writing test files
#16 249.7  │ │ Writing metadata for package
#16 249.7  │ │ Copying license files
#16 249.7  │ │ Copying recipe files
#16 249.7  │ │ 
#16 249.7  │ │ Files in package:
#16 249.7  │ │   ├─ lib/aic_foxglove/publish_scene_markers (1.22 KiB) [prefix:text]
#16 249.7  │ │   ├─ lib/python3.12/site-packages/aic_foxglove/__init__.py (20 B)
#16 249.7  │ │   ├─ lib/python3.12/site-packages/aic_foxglove/__pycache__/__init__.cpython-312.pyc (409 B)
#16 249.7  │ │   ├─ lib/python3.12/site-packages/aic_foxglove/__pycache__/publish_scene_markers.cpython-312.pyc (6.25 KiB)
#16 249.7  │ │   ├─ lib/python3.12/site-packages/aic_foxglove/publish_scene_markers.py (4.75 KiB)
#16 249.7  │ │   ├─ lib/python3.12/site-packages/aic_foxglove-0.1.0-py3.12.egg-info/PKG-INFO (307 B)
#16 249.7  │ │   ├─ lib/python3.12/site-packages/aic_foxglove-0.1.0-py3.12.egg-info/SOURCES.txt (364 B)
#16 249.7  │ │   ├─ lib/python3.12/site-packages/aic_foxglove-0.1.0-py3.12.egg-info/dependency_links.txt (1 B)
#16 249.7  │ │   ├─ lib/python3.12/site-packages/aic_foxglove-0.1.0-py3.12.egg-info/entry_points.txt (82 B)
#16 249.7  │ │   ├─ lib/python3.12/site-packages/aic_foxglove-0.1.0-py3.12.egg-info/requires.txt (11 B)
#16 249.7  │ │   ├─ lib/python3.12/site-packages/aic_foxglove-0.1.0-py3.12.egg-info/top_level.txt (13 B)
#16 249.7  │ │   ├─ lib/python3.12/site-packages/aic_foxglove-0.1.0-py3.12.egg-info/zip-safe (1 B)
#16 249.7  │ │   ├─ share/aic_foxglove/package.xml (752 B)
#16 249.7  │ │   ├─ share/ament_index/resource_index/packages/aic_foxglove (24 B)
#16 249.7  │ │   ├─ info/about.json (136 B)
#16 249.7  │ │   ├─ info/hash_input.json (31 B)
#16 249.7  │ │   ├─ info/index.json (508 B)
#16 249.7  │ │   ├─ info/paths.json (3.64 KiB)
#16 249.7  │ │   └─ info/tests/tests.yaml (3 B)
#16 249.7  │ │ 
#16 249.7  │ │ Package statistics: 19 files (14 content, 5 metadata), total size: 18.46 KiB
#16 249.7  │ │ Largest files:
#16 249.7  │ │   6.25 KiB - lib/python3.12/site-packages/aic_foxglove/__pycache__/publish_scene_markers.cpython-312.pyc
#16 249.7  │ │   4.75 KiB - lib/python3.12/site-packages/aic_foxglove/publish_scene_markers.py
#16 249.7  │ │   1.22 KiB - lib/aic_foxglove/publish_scene_markers
#16 249.7  │ │   752 B - share/aic_foxglove/package.xml
#16 249.7  │ │   409 B - lib/python3.12/site-packages/aic_foxglove/__pycache__/__init__.cpython-312.pyc
#16 249.7  │ │ Creating target folder '/ws_aic/src/aic/.pixi/build/work/ros-kilted-aic-foxglove-sueVt83vV3k-thgBGAeBgEM/output/linux-64'
#16 249.7  │ │ Compressing archive...
#16 249.7  │ │ Archive written to '/ws_aic/src/aic/.pixi/build/work/ros-kilted-aic-foxglove-sueVt83vV3k-thgBGAeBgEM/output/linux-64/ros-kilted-aic-foxglove-0.1.0-hb0f4dca
#16 249.7  │ │ _0.conda'
#16 249.8  │ │
#16 249.8  │ ╰─────────────────── (took 1 second)
#16 249.8  │
#16 249.8  ╰─────────────────── (took 4 seconds)
#16 254.7 
#16 254.7  ╭─ Running build for recipe: ros-kilted-aic-model-interfaces-0.0.1-hb0f4dca_0
#16 254.7  │
#16 254.7  │ ╭─ Fetching source code
#16 254.7  │ │ No sources to fetch
#16 254.7  │ │
#16 254.7  │ ╰─────────────────── (took 0 seconds)
#16 254.8  │
#16 254.8  │ ╭─ Externally resolved dependencies recipe: ros-kilted-aic-model-interfaces-0.0.1-hb0f4dca_0
#16 254.8  │ │ 
#16 254.8  │ │ Resolved build dependencies(ros-kilted-aic-model-interfaces-0.0.1-hb0f4dca_0):
#16 254.8  │ │ ╭───────────────────────────────────────────────────┬──────────────────────────────────────┬──────────────┬──────────────────────┬──────────────────┬──────
#16 254.8  │ │ ───────╮
#16 254.8  │ │ │ Package                                           ┆ Spec                                 ┆ Version      ┆ Build                ┆ Channel          ┆      
#16 254.8  │ │   Size │
#16 254.8  │ │ ╞═══════════════════════════════════════════════════╪══════════════════════════════════════╪══════════════╪══════════════════════╪══════════════════╪══════
#16 254.8  │ │ ═══════╡
#16 254.8  │ │ │ cmake                                             ┆ cmake                                ┆ 4.3.2        ┆ hc85cc9f_0           ┆ conda-forge      ┆   22.
#16 254.8  │ │ 01 MiB │
#16 254.8  │ │ │ coreutils                                         ┆ coreutils                            ┆ 9.5          ┆ hd590300_0           ┆ conda-forge      ┆    2.
#16 254.8  │ │ 87 MiB │
#16 254.8  │ │ │ cpython                                           ┆ cpython                              ┆ 3.12.13      ┆ py312hd8ed1ab_0      ┆ conda-forge      ┆   45.
#16 254.8  │ │ 37 KiB │
#16 254.8  │ │ │ gcc_linux-64                                      ┆ gcc_linux-64                         ┆ 15.2.0       ┆ h7be306e_24          ┆ conda-forge      ┆   28.
#16 254.8  │ │ 40 KiB │
#16 254.8  │ │ │ git                                               ┆ git                                  ┆ 2.53.0       ┆ pl5321h6d3cee1_0     ┆ conda-forge      ┆   10.
#16 254.8  │ │ 92 MiB │
#16 254.8  │ │ │ git-lfs                                           ┆ git-lfs                              ┆ 3.7.1        ┆ ha8f183a_1           ┆ conda-forge      ┆    4.
#16 254.8  │ │ 23 MiB │
#16 254.8  │ │ │ gxx_linux-64                                      ┆ gxx_linux-64                         ┆ 15.2.0       ┆ he30e93d_24          ┆ conda-forge      ┆   26.
#16 254.8  │ │ 96 KiB │
#16 254.8  │ │ │ make                                              ┆ make                                 ┆ 4.4.1        ┆ hb9d3cd8_2           ┆ conda-forge      ┆  501.
#16 254.8  │ │ 06 KiB │
#16 254.8  │ │ │ ninja                                             ┆ ninja                                ┆ 1.13.2       ┆ h171cf75_0           ┆ conda-forge      ┆  181.
#16 254.8  │ │ 96 KiB │
#16 254.8  │ │ │ patch                                             ┆ patch                                ┆ 2.8          ┆ hb03c661_1002        ┆ conda-forge      ┆  114.
#16 254.8  │ │ 47 KiB │
#16 254.8  │ │ │ python                                            ┆ python                               ┆ 3.12.13      ┆ hd63d673_0_cpython   ┆ conda-forge      ┆   30.
#16 254.8  │ │ 14 MiB │
#16 254.8  │ │ │ ros-kilted-aic-control-interfaces                 ┆ ros-kilted-aic-control-interfaces    ┆ 0.0.1        ┆ hb0f4dca_0           ┆                  ┆      
#16 254.8  │ │        │
#16 254.8  │ │ │ ros-kilted-ament-cmake                            ┆ ros-kilted-ament-cmake               ┆ 2.7.5        ┆ np2py312h2ed9cc7_17  ┆ robostack-kilted ┆   22.
#16 254.8  │ │ 73 KiB │
#16 254.8  │ │ │ ros-kilted-ament-lint-auto                        ┆ ros-kilted-ament-lint-auto           ┆ 0.19.2       ┆ np2py312h2ed9cc7_17  ┆ robostack-kilted ┆   21.
#16 254.8  │ │ 47 KiB │
#16 254.8  │ │ │ ros-kilted-ament-lint-common                      ┆ ros-kilted-ament-lint-common         ┆ 0.19.2       ┆ np2py312h2ed9cc7_17  ┆ robostack-kilted ┆   21.
#16 254.8  │ │ 79 KiB │
#16 254.8  │ │ │ ros-kilted-builtin-interfaces                     ┆ ros-kilted-builtin-interfaces        ┆ 2.3.1        ┆ np2py312h2ed9cc7_17  ┆ robostack-kilted ┆   78.
#16 254.8  │ │ 56 KiB │
#16 254.8  │ │ │ ros-kilted-geometry-msgs                          ┆ ros-kilted-geometry-msgs             ┆ 5.5.2        ┆ np2py312h2ed9cc7_17  ┆ robostack-kilted ┆  376.
#16 254.8  │ │ 74 KiB │
#16 254.8  │ │ │ ros-kilted-ros-workspace                          ┆ ros-kilted-ros-workspace             ┆ 1.0.3        ┆ np2py312h2ed9cc7_17  ┆ robostack-kilted ┆   34.
#16 254.8  │ │ 44 KiB │
#16 254.8  │ │ │ ros-kilted-rosidl-default-generators              ┆ ros-kilted-rosidl-default-generators ┆ 1.7.2        ┆ np2py312h2ed9cc7_17  ┆ robostack-kilted ┆   30.
#16 254.8  │ │ 46 KiB │
#16 254.8  │ │ │ ros-kilted-sensor-msgs                            ┆ ros-kilted-sensor-msgs               ┆ 5.5.2        ┆ np2py312h2ed9cc7_17  ┆ robostack-kilted ┆  546.
#16 254.8  │ │ 73 KiB │
#16 254.8  │ │ │ ros-kilted-std-msgs                               ┆ ros-kilted-std-msgs                  ┆ 5.5.2        ┆ np2py312h2ed9cc7_17  ┆ robostack-kilted ┆  337.
#16 254.8  │ │ 96 KiB │
#16 254.8  │ │ │ ros-kilted-trajectory-msgs                        ┆ ros-kilted-trajectory-msgs           ┆ 5.5.2        ┆ np2py312h2ed9cc7_17  ┆ robostack-kilted ┆  148.
#16 254.8  │ │ 10 KiB │
#16 254.8  │ │ │ setuptools                                        ┆ setuptools                           ┆ 82.0.1       ┆ pyh332efcf_0         ┆ conda-forge      ┆  624.
#16 254.8  │ │ 70 KiB │
#16 254.8  │ │ │ _openmp_mutex                                     ┆                                      ┆ 4.5          ┆ 20_gnu               ┆ conda-forge      ┆   28.
#16 254.8  │ │ 27 KiB │
#16 254.8  │ │ │ argcomplete                                       ┆                                      ┆ 3.6.3        ┆ pyhd8ed1ab_0         ┆ conda-forge      ┆   41.
#16 254.8  │ │ 39 KiB │
#16 254.8  │ │ │ binutils_impl_linux-64                            ┆                                      ┆ 2.45.1       ┆ default_hfdba357_102 ┆ conda-forge      ┆    3.
#16 254.8  │ │ 49 MiB │
#16 254.8  │ │ │ binutils_linux-64                                 ┆                                      ┆ 2.45.1       ┆ default_h4852527_102 ┆ conda-forge      ┆   35.
#16 254.8  │ │ 45 KiB │
#16 254.8  │ │ │ bzip2                                             ┆                                      ┆ 1.0.8        ┆ hda65f42_9           ┆ conda-forge      ┆  254.
#16 254.8  │ │ 08 KiB │
#16 254.8  │ │ │ c-ares                                            ┆                                      ┆ 1.34.6       ┆ hb03c661_0           ┆ conda-forge      ┆  203.
#16 254.8  │ │ 01 KiB │
#16 254.8  │ │ │ ca-certificates                                   ┆                                      ┆ 2026.4.22    ┆ hbd8a1cb_0           ┆ conda-forge      ┆  127.
#16 254.8  │ │ 97 KiB │
#16 254.8  │ │ │ catkin_pkg                                        ┆                                      ┆ 1.1.0        ┆ pyhd8ed1ab_0         ┆ conda-forge      ┆   52.
#16 254.8  │ │ 84 KiB │
#16 254.8  │ │ │ cppcheck                                          ┆                                      ┆ 2.20.1       ┆ py312h014360a_0      ┆ conda-forge      ┆    2.
#16 254.8  │ │ 96 MiB │
#16 254.8  │ │ │ docutils                                          ┆                                      ┆ 0.22.4       ┆ pyhd8ed1ab_0         ┆ conda-forge      ┆  427.
#16 254.8  │ │ 74 KiB │
#16 254.8  │ │ │ empy                                              ┆                                      ┆ 3.3.4        ┆ pyh9f0ad1d_1         ┆ conda-forge      ┆   39.
#16 254.8  │ │ 27 KiB │
#16 254.8  │ │ │ flake8                                            ┆                                      ┆ 7.3.0        ┆ pyhd8ed1ab_0         ┆ conda-forge      ┆  109.
#16 254.8  │ │ 29 KiB │
#16 254.8  │ │ │ flake8-builtins                                   ┆                                      ┆ 3.1.0        ┆ pyhd8ed1ab_0         ┆ conda-forge      ┆   19.
#16 254.8  │ │ 04 KiB │
#16 254.8  │ │ │ flake8-comprehensions                             ┆                                      ┆ 3.17.0       ┆ pyhd8ed1ab_0         ┆ conda-forge      ┆   13.
#16 254.8  │ │ 72 KiB │
#16 254.8  │ │ │ flake8-docstrings                                 ┆                                      ┆ 1.7.0        ┆ pyhd8ed1ab_0         ┆ conda-forge      ┆   10.
#16 254.8  │ │ 15 KiB │
#16 254.8  │ │ │ flake8-import-order                               ┆                                      ┆ 0.19.2       ┆ pyhd8ed1ab_0         ┆ conda-forge      ┆   20.
#16 254.8  │ │ 55 KiB │
#16 254.8  │ │ │ flake8-quotes                                     ┆                                      ┆ 3.4.0        ┆ pyhd8ed1ab_1         ┆ conda-forge      ┆   14.
#16 254.8  │ │ 43 KiB │
#16 254.8  │ │ │ gcc_impl_linux-64                                 ┆                                      ┆ 15.2.0       ┆ he420e7e_18          ┆ conda-forge      ┆   78.
#16 254.8  │ │ 02 MiB │
#16 254.8  │ │ │ gxx_impl_linux-64                                 ┆                                      ┆ 15.2.0       ┆ hda75c37_18          ┆ conda-forge      ┆   14.
#16 254.8  │ │ 87 MiB │
#16 254.8  │ │ │ icu                                               ┆                                      ┆ 78.3         ┆ h33c6efd_0           ┆ conda-forge      ┆   12.
#16 254.8  │ │ 13 MiB │
#16 254.8  │ │ │ importlib-metadata                                ┆                                      ┆ 8.8.0        ┆ pyhcf101f3_0         ┆ conda-forge      ┆   33.
#16 254.8  │ │ 58 KiB │
#16 254.8  │ │ │ importlib_resources                               ┆                                      ┆ 7.1.0        ┆ pyhd8ed1ab_0         ┆ conda-forge      ┆   33.
#16 254.8  │ │ 99 KiB │
#16 254.8  │ │ │ kernel-headers_linux-64                           ┆                                      ┆ 4.18.0       ┆ he073ed8_9           ┆ conda-forge      ┆    1.
#16 254.8  │ │ 22 MiB │
#16 254.8  │ │ │ keyutils                                          ┆                                      ┆ 1.6.3        ┆ hb9d3cd8_0           ┆ conda-forge      ┆  130.
#16 254.8  │ │ 95 KiB │
#16 254.8  │ │ │ krb5                                              ┆                                      ┆ 1.22.2       ┆ ha1258a1_0           ┆ conda-forge      ┆    1.
#16 254.8  │ │ 32 MiB │
#16 254.8  │ │ │ lark-parser                                       ┆                                      ┆ 0.12.0       ┆ pyhd8ed1ab_1         ┆ conda-forge      ┆   84.
#16 254.8  │ │ 12 KiB │
#16 254.8  │ │ │ ld_impl_linux-64                                  ┆                                      ┆ 2.45.1       ┆ default_hbd61a6d_102 ┆ conda-forge      ┆  710.
#16 254.8  │ │ 94 KiB │
#16 254.8  │ │ │ libblas                                           ┆                                      ┆ 3.11.0       ┆ 6_h4a7cf45_openblas  ┆ conda-forge      ┆   18.
#16 254.8  │ │ 18 KiB │
#16 254.8  │ │ │ libcblas                                          ┆                                      ┆ 3.11.0       ┆ 6_h0358290_openblas  ┆ conda-forge      ┆   18.
#16 254.8  │ │ 19 KiB │
#16 254.8  │ │ │ libcurl                                           ┆                                      ┆ 8.19.0       ┆ hcf29cc6_0           ┆ conda-forge      ┆  455.
#16 254.8  │ │ 77 KiB │
#16 254.8  │ │ │ libedit                                           ┆                                      ┆ 3.1.20250104 ┆ pl5321h7949ede_0     ┆ conda-forge      ┆  131.
#16 254.8  │ │ 52 KiB │
#16 254.8  │ │ │ libev                                             ┆                                      ┆ 4.33         ┆ hd590300_2           ┆ conda-forge      ┆  110.
#16 254.8  │ │ 12 KiB │
#16 254.8  │ │ │ libexpat                                          ┆                                      ┆ 2.7.5        ┆ hecca717_0           ┆ conda-forge      ┆   74.
#16 254.8  │ │ 83 KiB │
#16 254.8  │ │ │ libffi                                            ┆                                      ┆ 3.5.2        ┆ h3435931_0           ┆ conda-forge      ┆   57.
#16 254.8  │ │ 22 KiB │
#16 254.8  │ │ │ libgcc                                            ┆                                      ┆ 15.2.0       ┆ he0feb66_18          ┆ conda-forge      ┆ 1017.
#16 254.8  │ │ 37 KiB │
#16 254.8  │ │ │ libgcc-devel_linux-64                             ┆                                      ┆ 15.2.0       ┆ hcc6f6b0_118         ┆ conda-forge      ┆    2.
#16 254.8  │ │ 94 MiB │
#16 254.8  │ │ │ libgcc-ng                                         ┆                                      ┆ 15.2.0       ┆ h69a702a_18          ┆ conda-forge      ┆   26.
#16 254.8  │ │ 88 KiB │
#16 254.8  │ │ │ libgfortran                                       ┆                                      ┆ 15.2.0       ┆ h69a702a_18          ┆ conda-forge      ┆   26.
#16 254.8  │ │ 88 KiB │
#16 254.8  │ │ │ libgfortran5                                      ┆                                      ┆ 15.2.0       ┆ h68bc16d_18          ┆ conda-forge      ┆    2.
#16 254.8  │ │ 37 MiB │
#16 254.8  │ │ │ libgomp                                           ┆                                      ┆ 15.2.0       ┆ he0feb66_18          ┆ conda-forge      ┆  589.
#16 254.8  │ │ 12 KiB │
#16 254.8  │ │ │ libiconv                                          ┆                                      ┆ 1.18         ┆ h3b78370_2           ┆ conda-forge      ┆  771.
#16 254.8  │ │ 66 KiB │
#16 254.8  │ │ │ liblapack                                         ┆                                      ┆ 3.11.0       ┆ 6_h47877c9_openblas  ┆ conda-forge      ┆   18.
#16 254.8  │ │ 19 KiB │
#16 254.8  │ │ │ liblzma                                           ┆                                      ┆ 5.8.3        ┆ hb03c661_0           ┆ conda-forge      ┆  110.
#16 254.8  │ │ 82 KiB │
#16 254.8  │ │ │ libnghttp2                                        ┆                                      ┆ 1.68.1       ┆ h877daf1_0           ┆ conda-forge      ┆  647.
#16 254.8  │ │ 80 KiB │
#16 254.8  │ │ │ libnsl                                            ┆                                      ┆ 2.0.1        ┆ hb9d3cd8_1           ┆ conda-forge      ┆   32.
#16 254.8  │ │ 94 KiB │
#16 254.8  │ │ │ libopenblas                                       ┆                                      ┆ 0.3.32       ┆ pthreads_h94d23a6_0  ┆ conda-forge      ┆    5.
#16 254.8  │ │ 65 MiB │
#16 254.8  │ │ │ libsanitizer                                      ┆                                      ┆ 15.2.0       ┆ h90f66d4_18          ┆ conda-forge      ┆    7.
#16 254.8  │ │ 72 MiB │
#16 254.8  │ │ │ libsqlite                                         ┆                                      ┆ 3.53.0       ┆ hf4e2dac_0           ┆ conda-forge      ┆  936.
#16 254.8  │ │ 39 KiB │
#16 254.8  │ │ │ libssh2                                           ┆                                      ┆ 1.11.1       ┆ hcf80075_0           ┆ conda-forge      ┆  297.
#16 254.8  │ │ 65 KiB │
#16 254.8  │ │ │ libstdcxx                                         ┆                                      ┆ 15.2.0       ┆ h934c35e_18          ┆ conda-forge      ┆    5.
#16 254.8  │ │ 58 MiB │
#16 254.8  │ │ │ libstdcxx-devel_linux-64                          ┆                                      ┆ 15.2.0       ┆ hd446a21_118         ┆ conda-forge      ┆   19.
#16 254.8  │ │ 71 MiB │
#16 254.8  │ │ │ libstdcxx-ng                                      ┆                                      ┆ 15.2.0       ┆ hdf11a46_18          ┆ conda-forge      ┆   26.
#16 254.8  │ │ 93 KiB │
#16 254.8  │ │ │ libuuid                                           ┆                                      ┆ 2.42         ┆ h5347b49_0           ┆ conda-forge      ┆   39.
#16 254.8  │ │ 35 KiB │
#16 254.8  │ │ │ libuv                                             ┆                                      ┆ 1.51.0       ┆ hb03c661_1           ┆ conda-forge      ┆  874.
#16 254.8  │ │ 13 KiB │
#16 254.8  │ │ │ libxcrypt                                         ┆                                      ┆ 4.4.36       ┆ hd590300_1           ┆ conda-forge      ┆   98.
#16 254.8  │ │ 04 KiB │
#16 254.8  │ │ │ libxml2                                           ┆                                      ┆ 2.15.3       ┆ h49c6c72_0           ┆ conda-forge      ┆   45.
#16 254.8  │ │ 71 KiB │
#16 254.8  │ │ │ libxml2-16                                        ┆                                      ┆ 2.15.3       ┆ hca6bf5a_0           ┆ conda-forge      ┆  546.
#16 254.8  │ │ 66 KiB │
#16 254.8  │ │ │ libzlib                                           ┆                                      ┆ 1.3.2        ┆ h25fd6f3_2           ┆ conda-forge      ┆   62.
#16 254.8  │ │ 14 KiB │
#16 254.8  │ │ │ mccabe                                            ┆                                      ┆ 0.7.0        ┆ pyhd8ed1ab_1         ┆ conda-forge      ┆   12.
#16 254.8  │ │ 63 KiB │
#16 254.8  │ │ │ ncurses                                           ┆                                      ┆ 6.6          ┆ hdb14827_0           ┆ conda-forge      ┆  897.
#16 254.8  │ │ 42 KiB │
#16 254.8  │ │ │ numpy                                             ┆                                      ┆ 2.4.3        ┆ py312h33ff503_0      ┆ conda-forge      ┆    8.
#16 254.8  │ │ 35 MiB │
#16 254.8  │ │ │ openssl                                           ┆                                      ┆ 3.6.2        ┆ h35e630c_0           ┆ conda-forge      ┆    3.
#16 254.8  │ │ 02 MiB │
#16 254.8  │ │ │ packaging                                         ┆                                      ┆ 26.2         ┆ pyhc364b38_0         ┆ conda-forge      ┆   89.
#16 254.8  │ │ 43 KiB │
#16 254.8  │ │ │ pcre                                              ┆                                      ┆ 8.45         ┆ h9c3ff4c_0           ┆ conda-forge      ┆  253.
#16 254.8  │ │ 30 KiB │
#16 254.8  │ │ │ pcre2                                             ┆                                      ┆ 10.47        ┆ haa7fec5_0           ┆ conda-forge      ┆    1.
#16 254.8  │ │ 17 MiB │
#16 254.8  │ │ │ perl                                              ┆                                      ┆ 5.32.1       ┆ 7_hd590300_perl5     ┆ conda-forge      ┆   12.
#16 254.8  │ │ 73 MiB │
#16 254.8  │ │ │ pycodestyle                                       ┆                                      ┆ 2.14.0       ┆ pyhd8ed1ab_0         ┆ conda-forge      ┆   34.
#16 254.8  │ │ 36 KiB │
#16 254.8  │ │ │ pydocstyle                                        ┆                                      ┆ 6.3.0        ┆ pyhd8ed1ab_1         ┆ conda-forge      ┆   39.
#16 254.8  │ │ 29 KiB │
#16 254.8  │ │ │ pyflakes                                          ┆                                      ┆ 3.4.0        ┆ pyhd8ed1ab_0         ┆ conda-forge      ┆   58.
#16 254.8  │ │ 20 KiB │
#16 254.8  │ │ │ pygments                                          ┆                                      ┆ 2.20.0       ┆ pyhd8ed1ab_0         ┆ conda-forge      ┆  872.
#16 254.8  │ │ 10 KiB │
#16 254.8  │ │ │ pyparsing                                         ┆                                      ┆ 3.3.2        ┆ pyhcf101f3_0         ┆ conda-forge      ┆  108.
#16 254.8  │ │ 29 KiB │
#16 254.8  │ │ │ python-dateutil                                   ┆                                      ┆ 2.9.0.post0  ┆ pyhe01879c_2         ┆ conda-forge      ┆  227.
#16 254.8  │ │ 84 KiB │
#16 254.8  │ │ │ python_abi                                        ┆                                      ┆ 3.12         ┆ 8_cp312              ┆ conda-forge      ┆    6.
#16 254.8  │ │ 79 KiB │
#16 254.8  │ │ │ readline                                          ┆                                      ┆ 8.3          ┆ h853b02a_0           ┆ conda-forge      ┆  336.
#16 254.8  │ │ 99 KiB │
#16 254.8  │ │ │ rhash                                             ┆                                      ┆ 1.4.6        ┆ hb9d3cd8_1           ┆ conda-forge      ┆  189.
#16 254.8  │ │ 23 KiB │
#16 254.8  │ │ │ ros-kilted-action-msgs                            ┆                                      ┆ 2.3.1        ┆ np2py312h2ed9cc7_17  ┆ robostack-kilted ┆  150.
#16 254.8  │ │ 07 KiB │
#16 254.8  │ │ │ ros-kilted-ament-cmake-copyright                  ┆                                      ┆ 0.19.2       ┆ np2py312h2ed9cc7_17  ┆ robostack-kilted ┆   22.
#16 254.8  │ │ 14 KiB │
#16 254.8  │ │ │ ros-kilted-ament-cmake-core                       ┆                                      ┆ 2.7.5        ┆ np2py312h2ed9cc7_17  ┆ robostack-kilted ┆   43.
#16 254.8  │ │ 98 KiB │
#16 254.8  │ │ │ ros-kilted-ament-cmake-cppcheck                   ┆                                      ┆ 0.19.2       ┆ np2py312h2ed9cc7_17  ┆ robostack-kilted ┆   23.
#16 254.8  │ │ 89 KiB │
#16 254.8  │ │ │ ros-kilted-ament-cmake-cpplint                    ┆                                      ┆ 0.19.2       ┆ np2py312h2ed9cc7_17  ┆ robostack-kilted ┆   22.
#16 254.8  │ │ 76 KiB │
#16 254.8  │ │ │ ros-kilted-ament-cmake-export-definitions         ┆                                      ┆ 2.7.5        ┆ np2py312h2ed9cc7_17  ┆ robostack-kilted ┆   21.
#16 254.8  │ │ 48 KiB │
#16 254.8  │ │ │ ros-kilted-ament-cmake-export-dependencies        ┆                                      ┆ 2.7.5        ┆ np2py312h2ed9cc7_17  ┆ robostack-kilted ┆   22.
#16 254.8  │ │ 41 KiB │
#16 254.8  │ │ │ ros-kilted-ament-cmake-export-include-directories ┆                                      ┆ 2.7.5        ┆ np2py312h2ed9cc7_17  ┆ robostack-kilted ┆   21.
#16 254.8  │ │ 91 KiB │
#16 254.8  │ │ │ ros-kilted-ament-cmake-export-interfaces          ┆                                      ┆ 2.7.5        ┆ np2py312h2ed9cc7_17  ┆ robostack-kilted ┆   22.
#16 254.8  │ │ 11 KiB │
#16 254.8  │ │ │ ros-kilted-ament-cmake-export-libraries           ┆                                      ┆ 2.7.5        ┆ np2py312h2ed9cc7_17  ┆ robostack-kilted ┆   23.
#16 254.8  │ │ 39 KiB │
#16 254.8  │ │ │ ros-kilted-ament-cmake-export-link-flags          ┆                                      ┆ 2.7.5        ┆ np2py312h2ed9cc7_17  ┆ robostack-kilted ┆   21.
#16 254.8  │ │ 45 KiB │
#16 254.8  │ │ │ ros-kilted-ament-cmake-export-targets             ┆                                      ┆ 2.7.5        ┆ np2py312h2ed9cc7_17  ┆ robostack-kilted ┆   22.
#16 254.8  │ │ 26 KiB │
#16 254.8  │ │ │ ros-kilted-ament-cmake-flake8                     ┆                                      ┆ 0.19.2       ┆ np2py312h2ed9cc7_17  ┆ robostack-kilted ┆   23.
#16 254.8  │ │ 73 KiB │
#16 254.8  │ │ │ ros-kilted-ament-cmake-gen-version-h              ┆                                      ┆ 2.7.5        ┆ np2py312h2ed9cc7_17  ┆ robostack-kilted ┆   24.
#16 254.8  │ │ 16 KiB │
#16 254.8  │ │ │ ros-kilted-ament-cmake-include-directories        ┆                                      ┆ 2.7.5        ┆ np2py312h2ed9cc7_17  ┆ robostack-kilted ┆   21.
#16 254.8  │ │ 36 KiB │
#16 254.8  │ │ │ ros-kilted-ament-cmake-libraries                  ┆                                      ┆ 2.7.5        ┆ np2py312h2ed9cc7_17  ┆ robostack-kilted ┆   21.
#16 254.8  │ │ 06 KiB │
#16 254.8  │ │ │ ros-kilted-ament-cmake-lint-cmake                 ┆                                      ┆ 0.19.2       ┆ np2py312h2ed9cc7_17  ┆ robostack-kilted ┆   21.
#16 254.8  │ │ 80 KiB │
#16 254.8  │ │ │ ros-kilted-ament-cmake-pep257                     ┆                                      ┆ 0.19.2       ┆ np2py312h2ed9cc7_17  ┆ robostack-kilted ┆   22.
#16 254.8  │ │ 58 KiB │
#16 254.8  │ │ │ ros-kilted-ament-cmake-python                     ┆                                      ┆ 2.7.5        ┆ np2py312h2ed9cc7_17  ┆ robostack-kilted ┆   23.
#16 254.8  │ │ 55 KiB │
#16 254.8  │ │ │ ros-kilted-ament-cmake-ros-core                   ┆                                      ┆ 0.14.7       ┆ np2py312h2ed9cc7_17  ┆ robostack-kilted ┆   26.
#16 254.8  │ │ 39 KiB │
#16 254.8  │ │ │ ros-kilted-ament-cmake-target-dependencies        ┆                                      ┆ 2.7.5        ┆ np2py312h2ed9cc7_17  ┆ robostack-kilted ┆   23.
#16 254.8  │ │ 29 KiB │
#16 254.8  │ │ │ ros-kilted-ament-cmake-test                       ┆                                      ┆ 2.7.5        ┆ np2py312h2ed9cc7_17  ┆ robostack-kilted ┆   35.
#16 254.8  │ │ 17 KiB │
#16 254.8  │ │ │ ros-kilted-ament-cmake-uncrustify                 ┆                                      ┆ 0.19.2       ┆ np2py312h2ed9cc7_17  ┆ robostack-kilted ┆   23.
#16 254.8  │ │ 12 KiB │
#16 254.8  │ │ │ ros-kilted-ament-cmake-version                    ┆                                      ┆ 2.7.5        ┆ np2py312h2ed9cc7_17  ┆ robostack-kilted ┆   21.
#16 254.8  │ │ 24 KiB │
#16 254.8  │ │ │ ros-kilted-ament-cmake-xmllint                    ┆                                      ┆ 0.19.2       ┆ np2py312h2ed9cc7_17  ┆ robostack-kilted ┆   22.
#16 254.8  │ │ 58 KiB │
#16 254.8  │ │ │ ros-kilted-ament-copyright                        ┆                                      ┆ 0.19.2       ┆ np2py312h2ed9cc7_17  ┆ robostack-kilted ┆   64.
#16 254.8  │ │ 93 KiB │
#16 254.8  │ │ │ ros-kilted-ament-cppcheck                         ┆                                      ┆ 0.19.2       ┆ np2py312h2ed9cc7_17  ┆ robostack-kilted ┆   29.
#16 254.8  │ │ 34 KiB │
#16 254.8  │ │ │ ros-kilted-ament-cpplint                          ┆                                      ┆ 0.19.2       ┆ np2py312h2ed9cc7_17  ┆ robostack-kilted ┆  165.
#16 254.8  │ │ 26 KiB │
#16 254.8  │ │ │ ros-kilted-ament-flake8                           ┆                                      ┆ 0.19.2       ┆ np2py312h2ed9cc7_17  ┆ robostack-kilted ┆   27.
#16 254.8  │ │ 55 KiB │
#16 254.8  │ │ │ ros-kilted-ament-index-python                     ┆                                      ┆ 1.11.3       ┆ np2py312h2ed9cc7_17  ┆ robostack-kilted ┆   29.
#16 254.8  │ │ 79 KiB │
#16 254.8  │ │ │ ros-kilted-ament-lint                             ┆                                      ┆ 0.19.2       ┆ np2py312h2ed9cc7_17  ┆ robostack-kilted ┆   17.
#16 254.8  │ │ 04 KiB │
#16 254.8  │ │ │ ros-kilted-ament-lint-cmake                       ┆                                      ┆ 0.19.2       ┆ np2py312h2ed9cc7_17  ┆ robostack-kilted ┆   38.
#16 254.8  │ │ 71 KiB │
#16 254.8  │ │ │ ros-kilted-ament-package                          ┆                                      ┆ 0.17.2       ┆ np2py312h2ed9cc7_17  ┆ robostack-kilted ┆   41.
#16 254.8  │ │ 83 KiB │
#16 254.8  │ │ │ ros-kilted-ament-pep257                           ┆                                      ┆ 0.19.2       ┆ np2py312h2ed9cc7_17  ┆ robostack-kilted ┆   26.
#16 254.8  │ │ 22 KiB │
#16 254.8  │ │ │ ros-kilted-ament-uncrustify                       ┆                                      ┆ 0.19.2       ┆ np2py312h2ed9cc7_17  ┆ robostack-kilted ┆   66.
#16 254.9  │ │ 74 KiB │
#16 254.9  │ │ │ ros-kilted-ament-xmllint                          ┆                                      ┆ 0.19.2       ┆ np2py312h2ed9cc7_17  ┆ robostack-kilted ┆   27.
#16 254.9  │ │ 28 KiB │
#16 254.9  │ │ │ ros-kilted-fastcdr                                ┆                                      ┆ 2.3.5        ┆ np2py312h2ed9cc7_17  ┆ robostack-kilted ┆   87.
#16 254.9  │ │ 44 KiB │
#16 254.9  │ │ │ ros-kilted-rcpputils                              ┆                                      ┆ 2.13.5       ┆ np2py312h2ed9cc7_17  ┆ robostack-kilted ┆   79.
#16 254.9  │ │ 27 KiB │
#16 254.9  │ │ │ ros-kilted-rcutils                                ┆                                      ┆ 6.9.10       ┆ np2py312h2ed9cc7_17  ┆ robostack-kilted ┆  121.
#16 254.9  │ │ 88 KiB │
#16 254.9  │ │ │ ros-kilted-rmw                                    ┆                                      ┆ 7.8.2        ┆ np2py312h2ed9cc7_17  ┆ robostack-kilted ┆   94.
#16 254.9  │ │ 45 KiB │
#16 254.9  │ │ │ ros-kilted-ros-environment                        ┆                                      ┆ 4.3.1        ┆ np2py312h2ed9cc7_17  ┆ robostack-kilted ┆   20.
#16 254.9  │ │ 85 KiB │
#16 254.9  │ │ │ ros-kilted-rosidl-adapter                         ┆                                      ┆ 4.9.6        ┆ np2py312h2ed9cc7_17  ┆ robostack-kilted ┆   66.
#16 254.9  │ │ 46 KiB │
#16 254.9  │ │ │ ros-kilted-rosidl-cli                             ┆                                      ┆ 4.9.6        ┆ np2py312h2ed9cc7_17  ┆ robostack-kilted ┆   45.
#16 254.9  │ │ 24 KiB │
#16 254.9  │ │ │ ros-kilted-rosidl-cmake                           ┆                                      ┆ 4.9.6        ┆ np2py312h2ed9cc7_17  ┆ robostack-kilted ┆   35.
#16 254.9  │ │ 50 KiB │
#16 254.9  │ │ │ ros-kilted-rosidl-core-generators                 ┆                                      ┆ 0.3.2        ┆ np2py312h2ed9cc7_17  ┆ robostack-kilted ┆   30.
#16 254.9  │ │ 27 KiB │
#16 254.9  │ │ │ ros-kilted-rosidl-core-runtime                    ┆                                      ┆ 0.3.2        ┆ np2py312h2ed9cc7_17  ┆ robostack-kilted ┆   29.
#16 254.9  │ │ 33 KiB │
#16 254.9  │ │ │ ros-kilted-rosidl-default-runtime                 ┆                                      ┆ 1.7.2        ┆ np2py312h2ed9cc7_17  ┆ robostack-kilted ┆   29.
#16 254.9  │ │ 88 KiB │
#16 254.9  │ │ │ ros-kilted-rosidl-dynamic-typesupport             ┆                                      ┆ 0.3.1        ┆ np2py312h2ed9cc7_17  ┆ robostack-kilted ┆   59.
#16 254.9  │ │ 43 KiB │
#16 254.9  │ │ │ ros-kilted-rosidl-generator-c                     ┆                                      ┆ 4.9.6        ┆ np2py312h2ed9cc7_17  ┆ robostack-kilted ┆   50.
#16 254.9  │ │ 87 KiB │
#16 254.9  │ │ │ ros-kilted-rosidl-generator-cpp                   ┆                                      ┆ 4.9.6        ┆ np2py312h2ed9cc7_17  ┆ robostack-kilted ┆   49.
#16 254.9  │ │ 20 KiB │
#16 254.9  │ │ │ ros-kilted-rosidl-generator-py                    ┆                                      ┆ 0.24.2       ┆ np2py312h2ed9cc7_17  ┆ robostack-kilted ┆   58.
#16 254.9  │ │ 46 KiB │
#16 254.9  │ │ │ ros-kilted-rosidl-generator-rs                    ┆                                      ┆ 0.4.11       ┆ np2py312h2ed9cc7_17  ┆ robostack-kilted ┆   47.
#16 254.9  │ │ 05 KiB │
#16 254.9  │ │ │ ros-kilted-rosidl-generator-type-description      ┆                                      ┆ 4.9.6        ┆ np2py312h2ed9cc7_17  ┆ robostack-kilted ┆   45.
#16 254.9  │ │ 90 KiB │
#16 254.9  │ │ │ ros-kilted-rosidl-parser                          ┆                                      ┆ 4.9.6        ┆ np2py312h2ed9cc7_17  ┆ robostack-kilted ┆   64.
#16 254.9  │ │ 65 KiB │
#16 254.9  │ │ │ ros-kilted-rosidl-pycommon                        ┆                                      ┆ 4.9.6        ┆ np2py312h2ed9cc7_17  ┆ robostack-kilted ┆   26.
#16 254.9  │ │ 21 KiB │
#16 254.9  │ │ │ ros-kilted-rosidl-runtime-c                       ┆                                      ┆ 4.9.6        ┆ np2py312h2ed9cc7_17  ┆ robostack-kilted ┆   80.
#16 254.9  │ │ 85 KiB │
#16 254.9  │ │ │ ros-kilted-rosidl-runtime-cpp                     ┆                                      ┆ 4.9.6        ┆ np2py312h2ed9cc7_17  ┆ robostack-kilted ┆   40.
#16 254.9  │ │ 18 KiB │
#16 254.9  │ │ │ ros-kilted-rosidl-typesupport-c                   ┆                                      ┆ 3.3.3        ┆ np2py312h2ed9cc7_17  ┆ robostack-kilted ┆   49.
#16 254.9  │ │ 61 KiB │
#16 254.9  │ │ │ ros-kilted-rosidl-typesupport-cpp                 ┆                                      ┆ 3.3.3        ┆ np2py312h2ed9cc7_17  ┆ robostack-kilted ┆   48.
#16 254.9  │ │ 76 KiB │
#16 254.9  │ │ │ ros-kilted-rosidl-typesupport-fastrtps-c          ┆                                      ┆ 3.8.2        ┆ np2py312h2ed9cc7_17  ┆ robostack-kilted ┆   50.
#16 254.9  │ │ 31 KiB │
#16 254.9  │ │ │ ros-kilted-rosidl-typesupport-fastrtps-cpp        ┆                                      ┆ 3.8.2        ┆ np2py312h2ed9cc7_17  ┆ robostack-kilted ┆   52.
#16 254.9  │ │ 32 KiB │
#16 254.9  │ │ │ ros-kilted-rosidl-typesupport-interface           ┆                                      ┆ 4.9.6        ┆ np2py312h2ed9cc7_17  ┆ robostack-kilted ┆   28.
#16 254.9  │ │ 82 KiB │
#16 254.9  │ │ │ ros-kilted-rosidl-typesupport-introspection-c     ┆                                      ┆ 4.9.6        ┆ np2py312h2ed9cc7_17  ┆ robostack-kilted ┆   45.
#16 254.9  │ │ 99 KiB │
#16 254.9  │ │ │ ros-kilted-rosidl-typesupport-introspection-cpp   ┆                                      ┆ 4.9.6        ┆ np2py312h2ed9cc7_17  ┆ robostack-kilted ┆   46.
#16 254.9  │ │ 24 KiB │
#16 254.9  │ │ │ ros-kilted-rpyutils                               ┆                                      ┆ 0.6.3        ┆ np2py312h2ed9cc7_17  ┆ robostack-kilted ┆   26.
#16 254.9  │ │ 66 KiB │
#16 254.9  │ │ │ ros-kilted-service-msgs                           ┆                                      ┆ 2.3.1        ┆ np2py312h2ed9cc7_17  ┆ robostack-kilted ┆   78.
#16 254.9  │ │ 16 KiB │
#16 254.9  │ │ │ ros-kilted-uncrustify-vendor                      ┆                                      ┆ 3.1.0        ┆ np2py312h2ed9cc7_17  ┆ robostack-kilted ┆   22.
#16 254.9  │ │ 64 KiB │
#16 254.9  │ │ │ ros-kilted-unique-identifier-msgs                 ┆                                      ┆ 2.7.0        ┆ np2py312h2ed9cc7_17  ┆ robostack-kilted ┆   72.
#16 254.9  │ │ 52 KiB │
#16 254.9  │ │ │ ros2-distro-mutex                                 ┆                                      ┆ 0.14.0       ┆ kilted_17            ┆ robostack-kilted ┆    2.
#16 254.9  │ │ 32 KiB │
#16 254.9  │ │ │ six                                               ┆                                      ┆ 1.17.0       ┆ pyhe01879c_1         ┆ conda-forge      ┆   18.
#16 254.9  │ │ 02 KiB │
#16 254.9  │ │ │ snowballstemmer                                   ┆                                      ┆ 3.0.1        ┆ pyhd8ed1ab_0         ┆ conda-forge      ┆   71.
#16 254.9  │ │ 30 KiB │
#16 254.9  │ │ │ sysroot_linux-64                                  ┆                                      ┆ 2.28         ┆ h4ee821c_9           ┆ conda-forge      ┆   22.
#16 254.9  │ │ 90 MiB │
#16 254.9  │ │ │ tinyxml2                                          ┆                                      ┆ 11.0.0       ┆ h3f2d84a_0           ┆ conda-forge      ┆  128.
#16 254.9  │ │ 27 KiB │
#16 254.9  │ │ │ tk                                                ┆                                      ┆ 8.6.13       ┆ noxft_h366c992_103   ┆ conda-forge      ┆    3.
#16 254.9  │ │ 15 MiB │
#16 254.9  │ │ │ tomli                                             ┆                                      ┆ 2.4.1        ┆ pyhcf101f3_0         ┆ conda-forge      ┆   21.
#16 254.9  │ │ 06 KiB │
#16 254.9  │ │ │ tzdata                                            ┆                                      ┆ 2025c        ┆ hc9c84f9_1           ┆ conda-forge      ┆  116.
#16 254.9  │ │ 34 KiB │
#16 254.9  │ │ │ uncrustify                                        ┆                                      ┆ 0.81.0       ┆ h54a6638_2           ┆ conda-forge      ┆  707.
#16 254.9  │ │ 61 KiB │
#16 254.9  │ │ │ zipp                                              ┆                                      ┆ 3.23.1       ┆ pyhcf101f3_0         ┆ conda-forge      ┆   23.
#16 254.9  │ │ 89 KiB │
#16 254.9  │ │ │ zstd                                              ┆                                      ┆ 1.5.7        ┆ hb78ec9c_6           ┆ conda-forge      ┆  587.
#16 254.9  │ │ 28 KiB │
#16 254.9  │ │ ╰───────────────────────────────────────────────────┴──────────────────────────────────────┴──────────────┴──────────────────────┴──────────────────┴──────
#16 254.9  │ │ ───────╯
#16 254.9  │ │ Resolved host dependencies(ros-kilted-aic-model-interfaces-0.0.1-hb0f4dca_0):
#16 254.9  │ │ ╭───────────────────────────────────────────────────┬──────────────────────────────────────────────┬──────────────┬──────────────────────┬─────────────────
#16 254.9  │ │ ─┬─────────────╮
#16 254.9  │ │ │ Package                                           ┆ Spec                                         ┆ Version      ┆ Build                ┆ Channel         
#16 254.9  │ │  ┆        Size │
#16 254.9  │ │ ╞═══════════════════════════════════════════════════╪══════════════════════════════════════════════╪══════════════╪══════════════════════╪═════════════════
#16 254.9  │ │ ═╪═════════════╡
#16 254.9  │ │ │ libgcc                                            ┆ libgcc >=15 (RE of [build: gcc_linux-64])    ┆ 15.2.0       ┆ he0feb66_18          ┆ conda-forge     
#16 254.9  │ │  ┆ 1017.37 KiB │
#16 254.9  │ │ │ libstdcxx                                         ┆ libstdcxx >=15 (RE of [build: gxx_linux-64]) ┆ 15.2.0       ┆ h934c35e_18          ┆ conda-forge     
#16 254.9  │ │  ┆    5.58 MiB │
#16 254.9  │ │ │ numpy                                             ┆ numpy                                        ┆ 2.4.3        ┆ py312h33ff503_0      ┆ conda-forge     
#16 254.9  │ │  ┆    8.35 MiB │
#16 254.9  │ │ │ pip                                               ┆ pip                                          ┆ 26.0.1       ┆ pyh8b19718_0         ┆ conda-forge     
#16 254.9  │ │  ┆    1.13 MiB │
#16 254.9  │ │ │ pkg-config                                        ┆ pkg-config                                   ┆ 0.29.2       ┆ h4bc722e_1009        ┆ conda-forge     
#16 254.9  │ │  ┆  112.48 KiB │
#16 254.9  │ │ │ python                                            ┆ python                                       ┆ 3.12.13      ┆ hd63d673_0_cpython   ┆ conda-forge     
#16 254.9  │ │  ┆   30.14 MiB │
#16 254.9  │ │ │ ros-kilted-aic-control-interfaces                 ┆ ros-kilted-aic-control-interfaces            ┆ 0.0.1        ┆ hb0f4dca_0           ┆                 
#16 254.9  │ │  ┆             │
#16 254.9  │ │ │ ros-kilted-ament-cmake                            ┆ ros-kilted-ament-cmake                       ┆ 2.7.5        ┆ np2py312h2ed9cc7_17  ┆ robostack-kilted
#16 254.9  │ │  ┆   22.73 KiB │
#16 254.9  │ │ │ ros-kilted-ament-lint-auto                        ┆ ros-kilted-ament-lint-auto                   ┆ 0.19.2       ┆ np2py312h2ed9cc7_17  ┆ robostack-kilted
#16 254.9  │ │  ┆   21.47 KiB │
#16 254.9  │ │ │ ros-kilted-ament-lint-common                      ┆ ros-kilted-ament-lint-common                 ┆ 0.19.2       ┆ np2py312h2ed9cc7_17  ┆ robostack-kilted
#16 254.9  │ │  ┆   21.79 KiB │
#16 254.9  │ │ │ ros-kilted-builtin-interfaces                     ┆ ros-kilted-builtin-interfaces                ┆ 2.3.1        ┆ np2py312h2ed9cc7_17  ┆ robostack-kilted
#16 254.9  │ │  ┆   78.56 KiB │
#16 254.9  │ │ │ ros-kilted-geometry-msgs                          ┆ ros-kilted-geometry-msgs                     ┆ 5.5.2        ┆ np2py312h2ed9cc7_17  ┆ robostack-kilted
#16 254.9  │ │  ┆  376.74 KiB │
#16 254.9  │ │ │ ros-kilted-ros-workspace                          ┆ ros-kilted-ros-workspace                     ┆ 1.0.3        ┆ np2py312h2ed9cc7_17  ┆ robostack-kilted
#16 254.9  │ │  ┆   34.44 KiB │
#16 254.9  │ │ │ ros-kilted-rosidl-default-generators              ┆ ros-kilted-rosidl-default-generators         ┆ 1.7.2        ┆ np2py312h2ed9cc7_17  ┆ robostack-kilted
#16 254.9  │ │  ┆   30.46 KiB │
#16 254.9  │ │ │ ros-kilted-sensor-msgs                            ┆ ros-kilted-sensor-msgs                       ┆ 5.5.2        ┆ np2py312h2ed9cc7_17  ┆ robostack-kilted
#16 254.9  │ │  ┆  546.73 KiB │
#16 254.9  │ │ │ ros-kilted-std-msgs                               ┆ ros-kilted-std-msgs                          ┆ 5.5.2        ┆ np2py312h2ed9cc7_17  ┆ robostack-kilted
#16 254.9  │ │  ┆  337.96 KiB │
#16 254.9  │ │ │ ros-kilted-trajectory-msgs                        ┆ ros-kilted-trajectory-msgs                   ┆ 5.5.2        ┆ np2py312h2ed9cc7_17  ┆ robostack-kilted
#16 254.9  │ │  ┆  148.10 KiB │
#16 254.9  │ │ │ ros2-distro-mutex                                 ┆ ros2-distro-mutex                            ┆ 0.14.0       ┆ kilted_17            ┆ robostack-kilted
#16 254.9  │ │  ┆    2.32 KiB │
#16 254.9  │ │ │ _openmp_mutex                                     ┆                                              ┆ 4.5          ┆ 20_gnu               ┆ conda-forge     
#16 254.9  │ │  ┆   28.27 KiB │
#16 254.9  │ │ │ argcomplete                                       ┆                                              ┆ 3.6.3        ┆ pyhd8ed1ab_0         ┆ conda-forge     
#16 254.9  │ │  ┆   41.39 KiB │
#16 254.9  │ │ │ bzip2                                             ┆                                              ┆ 1.0.8        ┆ hda65f42_9           ┆ conda-forge     
#16 254.9  │ │  ┆  254.08 KiB │
#16 254.9  │ │ │ c-ares                                            ┆                                              ┆ 1.34.6       ┆ hb03c661_0           ┆ conda-forge     
#16 254.9  │ │  ┆  203.01 KiB │
#16 254.9  │ │ │ ca-certificates                                   ┆                                              ┆ 2026.4.22    ┆ hbd8a1cb_0           ┆ conda-forge     
#16 254.9  │ │  ┆  127.97 KiB │
#16 254.9  │ │ │ catkin_pkg                                        ┆                                              ┆ 1.1.0        ┆ pyhd8ed1ab_0         ┆ conda-forge     
#16 254.9  │ │  ┆   52.84 KiB │
#16 254.9  │ │ │ cmake                                             ┆                                              ┆ 4.3.2        ┆ hc85cc9f_0           ┆ conda-forge     
#16 254.9  │ │  ┆   22.01 MiB │
#16 254.9  │ │ │ cppcheck                                          ┆                                              ┆ 2.20.1       ┆ py312h014360a_0      ┆ conda-forge     
#16 254.9  │ │  ┆    2.96 MiB │
#16 254.9  │ │ │ docutils                                          ┆                                              ┆ 0.22.4       ┆ pyhd8ed1ab_0         ┆ conda-forge     
#16 254.9  │ │  ┆  427.74 KiB │
#16 254.9  │ │ │ empy                                              ┆                                              ┆ 3.3.4        ┆ pyh9f0ad1d_1         ┆ conda-forge     
#16 254.9  │ │  ┆   39.27 KiB │
#16 254.9  │ │ │ flake8                                            ┆                                              ┆ 7.3.0        ┆ pyhd8ed1ab_0         ┆ conda-forge     
#16 254.9  │ │  ┆  109.29 KiB │
#16 254.9  │ │ │ flake8-builtins                                   ┆                                              ┆ 3.1.0        ┆ pyhd8ed1ab_0         ┆ conda-forge     
#16 254.9  │ │  ┆   19.04 KiB │
#16 254.9  │ │ │ flake8-comprehensions                             ┆                                              ┆ 3.17.0       ┆ pyhd8ed1ab_0         ┆ conda-forge     
#16 254.9  │ │  ┆   13.72 KiB │
#16 254.9  │ │ │ flake8-docstrings                                 ┆                                              ┆ 1.7.0        ┆ pyhd8ed1ab_0         ┆ conda-forge     
#16 254.9  │ │  ┆   10.15 KiB │
#16 254.9  │ │ │ flake8-import-order                               ┆                                              ┆ 0.19.2       ┆ pyhd8ed1ab_0         ┆ conda-forge     
#16 254.9  │ │  ┆   20.55 KiB │
#16 254.9  │ │ │ flake8-quotes                                     ┆                                              ┆ 3.4.0        ┆ pyhd8ed1ab_1         ┆ conda-forge     
#16 254.9  │ │  ┆   14.43 KiB │
#16 254.9  │ │ │ icu                                               ┆                                              ┆ 78.3         ┆ h33c6efd_0           ┆ conda-forge     
#16 254.9  │ │  ┆   12.13 MiB │
#16 254.9  │ │ │ importlib-metadata                                ┆                                              ┆ 8.8.0        ┆ pyhcf101f3_0         ┆ conda-forge     
#16 254.9  │ │  ┆   33.58 KiB │
#16 254.9  │ │ │ importlib_resources                               ┆                                              ┆ 7.1.0        ┆ pyhd8ed1ab_0         ┆ conda-forge     
#16 254.9  │ │  ┆   33.99 KiB │
#16 254.9  │ │ │ keyutils                                          ┆                                              ┆ 1.6.3        ┆ hb9d3cd8_0           ┆ conda-forge     
#16 254.9  │ │  ┆  130.95 KiB │
#16 254.9  │ │ │ krb5                                              ┆                                              ┆ 1.22.2       ┆ ha1258a1_0           ┆ conda-forge     
#16 254.9  │ │  ┆    1.32 MiB │
#16 254.9  │ │ │ lark-parser                                       ┆                                              ┆ 0.12.0       ┆ pyhd8ed1ab_1         ┆ conda-forge     
#16 254.9  │ │  ┆   84.12 KiB │
#16 254.9  │ │ │ ld_impl_linux-64                                  ┆                                              ┆ 2.45.1       ┆ default_hbd61a6d_102 ┆ conda-forge     
#16 254.9  │ │  ┆  710.94 KiB │
#16 254.9  │ │ │ libblas                                           ┆                                              ┆ 3.11.0       ┆ 6_h4a7cf45_openblas  ┆ conda-forge     
#16 254.9  │ │  ┆   18.18 KiB │
#16 254.9  │ │ │ libcblas                                          ┆                                              ┆ 3.11.0       ┆ 6_h0358290_openblas  ┆ conda-forge     
#16 254.9  │ │  ┆   18.19 KiB │
#16 254.9  │ │ │ libcurl                                           ┆                                              ┆ 8.19.0       ┆ hcf29cc6_0           ┆ conda-forge     
#16 254.9  │ │  ┆  455.77 KiB │
#16 254.9  │ │ │ libedit                                           ┆                                              ┆ 3.1.20250104 ┆ pl5321h7949ede_0     ┆ conda-forge     
#16 254.9  │ │  ┆  131.52 KiB │
#16 254.9  │ │ │ libev                                             ┆                                              ┆ 4.33         ┆ hd590300_2           ┆ conda-forge     
#16 254.9  │ │  ┆  110.12 KiB │
#16 254.9  │ │ │ libexpat                                          ┆                                              ┆ 2.7.5        ┆ hecca717_0           ┆ conda-forge     
#16 254.9  │ │  ┆   74.83 KiB │
#16 254.9  │ │ │ libffi                                            ┆                                              ┆ 3.5.2        ┆ h3435931_0           ┆ conda-forge     
#16 254.9  │ │  ┆   57.22 KiB │
#16 254.9  │ │ │ libgcc-ng                                         ┆                                              ┆ 15.2.0       ┆ h69a702a_18          ┆ conda-forge     
#16 254.9  │ │  ┆   26.88 KiB │
#16 254.9  │ │ │ libgfortran                                       ┆                                              ┆ 15.2.0       ┆ h69a702a_18          ┆ conda-forge     
#16 254.9  │ │  ┆   26.88 KiB │
#16 254.9  │ │ │ libgfortran5                                      ┆                                              ┆ 15.2.0       ┆ h68bc16d_18          ┆ conda-forge     
#16 254.9  │ │  ┆    2.37 MiB │
#16 254.9  │ │ │ libgomp                                           ┆                                              ┆ 15.2.0       ┆ he0feb66_18          ┆ conda-forge     
#16 254.9  │ │  ┆  589.12 KiB │
#16 254.9  │ │ │ libiconv                                          ┆                                              ┆ 1.18         ┆ h3b78370_2           ┆ conda-forge     
#16 254.9  │ │  ┆  771.66 KiB │
#16 254.9  │ │ │ liblapack                                         ┆                                              ┆ 3.11.0       ┆ 6_h47877c9_openblas  ┆ conda-forge     
#16 254.9  │ │  ┆   18.19 KiB │
#16 254.9  │ │ │ liblzma                                           ┆                                              ┆ 5.8.3        ┆ hb03c661_0           ┆ conda-forge     
#16 254.9  │ │  ┆  110.82 KiB │
#16 254.9  │ │ │ libnghttp2                                        ┆                                              ┆ 1.68.1       ┆ h877daf1_0           ┆ conda-forge     
#16 254.9  │ │  ┆  647.80 KiB │
#16 254.9  │ │ │ libnsl                                            ┆                                              ┆ 2.0.1        ┆ hb9d3cd8_1           ┆ conda-forge     
#16 254.9  │ │  ┆   32.94 KiB │
#16 254.9  │ │ │ libopenblas                                       ┆                                              ┆ 0.3.32       ┆ pthreads_h94d23a6_0  ┆ conda-forge     
#16 254.9  │ │  ┆    5.65 MiB │
#16 254.9  │ │ │ libsqlite                                         ┆                                              ┆ 3.53.0       ┆ hf4e2dac_0           ┆ conda-forge     
#16 254.9  │ │  ┆  936.39 KiB │
#16 254.9  │ │ │ libssh2                                           ┆                                              ┆ 1.11.1       ┆ hcf80075_0           ┆ conda-forge     
#16 254.9  │ │  ┆  297.65 KiB │
#16 254.9  │ │ │ libstdcxx-ng                                      ┆                                              ┆ 15.2.0       ┆ hdf11a46_18          ┆ conda-forge     
#16 254.9  │ │  ┆   26.93 KiB │
#16 254.9  │ │ │ libuuid                                           ┆                                              ┆ 2.42         ┆ h5347b49_0           ┆ conda-forge     
#16 254.9  │ │  ┆   39.35 KiB │
#16 254.9  │ │ │ libuv                                             ┆                                              ┆ 1.51.0       ┆ hb03c661_1           ┆ conda-forge     
#16 254.9  │ │  ┆  874.13 KiB │
#16 254.9  │ │ │ libxcrypt                                         ┆                                              ┆ 4.4.36       ┆ hd590300_1           ┆ conda-forge     
#16 254.9  │ │  ┆   98.04 KiB │
#16 254.9  │ │ │ libxml2                                           ┆                                              ┆ 2.15.3       ┆ h49c6c72_0           ┆ conda-forge     
#16 254.9  │ │  ┆   45.71 KiB │
#16 254.9  │ │ │ libxml2-16                                        ┆                                              ┆ 2.15.3       ┆ hca6bf5a_0           ┆ conda-forge     
#16 254.9  │ │  ┆  546.66 KiB │
#16 254.9  │ │ │ libzlib                                           ┆                                              ┆ 1.3.2        ┆ h25fd6f3_2           ┆ conda-forge     
#16 254.9  │ │  ┆   62.14 KiB │
#16 254.9  │ │ │ mccabe                                            ┆                                              ┆ 0.7.0        ┆ pyhd8ed1ab_1         ┆ conda-forge     
#16 254.9  │ │  ┆   12.63 KiB │
#16 254.9  │ │ │ ncurses                                           ┆                                              ┆ 6.6          ┆ hdb14827_0           ┆ conda-forge     
#16 254.9  │ │  ┆  897.42 KiB │
#16 254.9  │ │ │ openssl                                           ┆                                              ┆ 3.6.2        ┆ h35e630c_0           ┆ conda-forge     
#16 254.9  │ │  ┆    3.02 MiB │
#16 254.9  │ │ │ packaging                                         ┆                                              ┆ 26.2         ┆ pyhc364b38_0         ┆ conda-forge     
#16 254.9  │ │  ┆   89.43 KiB │
#16 254.9  │ │ │ pcre                                              ┆                                              ┆ 8.45         ┆ h9c3ff4c_0           ┆ conda-forge     
#16 254.9  │ │  ┆  253.30 KiB │
#16 254.9  │ │ │ pycodestyle                                       ┆                                              ┆ 2.14.0       ┆ pyhd8ed1ab_0         ┆ conda-forge     
#16 254.9  │ │  ┆   34.36 KiB │
#16 254.9  │ │ │ pydocstyle                                        ┆                                              ┆ 6.3.0        ┆ pyhd8ed1ab_1         ┆ conda-forge     
#16 254.9  │ │  ┆   39.29 KiB │
#16 254.9  │ │ │ pyflakes                                          ┆                                              ┆ 3.4.0        ┆ pyhd8ed1ab_0         ┆ conda-forge     
#16 254.9  │ │  ┆   58.20 KiB │
#16 254.9  │ │ │ pygments                                          ┆                                              ┆ 2.20.0       ┆ pyhd8ed1ab_0         ┆ conda-forge     
#16 254.9  │ │  ┆  872.10 KiB │
#16 254.9  │ │ │ pyparsing                                         ┆                                              ┆ 3.3.2        ┆ pyhcf101f3_0         ┆ conda-forge     
#16 254.9  │ │  ┆  108.29 KiB │
#16 254.9  │ │ │ python-dateutil                                   ┆                                              ┆ 2.9.0.post0  ┆ pyhe01879c_2         ┆ conda-forge     
#16 254.9  │ │  ┆  227.84 KiB │
#16 254.9  │ │ │ python_abi                                        ┆                                              ┆ 3.12         ┆ 8_cp312              ┆ conda-forge     
#16 254.9  │ │  ┆    6.79 KiB │
#16 254.9  │ │ │ readline                                          ┆                                              ┆ 8.3          ┆ h853b02a_0           ┆ conda-forge     
#16 254.9  │ │  ┆  336.99 KiB │
#16 254.9  │ │ │ rhash                                             ┆                                              ┆ 1.4.6        ┆ hb9d3cd8_1           ┆ conda-forge     
#16 254.9  │ │  ┆  189.23 KiB │
#16 254.9  │ │ │ ros-kilted-action-msgs                            ┆                                              ┆ 2.3.1        ┆ np2py312h2ed9cc7_17  ┆ robostack-kilted
#16 254.9  │ │  ┆  150.07 KiB │
#16 254.9  │ │ │ ros-kilted-ament-cmake-copyright                  ┆                                              ┆ 0.19.2       ┆ np2py312h2ed9cc7_17  ┆ robostack-kilted
#16 254.9  │ │  ┆   22.14 KiB │
#16 254.9  │ │ │ ros-kilted-ament-cmake-core                       ┆                                              ┆ 2.7.5        ┆ np2py312h2ed9cc7_17  ┆ robostack-kilted
#16 254.9  │ │  ┆   43.98 KiB │
#16 254.9  │ │ │ ros-kilted-ament-cmake-cppcheck                   ┆                                              ┆ 0.19.2       ┆ np2py312h2ed9cc7_17  ┆ robostack-kilted
#16 254.9  │ │  ┆   23.89 KiB │
#16 254.9  │ │ │ ros-kilted-ament-cmake-cpplint                    ┆                                              ┆ 0.19.2       ┆ np2py312h2ed9cc7_17  ┆ robostack-kilted
#16 254.9  │ │  ┆   22.76 KiB │
#16 254.9  │ │ │ ros-kilted-ament-cmake-export-definitions         ┆                                              ┆ 2.7.5        ┆ np2py312h2ed9cc7_17  ┆ robostack-kilted
#16 254.9  │ │  ┆   21.48 KiB │
#16 254.9  │ │ │ ros-kilted-ament-cmake-export-dependencies        ┆                                              ┆ 2.7.5        ┆ np2py312h2ed9cc7_17  ┆ robostack-kilted
#16 254.9  │ │  ┆   22.41 KiB │
#16 254.9  │ │ │ ros-kilted-ament-cmake-export-include-directories ┆                                              ┆ 2.7.5        ┆ np2py312h2ed9cc7_17  ┆ robostack-kilted
#16 254.9  │ │  ┆   21.91 KiB │
#16 254.9  │ │ │ ros-kilted-ament-cmake-export-interfaces          ┆                                              ┆ 2.7.5        ┆ np2py312h2ed9cc7_17  ┆ robostack-kilted
#16 254.9  │ │  ┆   22.11 KiB │
#16 254.9  │ │ │ ros-kilted-ament-cmake-export-libraries           ┆                                              ┆ 2.7.5        ┆ np2py312h2ed9cc7_17  ┆ robostack-kilted
#16 254.9  │ │  ┆   23.39 KiB │
#16 254.9  │ │ │ ros-kilted-ament-cmake-export-link-flags          ┆                                              ┆ 2.7.5        ┆ np2py312h2ed9cc7_17  ┆ robostack-kilted
#16 254.9  │ │  ┆   21.45 KiB │
#16 254.9  │ │ │ ros-kilted-ament-cmake-export-targets             ┆                                              ┆ 2.7.5        ┆ np2py312h2ed9cc7_17  ┆ robostack-kilted
#16 254.9  │ │  ┆   22.26 KiB │
#16 254.9  │ │ │ ros-kilted-ament-cmake-flake8                     ┆                                              ┆ 0.19.2       ┆ np2py312h2ed9cc7_17  ┆ robostack-kilted
#16 254.9  │ │  ┆   23.73 KiB │
#16 254.9  │ │ │ ros-kilted-ament-cmake-gen-version-h              ┆                                              ┆ 2.7.5        ┆ np2py312h2ed9cc7_17  ┆ robostack-kilted
#16 254.9  │ │  ┆   24.16 KiB │
#16 254.9  │ │ │ ros-kilted-ament-cmake-include-directories        ┆                                              ┆ 2.7.5        ┆ np2py312h2ed9cc7_17  ┆ robostack-kilted
#16 254.9  │ │  ┆   21.36 KiB │
#16 254.9  │ │ │ ros-kilted-ament-cmake-libraries                  ┆                                              ┆ 2.7.5        ┆ np2py312h2ed9cc7_17  ┆ robostack-kilted
#16 254.9  │ │  ┆   21.06 KiB │
#16 254.9  │ │ │ ros-kilted-ament-cmake-lint-cmake                 ┆                                              ┆ 0.19.2       ┆ np2py312h2ed9cc7_17  ┆ robostack-kilted
#16 254.9  │ │  ┆   21.80 KiB │
#16 254.9  │ │ │ ros-kilted-ament-cmake-pep257                     ┆                                              ┆ 0.19.2       ┆ np2py312h2ed9cc7_17  ┆ robostack-kilted
#16 254.9  │ │  ┆   22.58 KiB │
#16 254.9  │ │ │ ros-kilted-ament-cmake-python                     ┆                                              ┆ 2.7.5        ┆ np2py312h2ed9cc7_17  ┆ robostack-kilted
#16 254.9  │ │  ┆   23.55 KiB │
#16 254.9  │ │ │ ros-kilted-ament-cmake-ros-core                   ┆                                              ┆ 0.14.7       ┆ np2py312h2ed9cc7_17  ┆ robostack-kilted
#16 254.9  │ │  ┆   26.39 KiB │
#16 254.9  │ │ │ ros-kilted-ament-cmake-target-dependencies        ┆                                              ┆ 2.7.5        ┆ np2py312h2ed9cc7_17  ┆ robostack-kilted
#16 254.9  │ │  ┆   23.29 KiB │
#16 254.9  │ │ │ ros-kilted-ament-cmake-test                       ┆                                              ┆ 2.7.5        ┆ np2py312h2ed9cc7_17  ┆ robostack-kilted
#16 254.9  │ │  ┆   35.17 KiB │
#16 254.9  │ │ │ ros-kilted-ament-cmake-uncrustify                 ┆                                              ┆ 0.19.2       ┆ np2py312h2ed9cc7_17  ┆ robostack-kilted
#16 254.9  │ │  ┆   23.12 KiB │
#16 254.9  │ │ │ ros-kilted-ament-cmake-version                    ┆                                              ┆ 2.7.5        ┆ np2py312h2ed9cc7_17  ┆ robostack-kilted
#16 254.9  │ │  ┆   21.24 KiB │
#16 254.9  │ │ │ ros-kilted-ament-cmake-xmllint                    ┆                                              ┆ 0.19.2       ┆ np2py312h2ed9cc7_17  ┆ robostack-kilted
#16 254.9  │ │  ┆   22.58 KiB │
#16 254.9  │ │ │ ros-kilted-ament-copyright                        ┆                                              ┆ 0.19.2       ┆ np2py312h2ed9cc7_17  ┆ robostack-kilted
#16 254.9  │ │  ┆   64.93 KiB │
#16 254.9  │ │ │ ros-kilted-ament-cppcheck                         ┆                                              ┆ 0.19.2       ┆ np2py312h2ed9cc7_17  ┆ robostack-kilted
#16 254.9  │ │  ┆   29.34 KiB │
#16 254.9  │ │ │ ros-kilted-ament-cpplint                          ┆                                              ┆ 0.19.2       ┆ np2py312h2ed9cc7_17  ┆ robostack-kilted
#16 254.9  │ │  ┆  165.26 KiB │
#16 254.9  │ │ │ ros-kilted-ament-flake8                           ┆                                              ┆ 0.19.2       ┆ np2py312h2ed9cc7_17  ┆ robostack-kilted
#16 254.9  │ │  ┆   27.55 KiB │
#16 254.9  │ │ │ ros-kilted-ament-index-python                     ┆                                              ┆ 1.11.3       ┆ np2py312h2ed9cc7_17  ┆ robostack-kilted
#16 254.9  │ │  ┆   29.79 KiB │
#16 254.9  │ │ │ ros-kilted-ament-lint                             ┆                                              ┆ 0.19.2       ┆ np2py312h2ed9cc7_17  ┆ robostack-kilted
#16 254.9  │ │  ┆   17.04 KiB │
#16 254.9  │ │ │ ros-kilted-ament-lint-cmake                       ┆                                              ┆ 0.19.2       ┆ np2py312h2ed9cc7_17  ┆ robostack-kilted
#16 254.9  │ │  ┆   38.71 KiB │
#16 254.9  │ │ │ ros-kilted-ament-package                          ┆                                              ┆ 0.17.2       ┆ np2py312h2ed9cc7_17  ┆ robostack-kilted
#16 254.9  │ │  ┆   41.83 KiB │
#16 254.9  │ │ │ ros-kilted-ament-pep257                           ┆                                              ┆ 0.19.2       ┆ np2py312h2ed9cc7_17  ┆ robostack-kilted
#16 254.9  │ │  ┆   26.22 KiB │
#16 254.9  │ │ │ ros-kilted-ament-uncrustify                       ┆                                              ┆ 0.19.2       ┆ np2py312h2ed9cc7_17  ┆ robostack-kilted
#16 254.9  │ │  ┆   66.74 KiB │
#16 254.9  │ │ │ ros-kilted-ament-xmllint                          ┆                                              ┆ 0.19.2       ┆ np2py312h2ed9cc7_17  ┆ robostack-kilted
#16 254.9  │ │  ┆   27.28 KiB │
#16 254.9  │ │ │ ros-kilted-fastcdr                                ┆                                              ┆ 2.3.5        ┆ np2py312h2ed9cc7_17  ┆ robostack-kilted
#16 254.9  │ │  ┆   87.44 KiB │
#16 254.9  │ │ │ ros-kilted-rcpputils                              ┆                                              ┆ 2.13.5       ┆ np2py312h2ed9cc7_17  ┆ robostack-kilted
#16 254.9  │ │  ┆   79.27 KiB │
#16 254.9  │ │ │ ros-kilted-rcutils                                ┆                                              ┆ 6.9.10       ┆ np2py312h2ed9cc7_17  ┆ robostack-kilted
#16 254.9  │ │  ┆  121.88 KiB │
#16 254.9  │ │ │ ros-kilted-rmw                                    ┆                                              ┆ 7.8.2        ┆ np2py312h2ed9cc7_17  ┆ robostack-kilted
#16 254.9  │ │  ┆   94.45 KiB │
#16 254.9  │ │ │ ros-kilted-ros-environment                        ┆                                              ┆ 4.3.1        ┆ np2py312h2ed9cc7_17  ┆ robostack-kilted
#16 254.9  │ │  ┆   20.85 KiB │
#16 254.9  │ │ │ ros-kilted-rosidl-adapter                         ┆                                              ┆ 4.9.6        ┆ np2py312h2ed9cc7_17  ┆ robostack-kilted
#16 254.9  │ │  ┆   66.46 KiB │
#16 254.9  │ │ │ ros-kilted-rosidl-cli                             ┆                                              ┆ 4.9.6        ┆ np2py312h2ed9cc7_17  ┆ robostack-kilted
#16 254.9  │ │  ┆   45.24 KiB │
#16 254.9  │ │ │ ros-kilted-rosidl-cmake                           ┆                                              ┆ 4.9.6        ┆ np2py312h2ed9cc7_17  ┆ robostack-kilted
#16 254.9  │ │  ┆   35.50 KiB │
#16 254.9  │ │ │ ros-kilted-rosidl-core-generators                 ┆                                              ┆ 0.3.2        ┆ np2py312h2ed9cc7_17  ┆ robostack-kilted
#16 254.9  │ │  ┆   30.27 KiB │
#16 254.9  │ │ │ ros-kilted-rosidl-core-runtime                    ┆                                              ┆ 0.3.2        ┆ np2py312h2ed9cc7_17  ┆ robostack-kilted
#16 254.9  │ │  ┆   29.33 KiB │
#16 254.9  │ │ │ ros-kilted-rosidl-default-runtime                 ┆                                              ┆ 1.7.2        ┆ np2py312h2ed9cc7_17  ┆ robostack-kilted
#16 254.9  │ │  ┆   29.88 KiB │
#16 254.9  │ │ │ ros-kilted-rosidl-dynamic-typesupport             ┆                                              ┆ 0.3.1        ┆ np2py312h2ed9cc7_17  ┆ robostack-kilted
#16 254.9  │ │  ┆   59.43 KiB │
#16 254.9  │ │ │ ros-kilted-rosidl-generator-c                     ┆                                              ┆ 4.9.6        ┆ np2py312h2ed9cc7_17  ┆ robostack-kilted
#16 254.9  │ │  ┆   50.87 KiB │
#16 254.9  │ │ │ ros-kilted-rosidl-generator-cpp                   ┆                                              ┆ 4.9.6        ┆ np2py312h2ed9cc7_17  ┆ robostack-kilted
#16 254.9  │ │  ┆   49.20 KiB │
#16 254.9  │ │ │ ros-kilted-rosidl-generator-py                    ┆                                              ┆ 0.24.2       ┆ np2py312h2ed9cc7_17  ┆ robostack-kilted
#16 254.9  │ │  ┆   58.46 KiB │
#16 254.9  │ │ │ ros-kilted-rosidl-generator-rs                    ┆                                              ┆ 0.4.11       ┆ np2py312h2ed9cc7_17  ┆ robostack-kilted
#16 254.9  │ │  ┆   47.05 KiB │
#16 254.9  │ │ │ ros-kilted-rosidl-generator-type-description      ┆                                              ┆ 4.9.6        ┆ np2py312h2ed9cc7_17  ┆ robostack-kilted
#16 254.9  │ │  ┆   45.90 KiB │
#16 254.9  │ │ │ ros-kilted-rosidl-parser                          ┆                                              ┆ 4.9.6        ┆ np2py312h2ed9cc7_17  ┆ robostack-kilted
#16 254.9  │ │  ┆   64.65 KiB │
#16 254.9  │ │ │ ros-kilted-rosidl-pycommon                        ┆                                              ┆ 4.9.6        ┆ np2py312h2ed9cc7_17  ┆ robostack-kilted
#16 254.9  │ │  ┆   26.21 KiB │
#16 254.9  │ │ │ ros-kilted-rosidl-runtime-c                       ┆                                              ┆ 4.9.6        ┆ np2py312h2ed9cc7_17  ┆ robostack-kilted
#16 254.9  │ │  ┆   80.85 KiB │
#16 254.9  │ │ │ ros-kilted-rosidl-runtime-cpp                     ┆                                              ┆ 4.9.6        ┆ np2py312h2ed9cc7_17  ┆ robostack-kilted
#16 254.9  │ │  ┆   40.18 KiB │
#16 254.9  │ │ │ ros-kilted-rosidl-typesupport-c                   ┆                                              ┆ 3.3.3        ┆ np2py312h2ed9cc7_17  ┆ robostack-kilted
#16 254.9  │ │  ┆   49.61 KiB │
#16 254.9  │ │ │ ros-kilted-rosidl-typesupport-cpp                 ┆                                              ┆ 3.3.3        ┆ np2py312h2ed9cc7_17  ┆ robostack-kilted
#16 254.9  │ │  ┆   48.76 KiB │
#16 254.9  │ │ │ ros-kilted-rosidl-typesupport-fastrtps-c          ┆                                              ┆ 3.8.2        ┆ np2py312h2ed9cc7_17  ┆ robostack-kilted
#16 254.9  │ │  ┆   50.31 KiB │
#16 254.9  │ │ │ ros-kilted-rosidl-typesupport-fastrtps-cpp        ┆                                              ┆ 3.8.2        ┆ np2py312h2ed9cc7_17  ┆ robostack-kilted
#16 254.9  │ │  ┆   52.32 KiB │
#16 254.9  │ │ │ ros-kilted-rosidl-typesupport-interface           ┆                                              ┆ 4.9.6        ┆ np2py312h2ed9cc7_17  ┆ robostack-kilted
#16 254.9  │ │  ┆   28.82 KiB │
#16 254.9  │ │ │ ros-kilted-rosidl-typesupport-introspection-c     ┆                                              ┆ 4.9.6        ┆ np2py312h2ed9cc7_17  ┆ robostack-kilted
#16 254.9  │ │  ┆   45.99 KiB │
#16 254.9  │ │ │ ros-kilted-rosidl-typesupport-introspection-cpp   ┆                                              ┆ 4.9.6        ┆ np2py312h2ed9cc7_17  ┆ robostack-kilted
#16 254.9  │ │  ┆   46.24 KiB │
#16 254.9  │ │ │ ros-kilted-rpyutils                               ┆                                              ┆ 0.6.3        ┆ np2py312h2ed9cc7_17  ┆ robostack-kilted
#16 254.9  │ │  ┆   26.66 KiB │
#16 254.9  │ │ │ ros-kilted-service-msgs                           ┆                                              ┆ 2.3.1        ┆ np2py312h2ed9cc7_17  ┆ robostack-kilted
#16 254.9  │ │  ┆   78.16 KiB │
#16 254.9  │ │ │ ros-kilted-uncrustify-vendor                      ┆                                              ┆ 3.1.0        ┆ np2py312h2ed9cc7_17  ┆ robostack-kilted
#16 254.9  │ │  ┆   22.64 KiB │
#16 254.9  │ │ │ ros-kilted-unique-identifier-msgs                 ┆                                              ┆ 2.7.0        ┆ np2py312h2ed9cc7_17  ┆ robostack-kilted
#16 254.9  │ │  ┆   72.52 KiB │
#16 254.9  │ │ │ setuptools                                        ┆                                              ┆ 82.0.1       ┆ pyh332efcf_0         ┆ conda-forge     
#16 254.9  │ │  ┆  624.70 KiB │
#16 254.9  │ │ │ six                                               ┆                                              ┆ 1.17.0       ┆ pyhe01879c_1         ┆ conda-forge     
#16 254.9  │ │  ┆   18.02 KiB │
#16 254.9  │ │ │ snowballstemmer                                   ┆                                              ┆ 3.0.1        ┆ pyhd8ed1ab_0         ┆ conda-forge     
#16 254.9  │ │  ┆   71.30 KiB │
#16 254.9  │ │ │ tinyxml2                                          ┆                                              ┆ 11.0.0       ┆ h3f2d84a_0           ┆ conda-forge     
#16 254.9  │ │  ┆  128.27 KiB │
#16 254.9  │ │ │ tk                                                ┆                                              ┆ 8.6.13       ┆ noxft_h366c992_103   ┆ conda-forge     
#16 254.9  │ │  ┆    3.15 MiB │
#16 254.9  │ │ │ tomli                                             ┆                                              ┆ 2.4.1        ┆ pyhcf101f3_0         ┆ conda-forge     
#16 254.9  │ │  ┆   21.06 KiB │
#16 254.9  │ │ │ tzdata                                            ┆                                              ┆ 2025c        ┆ hc9c84f9_1           ┆ conda-forge     
#16 254.9  │ │  ┆  116.34 KiB │
#16 254.9  │ │ │ uncrustify                                        ┆                                              ┆ 0.81.0       ┆ h54a6638_2           ┆ conda-forge     
#16 254.9  │ │  ┆  707.61 KiB │
#16 254.9  │ │ │ wheel                                             ┆                                              ┆ 0.47.0       ┆ pyhd8ed1ab_0         ┆ conda-forge     
#16 254.9  │ │  ┆   32.71 KiB │
#16 254.9  │ │ │ zipp                                              ┆                                              ┆ 3.23.1       ┆ pyhcf101f3_0         ┆ conda-forge     
#16 254.9  │ │  ┆   23.89 KiB │
#16 254.9  │ │ │ zstd                                              ┆                                              ┆ 1.5.7        ┆ hb78ec9c_6           ┆ conda-forge     
#16 254.9  │ │  ┆  587.28 KiB │
#16 254.9  │ │ ╰───────────────────────────────────────────────────┴──────────────────────────────────────────────┴──────────────┴──────────────────────┴─────────────────
#16 254.9  │ │ ─┴─────────────╯
#16 254.9  │ │ Resolved run dependencies(ros-kilted-aic-model-interfaces-0.0.1-hb0f4dca_0):
#16 254.9  │ │ ╭───────────────────────────────────┬──────────────────────────────────────────────────────╮
#16 254.9  │ │ │ Name                              ┆ Spec                                                 │
#16 254.9  │ │ ╞═══════════════════════════════════╪══════════════════════════════════════════════════════╡
#16 254.9  │ │ │ Run dependencies                  ┆                                                      │
#16 254.9  │ │ │ libgcc                            ┆ >=15 (RE of [build: gcc_linux-64])                   │
#16 254.9  │ │ │                                   ┆ >=15 (RE of [build: gxx_linux-64])                   │
#16 254.9  │ │ │ libstdcxx                         ┆ >=15 (RE of [build: gxx_linux-64])                   │
#16 254.9  │ │ │ numpy                             ┆ >=1.23,<3 (RE of [host: numpy])                      │
#16 254.9  │ │ │ python_abi                        ┆ 3.12.* *_cp312 (RE of [host: python])                │
#16 254.9  │ │ │ ros-kilted-aic-control-interfaces ┆ *                                                    │
#16 254.9  │ │ │ ros-kilted-builtin-interfaces     ┆ *                                                    │
#16 254.9  │ │ │ ros-kilted-geometry-msgs          ┆ *                                                    │
#16 254.9  │ │ │ ros-kilted-rosidl-default-runtime ┆ *                                                    │
#16 254.9  │ │ │ ros-kilted-sensor-msgs            ┆ *                                                    │
#16 254.9  │ │ │ ros-kilted-std-msgs               ┆ *                                                    │
#16 254.9  │ │ │ ros-kilted-trajectory-msgs        ┆ *                                                    │
#16 254.9  │ │ │ ros2-distro-mutex                 ┆ *                                                    │
#16 254.9  │ │ │                                   ┆ >=0.14.0,<0.15.0a0 (RE of [host: ros2-distro-mutex]) │
#16 254.9  │ │ ╰───────────────────────────────────┴──────────────────────────────────────────────────────╯
#16 254.9  │ │
#16 254.9  │ ╰─────────────────── (took 0 seconds)
#16 255.3  │
#16 255.3  │ ╭─ Running build script
#16 255.3  │ │ INFO: activate-binutils_linux-64.sh made the following environmental changes:
#16 255.3  │ │ +ADDR2LINE=x86_64-conda-linux-gnu-addr2line
#16 255.3  │ │ +AR=x86_64-conda-linux-gnu-ar
#16 255.3  │ │ +AS=x86_64-conda-linux-gnu-as
#16 255.3  │ │ +CXXFILT=x86_64-conda-linux-gnu-c++filt
#16 255.3  │ │ +ELFEDIT=x86_64-conda-linux-gnu-elfedit
#16 255.3  │ │ +GPROF=x86_64-conda-linux-gnu-gprof
#16 255.3  │ │ +LD=x86_64-conda-linux-gnu-ld
#16 255.3  │ │ +NM=x86_64-conda-linux-gnu-nm
#16 255.3  │ │ +OBJCOPY=x86_64-conda-linux-gnu-objcopy
#16 255.3  │ │ +OBJDUMP=x86_64-conda-linux-gnu-objdump
#16 255.3  │ │ +RANLIB=x86_64-conda-linux-gnu-ranlib
#16 255.3  │ │ +READELF=x86_64-conda-linux-gnu-readelf
#16 255.3  │ │ +SIZE=x86_64-conda-linux-gnu-size
#16 255.3  │ │ +STRINGS=x86_64-conda-linux-gnu-strings
#16 255.3  │ │ +STRIP=x86_64-conda-linux-gnu-strip
#16 255.3  │ │ INFO: activate-gcc_linux-64.sh made the following environmental changes:
#16 255.3  │ │ +BUILD=x86_64-conda-linux-gnu
#16 255.3  │ │ +CC=x86_64-conda-linux-gnu-cc
#16 255.3  │ │ +CC_FOR_BUILD=x86_64-conda-linux-gnu-cc
#16 255.3  │ │ +CFLAGS=-march=nocona -mtune=haswell -ftree-vectorize -fPIC -fstack-protector-strong -fno-plt -O2 -ffunction-sections -pipe -isystem $PREFIX/include -fdebu
#16 255.3  │ │ g-prefix-map=$SRC_DIR=/usr/local/src/conda/ros-kilted-aic-model-interfaces-0.0.1 -fdebug-prefix-map=$PREFIX=/usr/local/src/conda-prefix
#16 255.3  │ │ +CMAKE_ARGS=-DCMAKE_AR=$BUILD_PREFIX/bin/x86_64-conda-linux-gnu-ar -DCMAKE_CXX_COMPILER_AR=$BUILD_PREFIX/bin/x86_64-conda-linux-gnu-gcc-ar -DCMAKE_C_COMPIL
#16 255.3  │ │ ER_AR=$BUILD_PREFIX/bin/x86_64-conda-linux-gnu-gcc-ar -DCMAKE_RANLIB=$BUILD_PREFIX/bin/x86_64-conda-linux-gnu-ranlib -DCMAKE_CXX_COMPILER_RANLIB=$BUILD_PRE
#16 255.3  │ │ FIX/bin/x86_64-conda-linux-gnu-gcc-ranlib -DCMAKE_C_COMPILER_RANLIB=$BUILD_PREFIX/bin/x86_64-conda-linux-gnu-gcc-ranlib -DCMAKE_LINKER=$BUILD_PREFIX/bin/x8
#16 255.3  │ │ 6_64-conda-linux-gnu-ld -DCMAKE_STRIP=$BUILD_PREFIX/bin/x86_64-conda-linux-gnu-strip -DCMAKE_BUILD_TYPE=Release -DCMAKE_FIND_ROOT_PATH_MODE_PROGRAM=NEVER -
#16 255.3  │ │ DCMAKE_FIND_ROOT_PATH_MODE_LIBRARY=ONLY -DCMAKE_FIND_ROOT_PATH_MODE_INCLUDE=ONLY -DCMAKE_FIND_ROOT_PATH=$PREFIX;$BUILD_PREFIX/x86_64-conda-linux-gnu/sysroo
#16 255.3  │ │ t -DCMAKE_INSTALL_PREFIX=$PREFIX -DCMAKE_INSTALL_LIBDIR=lib -DCMAKE_PROGRAM_PATH=$BUILD_PREFIX/bin;$PREFIX/bin
#16 255.3  │ │ +CMAKE_PREFIX_PATH=$PREFIX:$BUILD_PREFIX/x86_64-conda-linux-gnu/sysroot/usr
#16 255.3  │ │ +CONDA_BUILD_CROSS_COMPILATION=
#16 255.3  │ │ +CONDA_BUILD_SYSROOT=$BUILD_PREFIX/x86_64-conda-linux-gnu/sysroot
#16 255.3  │ │ +CONDA_TOOLCHAIN_BUILD=x86_64-conda-linux-gnu
#16 255.3  │ │ +CONDA_TOOLCHAIN_HOST=x86_64-conda-linux-gnu
#16 255.3  │ │ +CPP=x86_64-conda-linux-gnu-cpp
#16 255.3  │ │ +CPPFLAGS=-DNDEBUG -D_FORTIFY_SOURCE=2 -O2 -isystem $PREFIX/include
#16 255.3  │ │ +CPP_FOR_BUILD=x86_64-conda-linux-gnu-cpp
#16 255.3  │ │ +DEBUG_CFLAGS=-march=nocona -mtune=haswell -ftree-vectorize -fPIC -fstack-protector-all -fno-plt -Og -g -Wall -Wextra -fvar-tracking-assignments -ffunction
#16 255.3  │ │ -sections -pipe -isystem $PREFIX/include -fdebug-prefix-map=$SRC_DIR=/usr/local/src/conda/ros-kilted-aic-model-interfaces-0.0.1 -fdebug-prefix-map=$PREFIX=
#16 255.3  │ │ /usr/local/src/conda-prefix
#16 255.3  │ │ +DEBUG_CPPFLAGS=-D_DEBUG -D_FORTIFY_SOURCE=2 -Og -isystem $PREFIX/include
#16 255.3  │ │ +GCC=x86_64-conda-linux-gnu-gcc
#16 255.3  │ │ +GCC_AR=x86_64-conda-linux-gnu-gcc-ar
#16 255.3  │ │ +GCC_NM=x86_64-conda-linux-gnu-gcc-nm
#16 255.3  │ │ +GCC_RANLIB=x86_64-conda-linux-gnu-gcc-ranlib
#16 255.3  │ │ +HOST=x86_64-conda-linux-gnu
#16 255.3  │ │ +LDFLAGS=-Wl,-O2 -Wl,--sort-common -Wl,--as-needed -Wl,-z,relro -Wl,-z,now -Wl,--disable-new-dtags -Wl,--gc-sections -Wl,--allow-shlib-undefined -Wl,-rpath
#16 255.3  │ │ ,$PREFIX/lib -Wl,-rpath-link,$PREFIX/lib -L$PREFIX/lib
#16 255.3  │ │ +LDFLAGS_LD=-O2 --sort-common --as-needed -z relro -z now --disable-new-dtags --gc-sections --allow-shlib-undefined -rpath $PREFIX/lib -rpath-link $PREFIX/
#16 255.4  │ │ lib -L$PREFIX/lib
#16 255.4  │ │ +MESON_ARGS=-Dbuildtype=release --prefix=$PREFIX -Dlibdir=lib
#16 255.4  │ │ +build_alias=x86_64-conda-linux-gnu
#16 255.4  │ │ +host_alias=x86_64-conda-linux-gnu
#16 255.4  │ │ -BUILD=x86_64-conda_cos6-linux-gnu
#16 255.4  │ │ -CONDA_BUILD_CROSS_COMPILATION=0
#16 255.4  │ │ INFO: activate-gxx_linux-64.sh made the following environmental changes:
#16 255.4  │ │ +CXX=x86_64-conda-linux-gnu-c++
#16 255.4  │ │ +CXXFLAGS=-fvisibility-inlines-hidden -fmessage-length=0 -march=nocona -mtune=haswell -ftree-vectorize -fPIC -fstack-protector-strong -fno-plt -O2 -ffuncti
#16 255.4  │ │ on-sections -pipe -isystem $PREFIX/include -fdebug-prefix-map=$SRC_DIR=/usr/local/src/conda/ros-kilted-aic-model-interfaces-0.0.1 -fdebug-prefix-map=$PREFI
#16 255.4  │ │ X=/usr/local/src/conda-prefix
#16 255.4  │ │ +CXX_FOR_BUILD=x86_64-conda-linux-gnu-c++
#16 255.4  │ │ +DEBUG_CXXFLAGS=-fvisibility-inlines-hidden -fmessage-length=0 -march=nocona -mtune=haswell -ftree-vectorize -fPIC -fstack-protector-all -fno-plt -Og -g -W
#16 255.4  │ │ all -Wextra -fvar-tracking-assignments -ffunction-sections -pipe -isystem $PREFIX/include -fdebug-prefix-map=$SRC_DIR=/usr/local/src/conda/ros-kilted-aic-m
#16 255.4  │ │ odel-interfaces-0.0.1 -fdebug-prefix-map=$PREFIX=/usr/local/src/conda-prefix
#16 255.4  │ │ +GXX=x86_64-conda-linux-gnu-g++
#16 255.5  │ │ $SRC_DIR/build $SRC_DIR
#16 255.5  │ │ USING PYTHON_EXECUTABLE=$PREFIX/bin/python
#16 255.5  │ │ USING PKG_CONFIG_EXECUTABLE=$PREFIX/bin/pkg-config
#16 255.5  │ │ Using Python 3
#16 255.5  │ │ Using PREFIX: $PREFIX
#16 255.5  │ │ Using SP_DIR: $PREFIX/lib/python3.12/site-packages
#16 255.5  │ │ Using CONDA_BUILD: 1
#16 255.5  │ │ Using CPU_COUNT: 8
#16 255.5  │ │ Using PY_VER: 3
#16 255.5  │ │ Using PYTHON: $PREFIX/bin/python
#16 255.5  │ │ Using STDLIB_DIR: $PREFIX/lib/python3.12
#16 255.5  │ │ Using ROS_PYTHON_VERSION: 3
#16 255.5  │ │ Using SRC_DIR: $SRC_DIR
#16 255.5  │ │ Using PYTHON_INSTALL_DIR: lib/python3.12/site-packages
#16 255.6  │ │ Ignoring COMPILE_WARNING_AS_ERROR target property and CMAKE_COMPILE_WARNING_AS_ERROR variable.
#16 255.6  │ │ [0mCMake Deprecation Warning at CMakeLists.txt:1 (cmake_minimum_required):
#16 255.6  │ │   Compatibility with CMake < 3.10 will be removed from a future version of
#16 255.6  │ │   CMake.
#16 255.6  │ │   Update the VERSION argument <min> value.  Or, use the <min>...<max> syntax
#16 255.6  │ │   to tell CMake that the project requires at least <min> but has been updated
#16 255.6  │ │   to work with policies introduced by <max> or earlier.
#16 255.6  │ │ [0m
#16 255.9  │ │ -- The C compiler identification is GNU 15.2.0
#16 256.3  │ │ -- The CXX compiler identification is GNU 15.2.0
#16 256.4  │ │ -- Detecting C compiler ABI info
#16 256.6  │ │ -- Detecting C compiler ABI info - done
#16 256.6  │ │ -- Check for working C compiler: $BUILD_PREFIX/bin/x86_64-conda-linux-gnu-cc - skipped
#16 256.6  │ │ -- Detecting C compile features
#16 256.6  │ │ -- Detecting C compile features - done
#16 256.7  │ │ -- Detecting CXX compiler ABI info
#16 256.8  │ │ -- Detecting CXX compiler ABI info - done
#16 256.9  │ │ -- Check for working CXX compiler: $BUILD_PREFIX/bin/x86_64-conda-linux-gnu-c++ - skipped
#16 256.9  │ │ -- Detecting CXX compile features
#16 256.9  │ │ -- Detecting CXX compile features - done
#16 256.9  │ │ -- Found aic_control_interfaces: 0.0.1 ($PREFIX/share/aic_control_interfaces/cmake)
#16 257.2  │ │ -- Found Python3: $PREFIX/bin/python (found version "3.12.13") found components: Interpreter
#16 257.6  │ │ -- Found rosidl_generator_c: 4.9.6 ($PREFIX/share/rosidl_generator_c/cmake)
#16 257.6  │ │ -- Found rosidl_generator_cpp: 4.9.6 ($PREFIX/share/rosidl_generator_cpp/cmake)
#16 257.7  │ │ -- Using all available rosidl_typesupport_c: rosidl_typesupport_fastrtps_c;rosidl_typesupport_introspection_c
#16 257.7  │ │ -- Using all available rosidl_typesupport_cpp: rosidl_typesupport_fastrtps_cpp;rosidl_typesupport_introspection_cpp
#16 258.1  │ │ -- Found rosidl_default_generators: 1.7.2 ($PREFIX/share/rosidl_default_generators/cmake)
#16 258.2  │ │ -- Found rosidl_adapter: 4.9.6 ($PREFIX/share/rosidl_adapter/cmake)
#16 258.2  │ │ -- Found sensor_msgs: 5.5.2 ($PREFIX/share/sensor_msgs/cmake)
#16 260.2  │ │ -- Found ament_cmake_ros_core: 0.14.7 ($PREFIX/share/ament_cmake_ros_core/cmake)
#16 262.5  │ │ -- Using all available rosidl_typesupport_c: rosidl_typesupport_fastrtps_c;rosidl_typesupport_introspection_c
#16 263.5  │ │ -- Using all available rosidl_typesupport_cpp: rosidl_typesupport_fastrtps_cpp;rosidl_typesupport_introspection_cpp
#16 264.4  │ │ -- Found Python3: $PREFIX/bin/python (found version "3.12.13") found components: Interpreter Development NumPy Development.Module Development.Embed
#16 264.8  │ │ -- Found Python3: $PREFIX/bin/python (found version "3.12.13") found components: Interpreter
#16 264.9  │ │ -- Configuring done (9.3s)
#16 265.0  │ │ -- Generating done (0.2s)
#16 265.0  │ │ [33mCMake Warning:
#16 265.0  │ │   Manually-specified variables were not used by the project:
#16 265.0  │ │     AMENT_PREFIX_PATH
#16 265.0  │ │     CATKIN_SKIP_TESTING
#16 265.0  │ │     CMAKE_INSTALL_LIBDIR
#16 265.1  │ │ -- Build files have been written to: $SRC_DIR/build
#16 265.1  │ │     CMAKE_INSTALL_SYSTEM_RUNTIME_LIBS_SKIP
#16 265.1  │ │     PKG_CONFIG_EXECUTABLE
#16 265.1  │ │     Python_EXECUTABLE
#16 265.1  │ │     SETUPTOOLS_DEB_LAYOUT
#16 265.1  │ │ [0m
#16 265.1  │ │ [1/38] cd $SRC_DIR/build && $BUILD_PREFIX/bin/cmake -E copy_directory $SRC_DIR/build/rosidl_generator_py/aic_model_interfaces $SRC_DIR/build/ament_cmake_py
#16 265.1  │ │ thon/aic_model_interfaces/aic_model_interfaces
#16 265.6  │ │ [2/38] Generating type hashes for ROS interfaces
#16 265.7  │ │ [3/38] Generating Rust code for ROS interfaces
#16 266.0  │ │ [4/38] Generating C++ code for ROS interfaces
#16 266.1  │ │ [5/38] Generating C code for ROS interfaces
#16 266.1  │ │ [6/38] cd $SRC_DIR/build/ament_cmake_python/aic_model_interfaces && $PREFIX/bin/python setup.py egg_info
#16 266.1  │ │ running egg_info
#16 266.1  │ │ creating aic_model_interfaces.egg-info
#16 266.1  │ │ writing aic_model_interfaces.egg-info/PKG-INFO
#16 266.1  │ │ writing dependency_links to aic_model_interfaces.egg-info/dependency_links.txt
#16 266.1  │ │ writing top-level names to aic_model_interfaces.egg-info/top_level.txt
#16 266.1  │ │ writing manifest file 'aic_model_interfaces.egg-info/SOURCES.txt'
#16 266.1  │ │ reading manifest file 'aic_model_interfaces.egg-info/SOURCES.txt'
#16 266.1  │ │ writing manifest file 'aic_model_interfaces.egg-info/SOURCES.txt'
#16 266.2  │ │ [7/38] Building C object CMakeFiles/aic_model_interfaces__rosidl_generator_c.dir/rosidl_generator_c/aic_model_interfaces/msg/detail/observation__type_suppo
#16 266.2  │ │ rt.c.o
#16 266.3  │ │ [8/38] Building C object CMakeFiles/aic_model_interfaces__rosidl_generator_c.dir/rosidl_generator_c/aic_model_interfaces/msg/detail/observation__descriptio
#16 266.3  │ │ n.c.o
#16 266.4  │ │ [9/38] Building C object CMakeFiles/aic_model_interfaces__rosidl_generator_c.dir/rosidl_generator_c/aic_model_interfaces/msg/detail/observation__functions.
#16 266.4  │ │ c.o
#16 266.5  │ │ [10/38] Linking C shared library libaic_model_interfaces__rosidl_generator_c.so
#16 267.0  │ │ [11/38] Generating C introspection for ROS interfaces
#16 267.0  │ │ [12/38] Generating C type support dispatch for ROS interfaces
#16 267.0  │ │ [13/38] Generating C++ type support dispatch for ROS interfaces
#16 267.0  │ │ [14/38] Generating C++ type support for eProsima Fast-RTPS
#16 267.2  │ │ [15/38] Building C object CMakeFiles/aic_model_interfaces__rosidl_typesupport_introspection_c.dir/rosidl_typesupport_introspection_c/aic_model_interfaces/m
#16 267.2  │ │ sg/detail/observation__type_support.c.o
#16 267.3  │ │ [16/38] Linking C shared library libaic_model_interfaces__rosidl_typesupport_introspection_c.so
#16 267.3  │ │ [17/38] Generating C type support for eProsima Fast-RTPS
#16 267.3  │ │ [18/38] Generating C++ introspection for ROS interfaces
#16 267.3  │ │ [19/38] Building CXX object CMakeFiles/aic_model_interfaces__rosidl_typesupport_c.dir/rosidl_typesupport_c/aic_model_interfaces/msg/observation__type_suppo
#16 267.3  │ │ rt.cpp.o
#16 267.4  │ │ [20/38] Linking CXX shared library libaic_model_interfaces__rosidl_typesupport_c.so
#16 268.5  │ │ [21/38] Building CXX object CMakeFiles/aic_model_interfaces__rosidl_typesupport_cpp.dir/rosidl_typesupport_cpp/aic_model_interfaces/msg/observation__type_s
#16 268.5  │ │ upport.cpp.o
#16 268.6  │ │ [22/38] Linking CXX shared library libaic_model_interfaces__rosidl_typesupport_cpp.so
#16 268.9  │ │ [23/38] Building CXX object CMakeFiles/aic_model_interfaces__rosidl_typesupport_fastrtps_c.dir/rosidl_typesupport_fastrtps_c/aic_model_interfaces/msg/detai
#16 268.9  │ │ l/observation__type_support_c.cpp.o
#16 268.9  │ │ [24/38] Building CXX object CMakeFiles/aic_model_interfaces__rosidl_typesupport_fastrtps_cpp.dir/rosidl_typesupport_fastrtps_cpp/aic_model_interfaces/msg/d
#16 268.9  │ │ etail/dds_fastrtps/observation__type_support.cpp.o
#16 269.0  │ │ [25/38] Linking CXX shared library libaic_model_interfaces__rosidl_typesupport_fastrtps_c.so
#16 269.0  │ │ [26/38] Linking CXX shared library libaic_model_interfaces__rosidl_typesupport_fastrtps_cpp.so
#16 269.1  │ │ [27/38] Building CXX object CMakeFiles/aic_model_interfaces__rosidl_typesupport_introspection_cpp.dir/rosidl_typesupport_introspection_cpp/aic_model_interf
#16 269.1  │ │ aces/msg/detail/observation__type_support.cpp.o
#16 269.2  │ │ [28/38] Linking CXX shared library libaic_model_interfaces__rosidl_typesupport_introspection_cpp.so
#16 269.8  │ │ [29/38] Generating Python code for ROS interfaces
#16 270.3  │ │ [30/38] Building C object CMakeFiles/aic_model_interfaces_s__rosidl_typesupport_c.dir/rosidl_generator_py/aic_model_interfaces/_aic_model_interfaces_s.ep.r
#16 270.3  │ │ osidl_typesupport_c.c.o
#16 270.3  │ │ [31/38] Building C object CMakeFiles/aic_model_interfaces_s__rosidl_typesupport_introspection_c.dir/rosidl_generator_py/aic_model_interfaces/_aic_model_int
#16 270.3  │ │ erfaces_s.ep.rosidl_typesupport_introspection_c.c.o
#16 270.4  │ │ [32/38] Building C object CMakeFiles/aic_model_interfaces_s__rosidl_typesupport_fastrtps_c.dir/rosidl_generator_py/aic_model_interfaces/_aic_model_interfac
#16 270.4  │ │ es_s.ep.rosidl_typesupport_fastrtps_c.c.o
#16 270.4  │ │ [33/38] Building C object CMakeFiles/aic_model_interfaces__rosidl_generator_py.dir/rosidl_generator_py/aic_model_interfaces/msg/_observation_s.c.o
#16 270.5  │ │ [34/38] Linking C shared library libaic_model_interfaces__rosidl_generator_py.so
#16 270.6  │ │ [35/38] Linking C shared module rosidl_generator_py/aic_model_interfaces/aic_model_interfaces_s__rosidl_typesupport_introspection_c.so
#16 270.6  │ │ [36/38] Linking C shared module rosidl_generator_py/aic_model_interfaces/aic_model_interfaces_s__rosidl_typesupport_fastrtps_c.so
#16 270.6  │ │ [37/38] Linking C shared module rosidl_generator_py/aic_model_interfaces/aic_model_interfaces_s__rosidl_typesupport_c.so
#16 270.6  │ │ [37/38] Install the project...
#16 270.6  │ │ -- Install configuration: "Release"
#16 270.6  │ │ -- Installing: $PREFIX/share/ament_index/resource_index/rosidl_interfaces/aic_model_interfaces
#16 270.6  │ │ -- Installing: $PREFIX/share/aic_model_interfaces/msg/Observation.json
#16 270.6  │ │ -- Installing: $PREFIX/include/aic_model_interfaces/aic_model_interfaces
#16 270.6  │ │ -- Installing: $PREFIX/include/aic_model_interfaces/aic_model_interfaces/msg
#16 270.6  │ │ -- Installing: $PREFIX/include/aic_model_interfaces/aic_model_interfaces/msg/observation.h
#16 270.6  │ │ -- Installing: $PREFIX/include/aic_model_interfaces/aic_model_interfaces/msg/detail
#16 270.6  │ │ -- Installing: $PREFIX/include/aic_model_interfaces/aic_model_interfaces/msg/detail/observation__type_support.h
#16 270.6  │ │ -- Installing: $PREFIX/include/aic_model_interfaces/aic_model_interfaces/msg/detail/observation__struct.h
#16 270.6  │ │ -- Installing: $PREFIX/include/aic_model_interfaces/aic_model_interfaces/msg/detail/observation__functions.h
#16 270.6  │ │ -- Installing: $PREFIX/include/aic_model_interfaces/aic_model_interfaces/msg/detail/observation__description.c
#16 270.6  │ │ -- Installing: $PREFIX/include/aic_model_interfaces/aic_model_interfaces/msg/detail/observation__type_support.c
#16 270.6  │ │ -- Installing: $PREFIX/include/aic_model_interfaces/aic_model_interfaces/msg/detail/observation__functions.c
#16 270.6  │ │ -- Installing: $PREFIX/include/aic_model_interfaces/aic_model_interfaces/msg/rosidl_generator_c__visibility_control.h
#16 270.6  │ │ -- Installing: $PREFIX/share/aic_model_interfaces/environment/library_path.sh
#16 270.6  │ │ -- Installing: $PREFIX/share/aic_model_interfaces/environment/library_path.dsv
#16 270.6  │ │ -- Installing: $PREFIX/lib/libaic_model_interfaces__rosidl_generator_c.so
#16 270.6  │ │ -- Up-to-date: $PREFIX/include/aic_model_interfaces/aic_model_interfaces
#16 270.6  │ │ -- Up-to-date: $PREFIX/include/aic_model_interfaces/aic_model_interfaces/msg
#16 270.6  │ │ -- Installing: $PREFIX/include/aic_model_interfaces/aic_model_interfaces/msg/rosidl_typesupport_fastrtps_c__visibility_control.h
#16 270.6  │ │ -- Up-to-date: $PREFIX/include/aic_model_interfaces/aic_model_interfaces/msg/detail
#16 270.6  │ │ -- Installing: $PREFIX/include/aic_model_interfaces/aic_model_interfaces/msg/detail/observation__rosidl_typesupport_fastrtps_c.h
#16 270.6  │ │ -- Installing: $PREFIX/lib/libaic_model_interfaces__rosidl_typesupport_fastrtps_c.so
#16 270.6  │ │ -- Set non-toolchain portion of runtime path of "$PREFIX/lib/libaic_model_interfaces__rosidl_typesupport_fastrtps_c.so" to ""
#16 270.6  │ │ -- Up-to-date: $PREFIX/include/aic_model_interfaces/aic_model_interfaces
#16 270.6  │ │ -- Up-to-date: $PREFIX/include/aic_model_interfaces/aic_model_interfaces/msg
#16 270.6  │ │ -- Installing: $PREFIX/include/aic_model_interfaces/aic_model_interfaces/msg/observation.hpp
#16 270.6  │ │ -- Installing: $PREFIX/include/aic_model_interfaces/aic_model_interfaces/msg/rosidl_generator_cpp__visibility_control.hpp
#16 270.6  │ │ -- Up-to-date: $PREFIX/include/aic_model_interfaces/aic_model_interfaces/msg/detail
#16 270.6  │ │ -- Installing: $PREFIX/include/aic_model_interfaces/aic_model_interfaces/msg/detail/observation__type_support.hpp
#16 270.6  │ │ -- Installing: $PREFIX/include/aic_model_interfaces/aic_model_interfaces/msg/detail/observation__struct.hpp
#16 270.7  │ │ -- Installing: $PREFIX/include/aic_model_interfaces/aic_model_interfaces/msg/detail/observation__builder.hpp
#16 270.7  │ │ -- Installing: $PREFIX/include/aic_model_interfaces/aic_model_interfaces/msg/detail/observation__traits.hpp
#16 270.7  │ │ -- Up-to-date: $PREFIX/include/aic_model_interfaces/aic_model_interfaces
#16 270.7  │ │ -- Up-to-date: $PREFIX/include/aic_model_interfaces/aic_model_interfaces/msg
#16 270.7  │ │ -- Installing: $PREFIX/include/aic_model_interfaces/aic_model_interfaces/msg/rosidl_typesupport_fastrtps_cpp__visibility_control.h
#16 270.7  │ │ -- Up-to-date: $PREFIX/include/aic_model_interfaces/aic_model_interfaces/msg/detail
#16 270.7  │ │ -- Installing: $PREFIX/include/aic_model_interfaces/aic_model_interfaces/msg/detail/observation__rosidl_typesupport_fastrtps_cpp.hpp
#16 270.7  │ │ -- Installing: $PREFIX/include/aic_model_interfaces/aic_model_interfaces/msg/detail/dds_fastrtps
#16 270.7  │ │ -- Installing: $PREFIX/lib/libaic_model_interfaces__rosidl_typesupport_fastrtps_cpp.so
#16 270.7  │ │ -- Set non-toolchain portion of runtime path of "$PREFIX/lib/libaic_model_interfaces__rosidl_typesupport_fastrtps_cpp.so" to ""
#16 270.7  │ │ -- Up-to-date: $PREFIX/include/aic_model_interfaces/aic_model_interfaces
#16 270.7  │ │ -- Up-to-date: $PREFIX/include/aic_model_interfaces/aic_model_interfaces/msg
#16 270.7  │ │ -- Up-to-date: $PREFIX/include/aic_model_interfaces/aic_model_interfaces/msg/detail
#16 270.7  │ │ -- Installing: $PREFIX/include/aic_model_interfaces/aic_model_interfaces/msg/detail/observation__rosidl_typesupport_introspection_c.h
#16 270.7  │ │ -- Installing: $PREFIX/include/aic_model_interfaces/aic_model_interfaces/msg/detail/observation__type_support.c
#16 270.7  │ │ -- Installing: $PREFIX/include/aic_model_interfaces/aic_model_interfaces/msg/rosidl_typesupport_introspection_c__visibility_control.h
#16 270.7  │ │ -- Installing: $PREFIX/lib/libaic_model_interfaces__rosidl_typesupport_introspection_c.so
#16 270.7  │ │ -- Set non-toolchain portion of runtime path of "$PREFIX/lib/libaic_model_interfaces__rosidl_typesupport_introspection_c.so" to ""
#16 270.7  │ │ -- Installing: $PREFIX/lib/libaic_model_interfaces__rosidl_typesupport_c.so
#16 270.7  │ │ -- Set non-toolchain portion of runtime path of "$PREFIX/lib/libaic_model_interfaces__rosidl_typesupport_c.so" to ""
#16 270.7  │ │ -- Up-to-date: $PREFIX/include/aic_model_interfaces/aic_model_interfaces
#16 270.7  │ │ -- Up-to-date: $PREFIX/include/aic_model_interfaces/aic_model_interfaces/msg
#16 270.7  │ │ -- Up-to-date: $PREFIX/include/aic_model_interfaces/aic_model_interfaces/msg/detail
#16 270.7  │ │ -- Installing: $PREFIX/include/aic_model_interfaces/aic_model_interfaces/msg/detail/observation__type_support.cpp
#16 270.7  │ │ -- Installing: $PREFIX/include/aic_model_interfaces/aic_model_interfaces/msg/detail/observation__rosidl_typesupport_introspection_cpp.hpp
#16 270.7  │ │ -- Installing: $PREFIX/lib/libaic_model_interfaces__rosidl_typesupport_introspection_cpp.so
#16 270.7  │ │ -- Set non-toolchain portion of runtime path of "$PREFIX/lib/libaic_model_interfaces__rosidl_typesupport_introspection_cpp.so" to ""
#16 270.7  │ │ -- Installing: $PREFIX/lib/libaic_model_interfaces__rosidl_typesupport_cpp.so
#16 270.7  │ │ -- Set non-toolchain portion of runtime path of "$PREFIX/lib/libaic_model_interfaces__rosidl_typesupport_cpp.so" to ""
#16 270.7  │ │ -- Installing: $PREFIX/share/aic_model_interfaces/environment/pythonpath.sh
#16 270.7  │ │ -- Installing: $PREFIX/share/aic_model_interfaces/environment/pythonpath.dsv
#16 270.7  │ │ -- Installing: $PREFIX/lib/python3.12/site-packages/aic_model_interfaces-0.0.1-py3.12.egg-info
#16 270.7  │ │ -- Installing: $PREFIX/lib/python3.12/site-packages/aic_model_interfaces-0.0.1-py3.12.egg-info/SOURCES.txt
#16 270.7  │ │ -- Installing: $PREFIX/lib/python3.12/site-packages/aic_model_interfaces-0.0.1-py3.12.egg-info/dependency_links.txt
#16 270.7  │ │ -- Installing: $PREFIX/lib/python3.12/site-packages/aic_model_interfaces-0.0.1-py3.12.egg-info/PKG-INFO
#16 270.7  │ │ -- Installing: $PREFIX/lib/python3.12/site-packages/aic_model_interfaces-0.0.1-py3.12.egg-info/top_level.txt
#16 270.7  │ │ -- Installing: $PREFIX/lib/python3.12/site-packages/aic_model_interfaces
#16 270.7  │ │ -- Installing: $PREFIX/lib/python3.12/site-packages/aic_model_interfaces/aic_model_interfaces_s__rosidl_typesupport_introspection_c.so
#16 270.7  │ │ -- Installing: $PREFIX/lib/python3.12/site-packages/aic_model_interfaces/__init__.py
#16 270.7  │ │ -- Installing: $PREFIX/lib/python3.12/site-packages/aic_model_interfaces/_aic_model_interfaces_s.ep.rosidl_typesupport_fastrtps_c.c
#16 270.7  │ │ -- Installing: $PREFIX/lib/python3.12/site-packages/aic_model_interfaces/_aic_model_interfaces_s.ep.rosidl_typesupport_c.c
#16 270.7  │ │ -- Installing: $PREFIX/lib/python3.12/site-packages/aic_model_interfaces/msg
#16 270.7  │ │ -- Installing: $PREFIX/lib/python3.12/site-packages/aic_model_interfaces/msg/_observation.py
#16 270.7  │ │ -- Installing: $PREFIX/lib/python3.12/site-packages/aic_model_interfaces/msg/_observation_s.c
#16 270.7  │ │ -- Installing: $PREFIX/lib/python3.12/site-packages/aic_model_interfaces/msg/__init__.py
#16 270.7  │ │ -- Installing: $PREFIX/lib/python3.12/site-packages/aic_model_interfaces/aic_model_interfaces_s__rosidl_typesupport_c.so
#16 270.7  │ │ -- Installing: $PREFIX/lib/python3.12/site-packages/aic_model_interfaces/_aic_model_interfaces_s.ep.rosidl_typesupport_introspection_c.c
#16 270.7  │ │ -- Installing: $PREFIX/lib/python3.12/site-packages/aic_model_interfaces/aic_model_interfaces_s__rosidl_typesupport_fastrtps_c.so
#16 270.7  │ │ Listing '$PREFIX/lib/python3.12/site-packages/aic_model_interfaces'...
#16 270.7  │ │ Compiling '$PREFIX/lib/python3.12/site-packages/aic_model_interfaces/__init__.py'...
#16 270.7  │ │ Listing '$PREFIX/lib/python3.12/site-packages/aic_model_interfaces/msg'...
#16 270.7  │ │ Compiling '$PREFIX/lib/python3.12/site-packages/aic_model_interfaces/msg/__init__.py'...
#16 270.7  │ │ Compiling '$PREFIX/lib/python3.12/site-packages/aic_model_interfaces/msg/_observation.py'...
#16 270.7  │ │ -- Installing: $PREFIX/lib/python3.12/site-packages/aic_model_interfaces/aic_model_interfaces_s__rosidl_typesupport_fastrtps_c.so
#16 270.7  │ │ -- Set non-toolchain portion of runtime path of "$PREFIX/lib/python3.12/site-packages/aic_model_interfaces/aic_model_interfaces_s__rosidl_typesupport_fastr
#16 270.7  │ │ tps_c.so" to ""
#16 270.7  │ │ -- Installing: $PREFIX/lib/python3.12/site-packages/aic_model_interfaces/aic_model_interfaces_s__rosidl_typesupport_introspection_c.so
#16 270.7  │ │ -- Set non-toolchain portion of runtime path of "$PREFIX/lib/python3.12/site-packages/aic_model_interfaces/aic_model_interfaces_s__rosidl_typesupport_intro
#16 270.7  │ │ spection_c.so" to ""
#16 270.8  │ │ -- Installing: $PREFIX/lib/python3.12/site-packages/aic_model_interfaces/aic_model_interfaces_s__rosidl_typesupport_c.so
#16 270.8  │ │ -- Set non-toolchain portion of runtime path of "$PREFIX/lib/python3.12/site-packages/aic_model_interfaces/aic_model_interfaces_s__rosidl_typesupport_c.so"
#16 270.8  │ │  to ""
#16 270.8  │ │ -- Installing: $PREFIX/lib/libaic_model_interfaces__rosidl_generator_py.so
#16 270.8  │ │ -- Set non-toolchain portion of runtime path of "$PREFIX/lib/libaic_model_interfaces__rosidl_generator_py.so" to ""
#16 270.8  │ │ -- Installing: $PREFIX/share/ament_index/resource_index/rust_packages/aic_model_interfaces
#16 270.8  │ │ -- Installing: $PREFIX/share/aic_model_interfaces/rust
#16 270.8  │ │ -- Installing: $PREFIX/share/aic_model_interfaces/rust/build.rs
#16 270.8  │ │ -- Installing: $PREFIX/share/aic_model_interfaces/rust/Cargo.toml
#16 270.8  │ │ -- Installing: $PREFIX/share/aic_model_interfaces/rust/src
#16 270.8  │ │ -- Installing: $PREFIX/share/aic_model_interfaces/rust/src/msg.rs
#16 270.8  │ │ -- Installing: $PREFIX/share/aic_model_interfaces/rust/src/lib.rs
#16 270.8  │ │ -- Installing: $PREFIX/share/aic_model_interfaces/rust/src/msg
#16 270.8  │ │ -- Installing: $PREFIX/share/aic_model_interfaces/rust/src/msg/rmw.rs
#16 270.8  │ │ -- Installing: $PREFIX/share/aic_model_interfaces/msg/Observation.idl
#16 270.8  │ │ -- Installing: $PREFIX/share/aic_model_interfaces/msg/Observation.msg
#16 270.8  │ │ -- Installing: $PREFIX/share/ament_index/resource_index/package_run_dependencies/aic_model_interfaces
#16 270.8  │ │ -- Installing: $PREFIX/share/ament_index/resource_index/parent_prefix_path/aic_model_interfaces
#16 270.8  │ │ -- Installing: $PREFIX/share/aic_model_interfaces/environment/ament_prefix_path.sh
#16 270.8  │ │ -- Installing: $PREFIX/share/aic_model_interfaces/environment/ament_prefix_path.dsv
#16 270.8  │ │ -- Installing: $PREFIX/share/aic_model_interfaces/environment/path.sh
#16 270.8  │ │ -- Installing: $PREFIX/share/aic_model_interfaces/environment/path.dsv
#16 270.8  │ │ -- Installing: $PREFIX/share/aic_model_interfaces/local_setup.bash
#16 270.8  │ │ -- Installing: $PREFIX/share/aic_model_interfaces/local_setup.sh
#16 270.8  │ │ -- Installing: $PREFIX/share/aic_model_interfaces/local_setup.zsh
#16 270.8  │ │ -- Installing: $PREFIX/share/aic_model_interfaces/local_setup.dsv
#16 270.8  │ │ -- Installing: $PREFIX/share/aic_model_interfaces/package.dsv
#16 270.8  │ │ -- Installing: $PREFIX/share/ament_index/resource_index/packages/aic_model_interfaces
#16 270.8  │ │ -- Installing: $PREFIX/share/aic_model_interfaces/cmake/export_aic_model_interfaces__rosidl_generator_cExport.cmake
#16 270.8  │ │ -- Installing: $PREFIX/share/aic_model_interfaces/cmake/export_aic_model_interfaces__rosidl_generator_cExport-release.cmake
#16 270.8  │ │ -- Installing: $PREFIX/share/aic_model_interfaces/cmake/export_aic_model_interfaces__rosidl_typesupport_fastrtps_cExport.cmake
#16 270.8  │ │ -- Installing: $PREFIX/share/aic_model_interfaces/cmake/export_aic_model_interfaces__rosidl_typesupport_fastrtps_cExport-release.cmake
#16 270.8  │ │ -- Installing: $PREFIX/share/aic_model_interfaces/cmake/export_aic_model_interfaces__rosidl_generator_cppExport.cmake
#16 270.8  │ │ -- Installing: $PREFIX/share/aic_model_interfaces/cmake/export_aic_model_interfaces__rosidl_typesupport_fastrtps_cppExport.cmake
#16 270.8  │ │ -- Installing: $PREFIX/share/aic_model_interfaces/cmake/export_aic_model_interfaces__rosidl_typesupport_fastrtps_cppExport-release.cmake
#16 270.8  │ │ -- Installing: $PREFIX/share/aic_model_interfaces/cmake/aic_model_interfaces__rosidl_typesupport_introspection_cExport.cmake
#16 270.8  │ │ -- Installing: $PREFIX/share/aic_model_interfaces/cmake/aic_model_interfaces__rosidl_typesupport_introspection_cExport-release.cmake
#16 270.8  │ │ -- Installing: $PREFIX/share/aic_model_interfaces/cmake/aic_model_interfaces__rosidl_typesupport_cExport.cmake
#16 270.8  │ │ -- Installing: $PREFIX/share/aic_model_interfaces/cmake/aic_model_interfaces__rosidl_typesupport_cExport-release.cmake
#16 270.8  │ │ -- Installing: $PREFIX/share/aic_model_interfaces/cmake/aic_model_interfaces__rosidl_typesupport_introspection_cppExport.cmake
#16 270.8  │ │ -- Installing: $PREFIX/share/aic_model_interfaces/cmake/aic_model_interfaces__rosidl_typesupport_introspection_cppExport-release.cmake
#16 270.8  │ │ -- Installing: $PREFIX/share/aic_model_interfaces/cmake/aic_model_interfaces__rosidl_typesupport_cppExport.cmake
#16 270.8  │ │ -- Installing: $PREFIX/share/aic_model_interfaces/cmake/aic_model_interfaces__rosidl_typesupport_cppExport-release.cmake
#16 270.8  │ │ -- Installing: $PREFIX/share/aic_model_interfaces/cmake/export_aic_model_interfaces__rosidl_generator_pyExport.cmake
#16 270.8  │ │ -- Installing: $PREFIX/share/aic_model_interfaces/cmake/export_aic_model_interfaces__rosidl_generator_pyExport-release.cmake
#16 270.8  │ │ -- Installing: $PREFIX/share/aic_model_interfaces/cmake/rosidl_cmake-extras.cmake
#16 270.8  │ │ -- Installing: $PREFIX/share/aic_model_interfaces/cmake/ament_cmake_export_dependencies-extras.cmake
#16 270.8  │ │ -- Installing: $PREFIX/share/aic_model_interfaces/cmake/ament_cmake_export_include_directories-extras.cmake
#16 270.8  │ │ -- Installing: $PREFIX/share/aic_model_interfaces/cmake/ament_cmake_export_libraries-extras.cmake
#16 270.8  │ │ -- Installing: $PREFIX/share/aic_model_interfaces/cmake/ament_cmake_export_targets-extras.cmake
#16 270.8  │ │ -- Installing: $PREFIX/share/aic_model_interfaces/cmake/rosidl_cmake_export_typesupport_targets-extras.cmake
#16 270.8  │ │ -- Installing: $PREFIX/share/aic_model_interfaces/cmake/rosidl_cmake_export_typesupport_libraries-extras.cmake
#16 270.8  │ │ -- Installing: $PREFIX/share/aic_model_interfaces/cmake/aic_model_interfacesConfig.cmake
#16 270.8  │ │ -- Installing: $PREFIX/share/aic_model_interfaces/cmake/aic_model_interfacesConfig-version.cmake
#16 270.8  │ │ -- Installing: $PREFIX/share/aic_model_interfaces/package.xml
#16 270.8  │ │
#16 270.8  │ ╰─────────────────── (took 16 seconds)
#16 271.2  │
#16 271.2  │ ╭─ Packaging new files
#16 271.2  │ │ Copying done!
#16 271.2  │ │ rpath ("/ws_aic/src/aic/.pixi/build/work/ros-kilted-aic-model-interfaces-yuLgAhQzpV8-thgBGAeBgEM/bld/lib") is outside of prefix ("/ws_aic/src/aic/.pixi/bui
#16 271.2  │ │ ld/work/ros-kilted-aic-model-interfaces-yuLgAhQzpV8-thgBGAeBgEM/host_placehold_placehold_placehold_placehold_placehold_placehold_placehold_placehold_placeh
#16 271.2  │ │ old_placehold_placehold_placehold_placehold_placehold_placehold_placehold_p") for "/tmp/ros-kilted-aic-model-interfacesfvb26V/lib/libaic_model_interfaces__
#16 271.2  │ │ rosidl_typesupport_c.so" - removing it
#16 271.2  │ │ rpath ("/ws_aic/src/aic/.pixi/build/work/ros-kilted-aic-model-interfaces-yuLgAhQzpV8-thgBGAeBgEM/bld/lib") is outside of prefix ("/ws_aic/src/aic/.pixi/bui
#16 271.2  │ │ ld/work/ros-kilted-aic-model-interfaces-yuLgAhQzpV8-thgBGAeBgEM/host_placehold_placehold_placehold_placehold_placehold_placehold_placehold_placehold_placeh
#16 271.2  │ │ old_placehold_placehold_placehold_placehold_placehold_placehold_placehold_p") for "/tmp/ros-kilted-aic-model-interfacesfvb26V/lib/libaic_model_interfaces__
#16 271.2  │ │ rosidl_typesupport_cpp.so" - removing it
#16 271.2  │ │ rpath ("/ws_aic/src/aic/.pixi/build/work/ros-kilted-aic-model-interfaces-yuLgAhQzpV8-thgBGAeBgEM/bld/lib") is outside of prefix ("/ws_aic/src/aic/.pixi/bui
#16 271.2  │ │ ld/work/ros-kilted-aic-model-interfaces-yuLgAhQzpV8-thgBGAeBgEM/host_placehold_placehold_placehold_placehold_placehold_placehold_placehold_placehold_placeh
#16 271.2  │ │ old_placehold_placehold_placehold_placehold_placehold_placehold_placehold_p") for "/tmp/ros-kilted-aic-model-interfacesfvb26V/lib/python3.12/site-packages/
#16 271.2  │ │ aic_model_interfaces/aic_model_interfaces_s__rosidl_typesupport_introspection_c.so" - removing it
#16 271.2  │ │ Relinking "libaic_model_interfaces__rosidl_typesupport_cpp.so"
#16 271.2  │ │ Relinking "aic_model_interfaces_s__rosidl_typesupport_introspection_c.so"
#16 271.2  │ │ rpath ("/ws_aic/src/aic/.pixi/build/work/ros-kilted-aic-model-interfaces-yuLgAhQzpV8-thgBGAeBgEM/bld/lib") is outside of prefix ("/ws_aic/src/aic/.pixi/bui
#16 271.2  │ │ ld/work/ros-kilted-aic-model-interfaces-yuLgAhQzpV8-thgBGAeBgEM/host_placehold_placehold_placehold_placehold_placehold_placehold_placehold_placehold_placeh
#16 271.2  │ │ old_placehold_placehold_placehold_placehold_placehold_placehold_placehold_p") for "/tmp/ros-kilted-aic-model-interfacesfvb26V/lib/libaic_model_interfaces__
#16 271.2  │ │ rosidl_typesupport_introspection_cpp.so" - removing it
#16 271.2  │ │ rpath ("/ws_aic/src/aic/.pixi/build/work/ros-kilted-aic-model-interfaces-yuLgAhQzpV8-thgBGAeBgEM/bld/lib") is outside of prefix ("/ws_aic/src/aic/.pixi/bui
#16 271.2  │ │ ld/work/ros-kilted-aic-model-interfaces-yuLgAhQzpV8-thgBGAeBgEM/host_placehold_placehold_placehold_placehold_placehold_placehold_placehold_placehold_placeh
#16 271.2  │ │ old_placehold_placehold_placehold_placehold_placehold_placehold_placehold_p") for "/tmp/ros-kilted-aic-model-interfacesfvb26V/lib/libaic_model_interfaces__
#16 271.2  │ │ rosidl_generator_c.so" - removing it
#16 271.2  │ │ Relinking "libaic_model_interfaces__rosidl_typesupport_introspection_cpp.so"
#16 271.2  │ │ rpath ("/ws_aic/src/aic/.pixi/build/work/ros-kilted-aic-model-interfaces-yuLgAhQzpV8-thgBGAeBgEM/bld/lib") is outside of prefix ("/ws_aic/src/aic/.pixi/bui
#16 271.2  │ │ ld/work/ros-kilted-aic-model-interfaces-yuLgAhQzpV8-thgBGAeBgEM/host_placehold_placehold_placehold_placehold_placehold_placehold_placehold_placehold_placeh
#16 271.2  │ │ old_placehold_placehold_placehold_placehold_placehold_placehold_placehold_p") for "/tmp/ros-kilted-aic-model-interfacesfvb26V/lib/python3.12/site-packages/
#16 271.2  │ │ aic_model_interfaces/aic_model_interfaces_s__rosidl_typesupport_c.so" - removing it
#16 271.2  │ │ Relinking "libaic_model_interfaces__rosidl_typesupport_c.so"
#16 271.2  │ │ Relinking "aic_model_interfaces_s__rosidl_typesupport_c.so"
#16 271.2  │ │ rpath ("/ws_aic/src/aic/.pixi/build/work/ros-kilted-aic-model-interfaces-yuLgAhQzpV8-thgBGAeBgEM/bld/lib") is outside of prefix ("/ws_aic/src/aic/.pixi/bui
#16 271.2  │ │ ld/work/ros-kilted-aic-model-interfaces-yuLgAhQzpV8-thgBGAeBgEM/host_placehold_placehold_placehold_placehold_placehold_placehold_placehold_placehold_placeh
#16 271.2  │ │ old_placehold_placehold_placehold_placehold_placehold_placehold_placehold_p") for "/tmp/ros-kilted-aic-model-interfacesfvb26V/lib/python3.12/site-packages/
#16 271.2  │ │ aic_model_interfaces/aic_model_interfaces_s__rosidl_typesupport_fastrtps_c.so" - removing it
#16 271.2  │ │ Relinking "aic_model_interfaces_s__rosidl_typesupport_fastrtps_c.so"
#16 271.2  │ │ rpath ("/ws_aic/src/aic/.pixi/build/work/ros-kilted-aic-model-interfaces-yuLgAhQzpV8-thgBGAeBgEM/bld/lib") is outside of prefix ("/ws_aic/src/aic/.pixi/bui
#16 271.2  │ │ ld/work/ros-kilted-aic-model-interfaces-yuLgAhQzpV8-thgBGAeBgEM/host_placehold_placehold_placehold_placehold_placehold_placehold_placehold_placehold_placeh
#16 271.2  │ │ old_placehold_placehold_placehold_placehold_placehold_placehold_placehold_p") for "/tmp/ros-kilted-aic-model-interfacesfvb26V/lib/libaic_model_interfaces__
#16 271.2  │ │ rosidl_typesupport_fastrtps_cpp.so" - removing it
#16 271.2  │ │ Relinking "libaic_model_interfaces__rosidl_typesupport_fastrtps_cpp.so"
#16 271.2  │ │ Relinking "libaic_model_interfaces__rosidl_generator_c.so"
#16 271.3  │ │ rpath ("/ws_aic/src/aic/.pixi/build/work/ros-kilted-aic-model-interfaces-yuLgAhQzpV8-thgBGAeBgEM/bld/lib") is outside of prefix ("/ws_aic/src/aic/.pixi/bui
#16 271.3  │ │ ld/work/ros-kilted-aic-model-interfaces-yuLgAhQzpV8-thgBGAeBgEM/host_placehold_placehold_placehold_placehold_placehold_placehold_placehold_placehold_placeh
#16 271.3  │ │ old_placehold_placehold_placehold_placehold_placehold_placehold_placehold_p") for "/tmp/ros-kilted-aic-model-interfacesfvb26V/lib/libaic_model_interfaces__
#16 271.3  │ │ rosidl_typesupport_fastrtps_c.so" - removing it
#16 271.3  │ │ Relinking "libaic_model_interfaces__rosidl_typesupport_fastrtps_c.so"
#16 271.3  │ │ rpath ("/ws_aic/src/aic/.pixi/build/work/ros-kilted-aic-model-interfaces-yuLgAhQzpV8-thgBGAeBgEM/bld/lib") is outside of prefix ("/ws_aic/src/aic/.pixi/bui
#16 271.4  │ │ ld/work/ros-kilted-aic-model-interfaces-yuLgAhQzpV8-thgBGAeBgEM/host_placehold_placehold_placehold_placehold_placehold_placehold_placehold_placehold_placeh
#16 271.4  │ │ old_placehold_placehold_placehold_placehold_placehold_placehold_placehold_p") for "/tmp/ros-kilted-aic-model-interfacesfvb26V/lib/libaic_model_interfaces__
#16 271.4  │ │ rosidl_generator_py.so" - removing it
#16 271.4  │ │ Relinking "libaic_model_interfaces__rosidl_generator_py.so"
#16 271.4  │ │ rpath ("/ws_aic/src/aic/.pixi/build/work/ros-kilted-aic-model-interfaces-yuLgAhQzpV8-thgBGAeBgEM/bld/lib") is outside of prefix ("/ws_aic/src/aic/.pixi/bui
#16 271.4  │ │ ld/work/ros-kilted-aic-model-interfaces-yuLgAhQzpV8-thgBGAeBgEM/host_placehold_placehold_placehold_placehold_placehold_placehold_placehold_placehold_placeh
#16 271.4  │ │ old_placehold_placehold_placehold_placehold_placehold_placehold_placehold_p") for "/tmp/ros-kilted-aic-model-interfacesfvb26V/lib/libaic_model_interfaces__
#16 271.4  │ │ rosidl_typesupport_introspection_c.so" - removing it
#16 271.4  │ │ Relinking "libaic_model_interfaces__rosidl_typesupport_introspection_c.so"
#16 271.5  │ │ 
#16 271.5  │ │ [lib/libaic_model_interfaces__rosidl_typesupport_introspection_cpp.so] links against:
#16 271.5  │ │  ├─ lib/libsensor_msgs__rosidl_typesupport_introspection_cpp.so (ros-kilted-sensor-msgs)
#16 271.5  │ │  ├─ lib/libgcc_s.so.1 (libgcc)
#16 271.5  │ │  ├─ lib/librosidl_typesupport_introspection_cpp.so
#16 271.5  │ │  ├─ lib/libstdc++.so.6.0.34 (libstdcxx)
#16 271.5  │ │  ├─ lib/libaic_control_interfaces__rosidl_typesupport_introspection_cpp.so (ros-kilted-aic-control-interfaces)
#16 271.5  │ │  ├─ lib/libgeometry_msgs__rosidl_typesupport_introspection_cpp.so (ros-kilted-geometry-msgs)
#16 271.5  │ │  ├─ lib/libaic_model_interfaces__rosidl_generator_c.so (package)
#16 271.5  │ │  └─ lib/librosidl_runtime_c.so
#16 271.5  │ │ 
#16 271.5  │ │ [lib/libaic_model_interfaces__rosidl_generator_c.so] links against:
#16 271.5  │ │  ├─ lib/librcutils.so
#16 271.5  │ │  ├─ lib/libstd_msgs__rosidl_generator_c.so (ros-kilted-std-msgs)
#16 271.5  │ │  ├─ lib/libbuiltin_interfaces__rosidl_generator_c.so (ros-kilted-builtin-interfaces)
#16 271.5  │ │  ├─ lib/libsensor_msgs__rosidl_generator_c.so (ros-kilted-sensor-msgs)
#16 271.5  │ │  ├─ libc.so.6 (system)
#16 271.5  │ │  ├─ lib/libaic_control_interfaces__rosidl_generator_c.so (ros-kilted-aic-control-interfaces)
#16 271.5  │ │  ├─ lib/libtrajectory_msgs__rosidl_generator_c.so (ros-kilted-trajectory-msgs)
#16 271.5  │ │  └─ lib/libgeometry_msgs__rosidl_generator_c.so (ros-kilted-geometry-msgs)
#16 271.5  │ │ 
#16 271.5  │ │ [lib/libaic_model_interfaces__rosidl_typesupport_fastrtps_c.so] links against:
#16 271.5  │ │  ├─ lib/libsensor_msgs__rosidl_typesupport_fastrtps_c.so (ros-kilted-sensor-msgs)
#16 271.5  │ │  ├─ lib/libgeometry_msgs__rosidl_typesupport_fastrtps_c.so (ros-kilted-geometry-msgs)
#16 271.5  │ │  ├─ lib/libaic_model_interfaces__rosidl_generator_c.so (package)
#16 271.5  │ │  ├─ lib/libaic_control_interfaces__rosidl_typesupport_fastrtps_c.so (ros-kilted-aic-control-interfaces)
#16 271.5  │ │  ├─ lib/librosidl_runtime_c.so
#16 271.5  │ │  ├─ libc.so.6 (system)
#16 271.5  │ │  └─ lib/librosidl_typesupport_fastrtps_c.so
#16 271.5  │ │ 
#16 271.5  │ │ [lib/python3.12/site-packages/aic_model_interfaces/aic_model_interfaces_s__rosidl_typesupport_c.so] links against:
#16 271.5  │ │  ├─ lib/libaic_model_interfaces__rosidl_generator_py.so (package)
#16 271.5  │ │  ├─ lib/libaic_model_interfaces__rosidl_typesupport_c.so (package)
#16 271.5  │ │  └─ lib/libaic_model_interfaces__rosidl_generator_c.so (package)
#16 271.5  │ │ 
#16 271.5  │ │ [lib/libaic_model_interfaces__rosidl_typesupport_cpp.so] links against:
#16 271.5  │ │  ├─ lib/libaic_model_interfaces__rosidl_generator_c.so (package)
#16 271.5  │ │  └─ lib/librosidl_typesupport_cpp.so
#16 271.5  │ │ 
#16 271.5  │ │ [lib/python3.12/site-packages/aic_model_interfaces/aic_model_interfaces_s__rosidl_typesupport_fastrtps_c.so] links against:
#16 271.5  │ │  ├─ lib/libaic_model_interfaces__rosidl_generator_py.so (package)
#16 271.5  │ │  ├─ lib/libaic_model_interfaces__rosidl_generator_c.so (package)
#16 271.5  │ │  └─ lib/libaic_model_interfaces__rosidl_typesupport_c.so (package)
#16 271.5  │ │ 
#16 271.5  │ │ [lib/libaic_model_interfaces__rosidl_typesupport_introspection_c.so] links against:
#16 271.5  │ │  ├─ lib/libsensor_msgs__rosidl_typesupport_introspection_c.so (ros-kilted-sensor-msgs)
#16 271.5  │ │  ├─ lib/libaic_control_interfaces__rosidl_typesupport_introspection_c.so (ros-kilted-aic-control-interfaces)
#16 271.5  │ │  ├─ lib/libgeometry_msgs__rosidl_typesupport_introspection_c.so (ros-kilted-geometry-msgs)
#16 271.5  │ │  ├─ lib/librosidl_runtime_c.so
#16 271.5  │ │  ├─ lib/libaic_model_interfaces__rosidl_generator_c.so (package)
#16 271.5  │ │  └─ lib/librosidl_typesupport_introspection_c.so
#16 271.5  │ │ 
#16 271.5  │ │ [lib/libaic_model_interfaces__rosidl_typesupport_c.so] links against:
#16 271.5  │ │  ├─ lib/librosidl_typesupport_c.so
#16 271.5  │ │  └─ lib/libaic_model_interfaces__rosidl_generator_c.so (package)
#16 271.5  │ │ 
#16 271.5  │ │ [lib/python3.12/site-packages/aic_model_interfaces/aic_model_interfaces_s__rosidl_typesupport_introspection_c.so] links against:
#16 271.5  │ │  ├─ lib/libaic_model_interfaces__rosidl_generator_py.so (package)
#16 271.5  │ │  ├─ lib/libaic_model_interfaces__rosidl_generator_c.so (package)
#16 271.5  │ │  └─ lib/libaic_model_interfaces__rosidl_typesupport_c.so (package)
#16 271.5  │ │ 
#16 271.5  │ │ [lib/libaic_model_interfaces__rosidl_typesupport_fastrtps_cpp.so] links against:
#16 271.5  │ │  ├─ lib/libaic_control_interfaces__rosidl_typesupport_fastrtps_cpp.so (ros-kilted-aic-control-interfaces)
#16 271.5  │ │  ├─ lib/librosidl_runtime_c.so
#16 271.5  │ │  ├─ lib/libsensor_msgs__rosidl_typesupport_fastrtps_cpp.so (ros-kilted-sensor-msgs)
#16 271.5  │ │  ├─ libc.so.6 (system)
#16 271.5  │ │  ├─ lib/libaic_model_interfaces__rosidl_generator_c.so (package)
#16 271.5  │ │  ├─ lib/libgeometry_msgs__rosidl_typesupport_fastrtps_cpp.so (ros-kilted-geometry-msgs)
#16 271.5  │ │  └─ lib/librosidl_typesupport_fastrtps_cpp.so
#16 271.5  │ │ 
#16 271.5  │ │ [lib/libaic_model_interfaces__rosidl_generator_py.so] links against:
#16 271.5  │ │  ├─ lib/libsensor_msgs__rosidl_generator_py.so (ros-kilted-sensor-msgs)
#16 271.5  │ │  ├─ lib/libgeometry_msgs__rosidl_generator_py.so (ros-kilted-geometry-msgs)
#16 271.5  │ │  └─ lib/libaic_control_interfaces__rosidl_generator_py.so (ros-kilted-aic-control-interfaces)
#16 271.5  │ │ Post-processing done!
#16 271.5  │ │ Writing test files
#16 271.5  │ │ Writing metadata for package
#16 271.5  │ │ Copying license files
#16 271.5  │ │ Copying recipe files
#16 271.5  │ │ 
#16 271.5  │ │ Files in package:
#16 271.5  │ │   ├─ include/aic_model_interfaces/aic_model_interfaces/msg/detail/observation__builder.hpp (4.79 KiB)
#16 271.5  │ │   ├─ include/aic_model_interfaces/aic_model_interfaces/msg/detail/observation__description.c (22.24 KiB)
#16 271.5  │ │   ├─ include/aic_model_interfaces/aic_model_interfaces/msg/detail/observation__functions.c (12.05 KiB)
#16 271.5  │ │   ├─ include/aic_model_interfaces/aic_model_interfaces/msg/detail/observation__functions.h (8.10 KiB)
#16 271.5  │ │   ├─ include/aic_model_interfaces/aic_model_interfaces/msg/detail/observation__rosidl_typesupport_fastrtps_c.h (2.44 KiB)
#16 271.5  │ │   ├─ include/aic_model_interfaces/aic_model_interfaces/msg/detail/observation__rosidl_typesupport_fastrtps_cpp.hpp (2.77 KiB)
#16 271.5  │ │   ├─ include/aic_model_interfaces/aic_model_interfaces/msg/detail/observation__rosidl_typesupport_introspection_c.h (1010 B)
#16 271.5  │ │   ├─ include/aic_model_interfaces/aic_model_interfaces/msg/detail/observation__rosidl_typesupport_introspection_cpp.hpp (1.04 KiB)
#16 271.5  │ │   ├─ include/aic_model_interfaces/aic_model_interfaces/msg/detail/observation__struct.h (2.10 KiB)
#16 271.5  │ │   ├─ include/aic_model_interfaces/aic_model_interfaces/msg/detail/observation__struct.hpp (7.86 KiB)
#16 271.5  │ │   ├─ include/aic_model_interfaces/aic_model_interfaces/msg/detail/observation__traits.hpp (6.55 KiB)
#16 271.5  │ │   ├─ include/aic_model_interfaces/aic_model_interfaces/msg/detail/observation__type_support.c (13.13 KiB)
#16 271.5  │ │   ├─ include/aic_model_interfaces/aic_model_interfaces/msg/detail/observation__type_support.cpp (10.35 KiB)
#16 271.5  │ │   ├─ include/aic_model_interfaces/aic_model_interfaces/msg/detail/observation__type_support.h (1016 B)
#16 271.5  │ │   ├─ include/aic_model_interfaces/aic_model_interfaces/msg/detail/observation__type_support.hpp (955 B)
#16 271.5  │ │   ├─ include/aic_model_interfaces/aic_model_interfaces/msg/observation.h (529 B)
#16 271.5  │ │   ├─ include/aic_model_interfaces/aic_model_interfaces/msg/observation.hpp (550 B)
#16 271.5  │ │   ├─ include/aic_model_interfaces/aic_model_interfaces/msg/rosidl_generator_c__visibility_control.h (1.60 KiB)
#16 271.5  │ │   ├─ include/aic_model_interfaces/aic_model_interfaces/msg/rosidl_generator_cpp__visibility_control.hpp (1.64 KiB)
#16 271.5  │ │   ├─ include/aic_model_interfaces/aic_model_interfaces/msg/rosidl_typesupport_fastrtps_c__visibility_control.h (1.79 KiB)
#16 271.5  │ │   ├─ include/aic_model_interfaces/aic_model_interfaces/msg/rosidl_typesupport_fastrtps_cpp__visibility_control.h (1.83 KiB)
#16 271.5  │ │   ├─ include/aic_model_interfaces/aic_model_interfaces/msg/rosidl_typesupport_introspection_c__visibility_control.h (1.88 KiB)
#16 271.5  │ │   ├─ lib/libaic_model_interfaces__rosidl_generator_c.so (38.10 KiB)
#16 271.5  │ │   ├─ lib/libaic_model_interfaces__rosidl_generator_py.so (16.01 KiB)
#16 271.5  │ │   ├─ lib/libaic_model_interfaces__rosidl_typesupport_c.so (16.22 KiB)
#16 271.5  │ │   ├─ lib/libaic_model_interfaces__rosidl_typesupport_cpp.so (16.45 KiB)
#16 271.5  │ │   ├─ lib/libaic_model_interfaces__rosidl_typesupport_fastrtps_c.so (23.39 KiB)
#16 271.5  │ │   ├─ lib/libaic_model_interfaces__rosidl_typesupport_fastrtps_cpp.so (30.12 KiB)
#16 271.5  │ │   ├─ lib/libaic_model_interfaces__rosidl_typesupport_introspection_c.so (21.97 KiB)
#16 271.5  │ │   ├─ lib/libaic_model_interfaces__rosidl_typesupport_introspection_cpp.so (27.57 KiB)
#16 271.5  │ │   ├─ lib/python3.12/site-packages/aic_model_interfaces/__init__.py (0 B)
#16 271.5  │ │   ├─ lib/python3.12/site-packages/aic_model_interfaces/__pycache__/__init__.cpython-312.pyc (417 B)
#16 271.5  │ │   ├─ lib/python3.12/site-packages/aic_model_interfaces/_aic_model_interfaces_s.ep.rosidl_typesupport_c.c (5.32 KiB)
#16 271.5  │ │   ├─ lib/python3.12/site-packages/aic_model_interfaces/_aic_model_interfaces_s.ep.rosidl_typesupport_fastrtps_c.c (5.33 KiB)
#16 271.5  │ │   ├─ lib/python3.12/site-packages/aic_model_interfaces/_aic_model_interfaces_s.ep.rosidl_typesupport_introspection_c.c (5.34 KiB)
#16 271.5  │ │   ├─ lib/python3.12/site-packages/aic_model_interfaces/aic_model_interfaces_s__rosidl_typesupport_c.so (16.05 KiB)
#16 271.5  │ │   ├─ lib/python3.12/site-packages/aic_model_interfaces/aic_model_interfaces_s__rosidl_typesupport_fastrtps_c.so (16.06 KiB)
#16 271.5  │ │   ├─ lib/python3.12/site-packages/aic_model_interfaces/aic_model_interfaces_s__rosidl_typesupport_introspection_c.so (16.08 KiB)
#16 271.5  │ │   ├─ lib/python3.12/site-packages/aic_model_interfaces/msg/__init__.py (76 B)
#16 271.5  │ │   ├─ lib/python3.12/site-packages/aic_model_interfaces/msg/__pycache__/__init__.cpython-312.pyc (497 B)
#16 271.5  │ │   ├─ lib/python3.12/site-packages/aic_model_interfaces/msg/__pycache__/_observation.cpython-312.pyc (15.50 KiB)
#16 271.5  │ │   ├─ lib/python3.12/site-packages/aic_model_interfaces/msg/_observation.py (12.84 KiB)
#16 271.5  │ │   ├─ lib/python3.12/site-packages/aic_model_interfaces/msg/_observation_s.c (10.26 KiB)
#16 271.5  │ │   ├─ lib/python3.12/site-packages/aic_model_interfaces-0.0.1-py3.12.egg-info/PKG-INFO (64 B)
#16 271.5  │ │   ├─ lib/python3.12/site-packages/aic_model_interfaces-0.0.1-py3.12.egg-info/SOURCES.txt (217 B)
#16 271.5  │ │   ├─ lib/python3.12/site-packages/aic_model_interfaces-0.0.1-py3.12.egg-info/dependency_links.txt (1 B)
#16 271.5  │ │   ├─ lib/python3.12/site-packages/aic_model_interfaces-0.0.1-py3.12.egg-info/top_level.txt (21 B)
#16 271.5  │ │   ├─ share/aic_model_interfaces/cmake/aic_model_interfacesConfig-version.cmake (432 B)
#16 271.5  │ │   ├─ share/aic_model_interfaces/cmake/aic_model_interfacesConfig.cmake (1.65 KiB)
#16 271.5  │ │   ├─ share/aic_model_interfaces/cmake/aic_model_interfaces__rosidl_typesupport_cExport-release.cmake (1.29 KiB)
#16 271.5  │ │   ├─ share/aic_model_interfaces/cmake/aic_model_interfaces__rosidl_typesupport_cExport.cmake (5.46 KiB)
#16 271.5  │ │   ├─ share/aic_model_interfaces/cmake/aic_model_interfaces__rosidl_typesupport_cppExport-release.cmake (1.35 KiB)
#16 271.5  │ │   ├─ share/aic_model_interfaces/cmake/aic_model_interfaces__rosidl_typesupport_cppExport.cmake (5.61 KiB)
#16 271.5  │ │   ├─ share/aic_model_interfaces/cmake/aic_model_interfaces__rosidl_typesupport_introspection_cExport-release.cmake (1.28 KiB)
#16 271.5  │ │   ├─ share/aic_model_interfaces/cmake/aic_model_interfaces__rosidl_typesupport_introspection_cExport.cmake (5.87 KiB)
#16 271.5  │ │   ├─ share/aic_model_interfaces/cmake/aic_model_interfaces__rosidl_typesupport_introspection_cppExport-release.cmake (1.29 KiB)
#16 271.5  │ │   ├─ share/aic_model_interfaces/cmake/aic_model_interfaces__rosidl_typesupport_introspection_cppExport.cmake (6.02 KiB)
#16 271.5  │ │   ├─ share/aic_model_interfaces/cmake/ament_cmake_export_dependencies-extras.cmake (4.55 KiB)
#16 271.5  │ │   ├─ share/aic_model_interfaces/cmake/ament_cmake_export_include_directories-extras.cmake (830 B)
#16 271.5  │ │   ├─ share/aic_model_interfaces/cmake/ament_cmake_export_libraries-extras.cmake (5.17 KiB)
#16 271.5  │ │   ├─ share/aic_model_interfaces/cmake/ament_cmake_export_targets-extras.cmake (1.41 KiB)
#16 271.5  │ │   ├─ share/aic_model_interfaces/cmake/export_aic_model_interfaces__rosidl_generator_cExport-release.cmake (1.15 KiB)
#16 271.5  │ │   ├─ share/aic_model_interfaces/cmake/export_aic_model_interfaces__rosidl_generator_cExport.cmake (4.76 KiB)
#16 271.5  │ │   ├─ share/aic_model_interfaces/cmake/export_aic_model_interfaces__rosidl_generator_cppExport.cmake (4.75 KiB)
#16 271.5  │ │   ├─ share/aic_model_interfaces/cmake/export_aic_model_interfaces__rosidl_generator_pyExport-release.cmake (4.58 KiB)
#16 271.5  │ │   ├─ share/aic_model_interfaces/cmake/export_aic_model_interfaces__rosidl_generator_pyExport.cmake (4.09 KiB)
#16 271.5  │ │   ├─ share/aic_model_interfaces/cmake/export_aic_model_interfaces__rosidl_typesupport_fastrtps_cExport-release.cmake (1.24 KiB)
#16 271.5  │ │   ├─ share/aic_model_interfaces/cmake/export_aic_model_interfaces__rosidl_typesupport_fastrtps_cExport.cmake (5.91 KiB)
#16 271.5  │ │   ├─ share/aic_model_interfaces/cmake/export_aic_model_interfaces__rosidl_typesupport_fastrtps_cppExport-release.cmake (1.25 KiB)
#16 271.5  │ │   ├─ share/aic_model_interfaces/cmake/export_aic_model_interfaces__rosidl_typesupport_fastrtps_cppExport.cmake (6.02 KiB)
#16 271.5  │ │   ├─ share/aic_model_interfaces/cmake/rosidl_cmake-extras.cmake (188 B)
#16 271.5  │ │   ├─ share/aic_model_interfaces/cmake/rosidl_cmake_export_typesupport_libraries-extras.cmake (1.97 KiB)
#16 271.5  │ │   ├─ share/aic_model_interfaces/cmake/rosidl_cmake_export_typesupport_targets-extras.cmake (1.43 KiB)
#16 271.5  │ │   ├─ share/aic_model_interfaces/environment/ament_prefix_path.dsv (41 B)
#16 271.5  │ │   ├─ share/aic_model_interfaces/environment/ament_prefix_path.sh (160 B)
#16 271.5  │ │   ├─ share/aic_model_interfaces/environment/library_path.dsv (42 B)
#16 271.5  │ │   ├─ share/aic_model_interfaces/environment/library_path.sh (411 B)
#16 271.5  │ │   ├─ share/aic_model_interfaces/environment/path.dsv (41 B)
#16 271.5  │ │   ├─ share/aic_model_interfaces/environment/path.sh (185 B)
#16 271.5  │ │   ├─ share/aic_model_interfaces/environment/pythonpath.dsv (62 B)
#16 271.5  │ │   ├─ share/aic_model_interfaces/environment/pythonpath.sh (166 B)
#16 271.5  │ │   ├─ share/aic_model_interfaces/local_setup.bash (1.56 KiB)
#16 271.5  │ │   ├─ share/aic_model_interfaces/local_setup.dsv (243 B)
#16 271.5  │ │   ├─ share/aic_model_interfaces/local_setup.sh (5.36 KiB) [prefix:text]
#16 271.5  │ │   ├─ share/aic_model_interfaces/local_setup.zsh (1.91 KiB)
#16 271.5  │ │   ├─ share/aic_model_interfaces/msg/Observation.idl (951 B)
#16 271.5  │ │   ├─ share/aic_model_interfaces/msg/Observation.json (23.99 KiB)
#16 271.5  │ │   ├─ share/aic_model_interfaces/msg/Observation.msg (350 B)
#16 271.5  │ │   ├─ share/aic_model_interfaces/package.dsv (200 B)
#16 271.5  │ │   ├─ share/aic_model_interfaces/package.xml (1.09 KiB)
#16 271.5  │ │   ├─ share/aic_model_interfaces/rust/Cargo.toml (703 B)
#16 271.5  │ │   ├─ share/aic_model_interfaces/rust/build.rs (339 B)
#16 271.5  │ │   ├─ share/aic_model_interfaces/rust/src/lib.rs (230 B)
#16 271.5  │ │   ├─ share/aic_model_interfaces/rust/src/msg/rmw.rs (3.95 KiB)
#16 271.5  │ │   ├─ share/aic_model_interfaces/rust/src/msg.rs (5.13 KiB)
#16 271.5  │ │   ├─ share/ament_index/resource_index/package_run_dependencies/aic_model_interfaces (149 B)
#16 271.5  │ │   ├─ share/ament_index/resource_index/packages/aic_model_interfaces (0 B)
#16 271.5  │ │   ├─ share/ament_index/resource_index/parent_prefix_path/aic_model_interfaces (92 B)
#16 271.5  │ │   ├─ share/ament_index/resource_index/rosidl_interfaces/aic_model_interfaces (39 B)
#16 271.5  │ │   ├─ share/ament_index/resource_index/rust_packages/aic_model_interfaces (0 B)
#16 271.5  │ │   ├─ info/about.json (250 B)
#16 271.5  │ │   ├─ info/hash_input.json (31 B)
#16 271.5  │ │   ├─ info/index.json (677 B)
#16 271.5  │ │   ├─ info/paths.json (24.98 KiB)
#16 271.5  │ │   └─ info/tests/tests.yaml (3 B)
#16 271.5  │ │ 
#16 271.5  │ │ Package statistics: 105 files (100 content, 5 metadata), total size: 552.74 KiB
#16 271.5  │ │ Largest files:
#16 271.5  │ │   38.10 KiB - lib/libaic_model_interfaces__rosidl_generator_c.so
#16 271.5  │ │   30.12 KiB - lib/libaic_model_interfaces__rosidl_typesupport_fastrtps_cpp.so
#16 271.5  │ │   27.57 KiB - lib/libaic_model_interfaces__rosidl_typesupport_introspection_cpp.so
#16 271.5  │ │   23.99 KiB - share/aic_model_interfaces/msg/Observation.json
#16 271.5  │ │   23.39 KiB - lib/libaic_model_interfaces__rosidl_typesupport_fastrtps_c.so
#16 271.5  │ │ Creating target folder '/ws_aic/src/aic/.pixi/build/work/ros-kilted-aic-model-interfaces-yuLgAhQzpV8-thgBGAeBgEM/output/linux-64'
#16 271.5  │ │ Compressing archive...
#16 271.6  │ │ Archive written to '/ws_aic/src/aic/.pixi/build/work/ros-kilted-aic-model-interfaces-yuLgAhQzpV8-thgBGAeBgEM/output/linux-64/ros-kilted-aic-model-interface
#16 271.6  │ │ s-0.0.1-hb0f4dca_0.conda'
#16 271.7  │ │
#16 271.7  │ ╰─────────────────── (took 1 second)
#16 271.7  │
#16 271.7  ╰─────────────────── (took 17 seconds)
#16 288.3 
#16 288.3  ╭─ Running build for recipe: ros-kilted-aic-model-0.0.1-hb0f4dca_0
#16 288.3  │
#16 288.3  │ ╭─ Fetching source code
#16 288.3  │ │ No sources to fetch
#16 288.3  │ │
#16 288.3  │ ╰─────────────────── (took 0 seconds)
#16 288.4  │
#16 288.4  │ ╭─ Externally resolved dependencies recipe: ros-kilted-aic-model-0.0.1-hb0f4dca_0
#16 288.4  │ │ 
#16 288.4  │ │ Resolved build dependencies(ros-kilted-aic-model-0.0.1-hb0f4dca_0):
#16 288.4  │ │ ╭───────────────────────────────────────────────────┬───────────────────────────────────┬──────────────┬──────────────────────┬──────────────────┬─────────
#16 288.4  │ │ ────╮
#16 288.4  │ │ │ Package                                           ┆ Spec                              ┆ Version      ┆ Build                ┆ Channel          ┆        S
#16 288.4  │ │ ize │
#16 288.4  │ │ ╞═══════════════════════════════════════════════════╪═══════════════════════════════════╪══════════════╪══════════════════════╪══════════════════╪═════════
#16 288.4  │ │ ════╡
#16 288.4  │ │ │ cmake                                             ┆ cmake                             ┆ 4.3.2        ┆ hc85cc9f_0           ┆ conda-forge      ┆   22.01 
#16 288.4  │ │ MiB │
#16 288.4  │ │ │ coreutils                                         ┆ coreutils                         ┆ 9.5          ┆ hd590300_0           ┆ conda-forge      ┆    2.87 
#16 288.4  │ │ MiB │
#16 288.4  │ │ │ cpython                                           ┆ cpython                           ┆ 3.12.13      ┆ py312hd8ed1ab_0      ┆ conda-forge      ┆   45.37 
#16 288.4  │ │ KiB │
#16 288.4  │ │ │ gcc_linux-64                                      ┆ gcc_linux-64                      ┆ 15.2.0       ┆ h7be306e_24          ┆ conda-forge      ┆   28.40 
#16 288.4  │ │ KiB │
#16 288.4  │ │ │ git                                               ┆ git                               ┆ 2.53.0       ┆ pl5321h6d3cee1_0     ┆ conda-forge      ┆   10.92 
#16 288.4  │ │ MiB │
#16 288.4  │ │ │ git-lfs                                           ┆ git-lfs                           ┆ 3.7.1        ┆ ha8f183a_1           ┆ conda-forge      ┆    4.23 
#16 288.4  │ │ MiB │
#16 288.4  │ │ │ gxx_linux-64                                      ┆ gxx_linux-64                      ┆ 15.2.0       ┆ he30e93d_24          ┆ conda-forge      ┆   26.96 
#16 288.4  │ │ KiB │
#16 288.4  │ │ │ make                                              ┆ make                              ┆ 4.4.1        ┆ hb9d3cd8_2           ┆ conda-forge      ┆  501.06 
#16 288.4  │ │ KiB │
#16 288.4  │ │ │ ninja                                             ┆ ninja                             ┆ 1.13.2       ┆ h171cf75_0           ┆ conda-forge      ┆  181.96 
#16 288.4  │ │ KiB │
#16 288.4  │ │ │ patch                                             ┆ patch                             ┆ 2.8          ┆ hb03c661_1002        ┆ conda-forge      ┆  114.47 
#16 288.4  │ │ KiB │
#16 288.4  │ │ │ python                                            ┆ python                            ┆ 3.12.13      ┆ hd63d673_0_cpython   ┆ conda-forge      ┆   30.14 
#16 288.4  │ │ MiB │
#16 288.4  │ │ │ ros-kilted-aic-control-interfaces                 ┆ ros-kilted-aic-control-interfaces ┆ 0.0.1        ┆ hb0f4dca_0           ┆                  ┆         
#16 288.4  │ │     │
#16 288.4  │ │ │ ros-kilted-aic-model-interfaces                   ┆ ros-kilted-aic-model-interfaces   ┆ 0.0.1        ┆ hb0f4dca_0           ┆                  ┆         
#16 288.4  │ │     │
#16 288.4  │ │ │ ros-kilted-aic-task-interfaces                    ┆ ros-kilted-aic-task-interfaces    ┆ 0.0.1        ┆ hb0f4dca_0           ┆                  ┆         
#16 288.4  │ │     │
#16 288.4  │ │ │ ros-kilted-geometry-msgs                          ┆ ros-kilted-geometry-msgs          ┆ 5.5.2        ┆ np2py312h2ed9cc7_17  ┆ robostack-kilted ┆  376.74 
#16 288.4  │ │ KiB │
#16 288.4  │ │ │ ros-kilted-lifecycle-msgs                         ┆ ros-kilted-lifecycle-msgs         ┆ 2.3.1        ┆ np2py312h2ed9cc7_17  ┆ robostack-kilted ┆  265.29 
#16 288.4  │ │ KiB │
#16 288.4  │ │ │ ros-kilted-rclpy                                  ┆ ros-kilted-rclpy                  ┆ 9.1.5        ┆ np2py312h2ed9cc7_17  ┆ robostack-kilted ┆  777.88 
#16 288.4  │ │ KiB │
#16 288.4  │ │ │ ros-kilted-ros-workspace                          ┆ ros-kilted-ros-workspace          ┆ 1.0.3        ┆ np2py312h2ed9cc7_17  ┆ robostack-kilted ┆   34.44 
#16 288.4  │ │ KiB │
#16 288.4  │ │ │ ros-kilted-sensor-msgs                            ┆ ros-kilted-sensor-msgs            ┆ 5.5.2        ┆ np2py312h2ed9cc7_17  ┆ robostack-kilted ┆  546.73 
#16 288.4  │ │ KiB │
#16 288.4  │ │ │ ros-kilted-std-srvs                               ┆ ros-kilted-std-srvs               ┆ 5.5.2        ┆ np2py312h2ed9cc7_17  ┆ robostack-kilted ┆  166.86 
#16 288.4  │ │ KiB │
#16 288.4  │ │ │ ros-kilted-tf2-ros                                ┆ ros-kilted-tf2-ros                ┆ 0.41.6       ┆ np2py312h2ed9cc7_17  ┆ robostack-kilted ┆  456.60 
#16 288.4  │ │ KiB │
#16 288.4  │ │ │ ros-kilted-trajectory-msgs                        ┆ ros-kilted-trajectory-msgs        ┆ 5.5.2        ┆ np2py312h2ed9cc7_17  ┆ robostack-kilted ┆  148.10 
#16 288.4  │ │ KiB │
#16 288.4  │ │ │ setuptools                                        ┆ setuptools                        ┆ 82.0.1       ┆ pyh332efcf_0         ┆ conda-forge      ┆  624.70 
#16 288.4  │ │ KiB │
#16 288.4  │ │ │ _openmp_mutex                                     ┆                                   ┆ 4.5          ┆ 20_gnu               ┆ conda-forge      ┆   28.27 
#16 288.4  │ │ KiB │
#16 288.4  │ │ │ argcomplete                                       ┆                                   ┆ 3.6.3        ┆ pyhd8ed1ab_0         ┆ conda-forge      ┆   41.39 
#16 288.4  │ │ KiB │
#16 288.4  │ │ │ attr                                              ┆                                   ┆ 2.5.2        ┆ hb03c661_1           ┆ conda-forge      ┆   30.65 
#16 288.4  │ │ KiB │
#16 288.4  │ │ │ binutils_impl_linux-64                            ┆                                   ┆ 2.45.1       ┆ default_hfdba357_102 ┆ conda-forge      ┆    3.49 
#16 288.4  │ │ MiB │
#16 288.4  │ │ │ binutils_linux-64                                 ┆                                   ┆ 2.45.1       ┆ default_h4852527_102 ┆ conda-forge      ┆   35.45 
#16 288.4  │ │ KiB │
#16 288.4  │ │ │ bzip2                                             ┆                                   ┆ 1.0.8        ┆ hda65f42_9           ┆ conda-forge      ┆  254.08 
#16 288.4  │ │ KiB │
#16 288.4  │ │ │ c-ares                                            ┆                                   ┆ 1.34.6       ┆ hb03c661_0           ┆ conda-forge      ┆  203.01 
#16 288.4  │ │ KiB │
#16 288.4  │ │ │ ca-certificates                                   ┆                                   ┆ 2026.4.22    ┆ hbd8a1cb_0           ┆ conda-forge      ┆  127.97 
#16 288.4  │ │ KiB │
#16 288.4  │ │ │ catkin_pkg                                        ┆                                   ┆ 1.1.0        ┆ pyhd8ed1ab_0         ┆ conda-forge      ┆   52.84 
#16 288.4  │ │ KiB │
#16 288.4  │ │ │ console_bridge                                    ┆                                   ┆ 1.0.2        ┆ h924138e_1           ┆ conda-forge      ┆   18.03 
#16 288.4  │ │ KiB │
#16 288.4  │ │ │ cppcheck                                          ┆                                   ┆ 2.20.1       ┆ py312h014360a_0      ┆ conda-forge      ┆    2.96 
#16 288.4  │ │ MiB │
#16 288.5  │ │ │ docutils                                          ┆                                   ┆ 0.22.4       ┆ pyhd8ed1ab_0         ┆ conda-forge      ┆  427.74 
#16 288.5  │ │ KiB │
#16 288.5  │ │ │ empy                                              ┆                                   ┆ 3.3.4        ┆ pyh9f0ad1d_1         ┆ conda-forge      ┆   39.27 
#16 288.5  │ │ KiB │
#16 288.5  │ │ │ flake8                                            ┆                                   ┆ 7.3.0        ┆ pyhd8ed1ab_0         ┆ conda-forge      ┆  109.29 
#16 288.5  │ │ KiB │
#16 288.5  │ │ │ flake8-builtins                                   ┆                                   ┆ 3.1.0        ┆ pyhd8ed1ab_0         ┆ conda-forge      ┆   19.04 
#16 288.5  │ │ KiB │
#16 288.5  │ │ │ flake8-comprehensions                             ┆                                   ┆ 3.17.0       ┆ pyhd8ed1ab_0         ┆ conda-forge      ┆   13.72 
#16 288.5  │ │ KiB │
#16 288.5  │ │ │ flake8-docstrings                                 ┆                                   ┆ 1.7.0        ┆ pyhd8ed1ab_0         ┆ conda-forge      ┆   10.15 
#16 288.5  │ │ KiB │
#16 288.5  │ │ │ flake8-import-order                               ┆                                   ┆ 0.19.2       ┆ pyhd8ed1ab_0         ┆ conda-forge      ┆   20.55 
#16 288.5  │ │ KiB │
#16 288.5  │ │ │ flake8-quotes                                     ┆                                   ┆ 3.4.0        ┆ pyhd8ed1ab_1         ┆ conda-forge      ┆   14.43 
#16 288.5  │ │ KiB │
#16 288.5  │ │ │ fmt                                               ┆                                   ┆ 12.1.0       ┆ hff5e90c_0           ┆ conda-forge      ┆  193.46 
#16 288.5  │ │ KiB │
#16 288.5  │ │ │ foonathan-memory                                  ┆                                   ┆ 0.7.3        ┆ h5888daf_1           ┆ conda-forge      ┆  221.81 
#16 288.5  │ │ KiB │
#16 288.5  │ │ │ gcc_impl_linux-64                                 ┆                                   ┆ 15.2.0       ┆ he420e7e_18          ┆ conda-forge      ┆   78.02 
#16 288.5  │ │ MiB │
#16 288.5  │ │ │ gxx_impl_linux-64                                 ┆                                   ┆ 15.2.0       ┆ hda75c37_18          ┆ conda-forge      ┆   14.87 
#16 288.5  │ │ MiB │
#16 288.5  │ │ │ icu                                               ┆                                   ┆ 78.3         ┆ h33c6efd_0           ┆ conda-forge      ┆   12.13 
#16 288.5  │ │ MiB │
#16 288.5  │ │ │ importlib-metadata                                ┆                                   ┆ 8.8.0        ┆ pyhcf101f3_0         ┆ conda-forge      ┆   33.58 
#16 288.5  │ │ KiB │
#16 288.5  │ │ │ importlib_resources                               ┆                                   ┆ 7.1.0        ┆ pyhd8ed1ab_0         ┆ conda-forge      ┆   33.99 
#16 288.5  │ │ KiB │
#16 288.5  │ │ │ kernel-headers_linux-64                           ┆                                   ┆ 4.18.0       ┆ he073ed8_9           ┆ conda-forge      ┆    1.22 
#16 288.5  │ │ MiB │
#16 288.5  │ │ │ keyutils                                          ┆                                   ┆ 1.6.3        ┆ hb9d3cd8_0           ┆ conda-forge      ┆  130.95 
#16 288.5  │ │ KiB │
#16 288.5  │ │ │ krb5                                              ┆                                   ┆ 1.22.2       ┆ ha1258a1_0           ┆ conda-forge      ┆    1.32 
#16 288.5  │ │ MiB │
#16 288.5  │ │ │ lark-parser                                       ┆                                   ┆ 0.12.0       ┆ pyhd8ed1ab_1         ┆ conda-forge      ┆   84.12 
#16 288.5  │ │ KiB │
#16 288.5  │ │ │ ld_impl_linux-64                                  ┆                                   ┆ 2.45.1       ┆ default_hbd61a6d_102 ┆ conda-forge      ┆  710.94 
#16 288.5  │ │ KiB │
#16 288.5  │ │ │ libacl                                            ┆                                   ┆ 2.3.2        ┆ h0f662aa_0           ┆ conda-forge      ┆  108.01 
#16 288.5  │ │ KiB │
#16 288.5  │ │ │ libattr                                           ┆                                   ┆ 2.5.2        ┆ hb03c661_1           ┆ conda-forge      ┆   52.07 
#16 288.5  │ │ KiB │
#16 288.5  │ │ │ libblas                                           ┆                                   ┆ 3.11.0       ┆ 6_h4a7cf45_openblas  ┆ conda-forge      ┆   18.18 
#16 288.5  │ │ KiB │
#16 288.5  │ │ │ libcblas                                          ┆                                   ┆ 3.11.0       ┆ 6_h0358290_openblas  ┆ conda-forge      ┆   18.19 
#16 288.5  │ │ KiB │
#16 288.5  │ │ │ libcurl                                           ┆                                   ┆ 8.19.0       ┆ hcf29cc6_0           ┆ conda-forge      ┆  455.77 
#16 288.5  │ │ KiB │
#16 288.5  │ │ │ libedit                                           ┆                                   ┆ 3.1.20250104 ┆ pl5321h7949ede_0     ┆ conda-forge      ┆  131.52 
#16 288.5  │ │ KiB │
#16 288.5  │ │ │ libev                                             ┆                                   ┆ 4.33         ┆ hd590300_2           ┆ conda-forge      ┆  110.12 
#16 288.5  │ │ KiB │
#16 288.5  │ │ │ libexpat                                          ┆                                   ┆ 2.7.5        ┆ hecca717_0           ┆ conda-forge      ┆   74.83 
#16 288.5  │ │ KiB │
#16 288.5  │ │ │ libffi                                            ┆                                   ┆ 3.5.2        ┆ h3435931_0           ┆ conda-forge      ┆   57.22 
#16 288.5  │ │ KiB │
#16 288.5  │ │ │ libgcc                                            ┆                                   ┆ 15.2.0       ┆ he0feb66_18          ┆ conda-forge      ┆ 1017.37 
#16 288.5  │ │ KiB │
#16 288.5  │ │ │ libgcc-devel_linux-64                             ┆                                   ┆ 15.2.0       ┆ hcc6f6b0_118         ┆ conda-forge      ┆    2.94 
#16 288.5  │ │ MiB │
#16 288.5  │ │ │ libgcc-ng                                         ┆                                   ┆ 15.2.0       ┆ h69a702a_18          ┆ conda-forge      ┆   26.88 
#16 288.5  │ │ KiB │
#16 288.5  │ │ │ libgfortran                                       ┆                                   ┆ 15.2.0       ┆ h69a702a_18          ┆ conda-forge      ┆   26.88 
#16 288.5  │ │ KiB │
#16 288.5  │ │ │ libgfortran5                                      ┆                                   ┆ 15.2.0       ┆ h68bc16d_18          ┆ conda-forge      ┆    2.37 
#16 288.5  │ │ MiB │
#16 288.5  │ │ │ libgomp                                           ┆                                   ┆ 15.2.0       ┆ he0feb66_18          ┆ conda-forge      ┆  589.12 
#16 288.5  │ │ KiB │
#16 288.5  │ │ │ libiconv                                          ┆                                   ┆ 1.18         ┆ h3b78370_2           ┆ conda-forge      ┆  771.66 
#16 288.5  │ │ KiB │
#16 288.5  │ │ │ liblapack                                         ┆                                   ┆ 3.11.0       ┆ 6_h47877c9_openblas  ┆ conda-forge      ┆   18.19 
#16 288.5  │ │ KiB │
#16 288.5  │ │ │ liblzma                                           ┆                                   ┆ 5.8.3        ┆ hb03c661_0           ┆ conda-forge      ┆  110.82 
#16 288.5  │ │ KiB │
#16 288.5  │ │ │ libnghttp2                                        ┆                                   ┆ 1.68.1       ┆ h877daf1_0           ┆ conda-forge      ┆  647.80 
#16 288.5  │ │ KiB │
#16 288.5  │ │ │ libnsl                                            ┆                                   ┆ 2.0.1        ┆ hb9d3cd8_1           ┆ conda-forge      ┆   32.94 
#16 288.5  │ │ KiB │
#16 288.5  │ │ │ libopenblas                                       ┆                                   ┆ 0.3.32       ┆ pthreads_h94d23a6_0  ┆ conda-forge      ┆    5.65 
#16 288.5  │ │ MiB │
#16 288.5  │ │ │ libsanitizer                                      ┆                                   ┆ 15.2.0       ┆ h90f66d4_18          ┆ conda-forge      ┆    7.72 
#16 288.5  │ │ MiB │
#16 288.5  │ │ │ libsqlite                                         ┆                                   ┆ 3.53.0       ┆ hf4e2dac_0           ┆ conda-forge      ┆  936.39 
#16 288.5  │ │ KiB │
#16 288.5  │ │ │ libssh2                                           ┆                                   ┆ 1.11.1       ┆ hcf80075_0           ┆ conda-forge      ┆  297.65 
#16 288.5  │ │ KiB │
#16 288.5  │ │ │ libstdcxx                                         ┆                                   ┆ 15.2.0       ┆ h934c35e_18          ┆ conda-forge      ┆    5.58 
#16 288.5  │ │ MiB │
#16 288.5  │ │ │ libstdcxx-devel_linux-64                          ┆                                   ┆ 15.2.0       ┆ hd446a21_118         ┆ conda-forge      ┆   19.71 
#16 288.5  │ │ MiB │
#16 288.5  │ │ │ libstdcxx-ng                                      ┆                                   ┆ 15.2.0       ┆ hdf11a46_18          ┆ conda-forge      ┆   26.93 
#16 288.5  │ │ KiB │
#16 288.5  │ │ │ liburcu                                           ┆                                   ┆ 0.14.0       ┆ hac33072_0           ┆ conda-forge      ┆  172.73 
#16 288.5  │ │ KiB │
#16 288.5  │ │ │ libuuid                                           ┆                                   ┆ 2.42         ┆ h5347b49_0           ┆ conda-forge      ┆   39.35 
#16 288.5  │ │ KiB │
#16 288.5  │ │ │ libuv                                             ┆                                   ┆ 1.51.0       ┆ hb03c661_1           ┆ conda-forge      ┆  874.13 
#16 288.5  │ │ KiB │
#16 288.5  │ │ │ libxcrypt                                         ┆                                   ┆ 4.4.36       ┆ hd590300_1           ┆ conda-forge      ┆   98.04 
#16 288.5  │ │ KiB │
#16 288.5  │ │ │ libzlib                                           ┆                                   ┆ 1.3.2        ┆ h25fd6f3_2           ┆ conda-forge      ┆   62.14 
#16 288.5  │ │ KiB │
#16 288.5  │ │ │ lttng-ust                                         ┆                                   ┆ 2.13.9       ┆ hf5eda4c_0           ┆ conda-forge      ┆  366.56 
#16 288.5  │ │ KiB │
#16 288.5  │ │ │ mccabe                                            ┆                                   ┆ 0.7.0        ┆ pyhd8ed1ab_1         ┆ conda-forge      ┆   12.63 
#16 288.5  │ │ KiB │
#16 288.5  │ │ │ ncurses                                           ┆                                   ┆ 6.6          ┆ hdb14827_0           ┆ conda-forge      ┆  897.42 
#16 288.5  │ │ KiB │
#16 288.5  │ │ │ numpy                                             ┆                                   ┆ 2.4.3        ┆ py312h33ff503_0      ┆ conda-forge      ┆    8.35 
#16 288.5  │ │ MiB │
#16 288.5  │ │ │ openssl                                           ┆                                   ┆ 3.6.2        ┆ h35e630c_0           ┆ conda-forge      ┆    3.02 
#16 288.5  │ │ MiB │
#16 288.5  │ │ │ packaging                                         ┆                                   ┆ 26.2         ┆ pyhc364b38_0         ┆ conda-forge      ┆   89.43 
#16 288.5  │ │ KiB │
#16 288.5  │ │ │ pcre                                              ┆                                   ┆ 8.45         ┆ h9c3ff4c_0           ┆ conda-forge      ┆  253.30 
#16 288.5  │ │ KiB │
#16 288.5  │ │ │ pcre2                                             ┆                                   ┆ 10.47        ┆ haa7fec5_0           ┆ conda-forge      ┆    1.17 
#16 288.5  │ │ MiB │
#16 288.5  │ │ │ perl                                              ┆                                   ┆ 5.32.1       ┆ 7_hd590300_perl5     ┆ conda-forge      ┆   12.73 
#16 288.5  │ │ MiB │
#16 288.5  │ │ │ pkg-config                                        ┆                                   ┆ 0.29.2       ┆ h4bc722e_1009        ┆ conda-forge      ┆  112.48 
#16 288.5  │ │ KiB │
#16 288.5  │ │ │ pycodestyle                                       ┆                                   ┆ 2.14.0       ┆ pyhd8ed1ab_0         ┆ conda-forge      ┆   34.36 
#16 288.5  │ │ KiB │
#16 288.5  │ │ │ pydocstyle                                        ┆                                   ┆ 6.3.0        ┆ pyhd8ed1ab_1         ┆ conda-forge      ┆   39.29 
#16 288.5  │ │ KiB │
#16 288.5  │ │ │ pyflakes                                          ┆                                   ┆ 3.4.0        ┆ pyhd8ed1ab_0         ┆ conda-forge      ┆   58.20 
#16 288.5  │ │ KiB │
#16 288.5  │ │ │ pygments                                          ┆                                   ┆ 2.20.0       ┆ pyhd8ed1ab_0         ┆ conda-forge      ┆  872.10 
#16 288.5  │ │ KiB │
#16 288.5  │ │ │ pyparsing                                         ┆                                   ┆ 3.3.2        ┆ pyhcf101f3_0         ┆ conda-forge      ┆  108.29 
#16 288.5  │ │ KiB │
#16 288.5  │ │ │ python-dateutil                                   ┆                                   ┆ 2.9.0.post0  ┆ pyhe01879c_2         ┆ conda-forge      ┆  227.84 
#16 288.5  │ │ KiB │
#16 288.5  │ │ │ python_abi                                        ┆                                   ┆ 3.12         ┆ 8_cp312              ┆ conda-forge      ┆    6.79 
#16 288.5  │ │ KiB │
#16 288.5  │ │ │ pyyaml                                            ┆                                   ┆ 6.0.3        ┆ py312h8a5da7c_1      ┆ conda-forge      ┆  193.65 
#16 288.5  │ │ KiB │
#16 288.5  │ │ │ readline                                          ┆                                   ┆ 8.3          ┆ h853b02a_0           ┆ conda-forge      ┆  336.99 
#16 288.5  │ │ KiB │
#16 288.5  │ │ │ rhash                                             ┆                                   ┆ 1.4.6        ┆ hb9d3cd8_1           ┆ conda-forge      ┆  189.23 
#16 288.5  │ │ KiB │
#16 288.5  │ │ │ ros-kilted-action-msgs                            ┆                                   ┆ 2.3.1        ┆ np2py312h2ed9cc7_17  ┆ robostack-kilted ┆  150.07 
#16 288.5  │ │ KiB │
#16 288.5  │ │ │ ros-kilted-ament-cmake                            ┆                                   ┆ 2.7.5        ┆ np2py312h2ed9cc7_17  ┆ robostack-kilted ┆   22.73 
#16 288.5  │ │ KiB │
#16 288.5  │ │ │ ros-kilted-ament-cmake-core                       ┆                                   ┆ 2.7.5        ┆ np2py312h2ed9cc7_17  ┆ robostack-kilted ┆   43.98 
#16 288.5  │ │ KiB │
#16 288.5  │ │ │ ros-kilted-ament-cmake-cppcheck                   ┆                                   ┆ 0.19.2       ┆ np2py312h2ed9cc7_17  ┆ robostack-kilted ┆   23.89 
#16 288.5  │ │ KiB │
#16 288.5  │ │ │ ros-kilted-ament-cmake-cpplint                    ┆                                   ┆ 0.19.2       ┆ np2py312h2ed9cc7_17  ┆ robostack-kilted ┆   22.76 
#16 288.5  │ │ KiB │
#16 288.5  │ │ │ ros-kilted-ament-cmake-export-definitions         ┆                                   ┆ 2.7.5        ┆ np2py312h2ed9cc7_17  ┆ robostack-kilted ┆   21.48 
#16 288.5  │ │ KiB │
#16 288.5  │ │ │ ros-kilted-ament-cmake-export-dependencies        ┆                                   ┆ 2.7.5        ┆ np2py312h2ed9cc7_17  ┆ robostack-kilted ┆   22.41 
#16 288.5  │ │ KiB │
#16 288.5  │ │ │ ros-kilted-ament-cmake-export-include-directories ┆                                   ┆ 2.7.5        ┆ np2py312h2ed9cc7_17  ┆ robostack-kilted ┆   21.91 
#16 288.5  │ │ KiB │
#16 288.5  │ │ │ ros-kilted-ament-cmake-export-interfaces          ┆                                   ┆ 2.7.5        ┆ np2py312h2ed9cc7_17  ┆ robostack-kilted ┆   22.11 
#16 288.5  │ │ KiB │
#16 288.5  │ │ │ ros-kilted-ament-cmake-export-libraries           ┆                                   ┆ 2.7.5        ┆ np2py312h2ed9cc7_17  ┆ robostack-kilted ┆   23.39 
#16 288.5  │ │ KiB │
#16 288.5  │ │ │ ros-kilted-ament-cmake-export-link-flags          ┆                                   ┆ 2.7.5        ┆ np2py312h2ed9cc7_17  ┆ robostack-kilted ┆   21.45 
#16 288.5  │ │ KiB │
#16 288.5  │ │ │ ros-kilted-ament-cmake-export-targets             ┆                                   ┆ 2.7.5        ┆ np2py312h2ed9cc7_17  ┆ robostack-kilted ┆   22.26 
#16 288.5  │ │ KiB │
#16 288.5  │ │ │ ros-kilted-ament-cmake-flake8                     ┆                                   ┆ 0.19.2       ┆ np2py312h2ed9cc7_17  ┆ robostack-kilted ┆   23.73 
#16 288.5  │ │ KiB │
#16 288.5  │ │ │ ros-kilted-ament-cmake-gen-version-h              ┆                                   ┆ 2.7.5        ┆ np2py312h2ed9cc7_17  ┆ robostack-kilted ┆   24.16 
#16 288.5  │ │ KiB │
#16 288.5  │ │ │ ros-kilted-ament-cmake-include-directories        ┆                                   ┆ 2.7.5        ┆ np2py312h2ed9cc7_17  ┆ robostack-kilted ┆   21.36 
#16 288.5  │ │ KiB │
#16 288.5  │ │ │ ros-kilted-ament-cmake-libraries                  ┆                                   ┆ 2.7.5        ┆ np2py312h2ed9cc7_17  ┆ robostack-kilted ┆   21.06 
#16 288.5  │ │ KiB │
#16 288.5  │ │ │ ros-kilted-ament-cmake-pep257                     ┆                                   ┆ 0.19.2       ┆ np2py312h2ed9cc7_17  ┆ robostack-kilted ┆   22.58 
#16 288.5  │ │ KiB │
#16 288.5  │ │ │ ros-kilted-ament-cmake-python                     ┆                                   ┆ 2.7.5        ┆ np2py312h2ed9cc7_17  ┆ robostack-kilted ┆   23.55 
#16 288.5  │ │ KiB │
#16 288.5  │ │ │ ros-kilted-ament-cmake-ros-core                   ┆                                   ┆ 0.14.7       ┆ np2py312h2ed9cc7_17  ┆ robostack-kilted ┆   26.39 
#16 288.5  │ │ KiB │
#16 288.5  │ │ │ ros-kilted-ament-cmake-target-dependencies        ┆                                   ┆ 2.7.5        ┆ np2py312h2ed9cc7_17  ┆ robostack-kilted ┆   23.29 
#16 288.5  │ │ KiB │
#16 288.5  │ │ │ ros-kilted-ament-cmake-test                       ┆                                   ┆ 2.7.5        ┆ np2py312h2ed9cc7_17  ┆ robostack-kilted ┆   35.17 
#16 288.5  │ │ KiB │
#16 288.5  │ │ │ ros-kilted-ament-cmake-uncrustify                 ┆                                   ┆ 0.19.2       ┆ np2py312h2ed9cc7_17  ┆ robostack-kilted ┆   23.12 
#16 288.5  │ │ KiB │
#16 288.5  │ │ │ ros-kilted-ament-cmake-version                    ┆                                   ┆ 2.7.5        ┆ np2py312h2ed9cc7_17  ┆ robostack-kilted ┆   21.24 
#16 288.5  │ │ KiB │
#16 288.5  │ │ │ ros-kilted-ament-cppcheck                         ┆                                   ┆ 0.19.2       ┆ np2py312h2ed9cc7_17  ┆ robostack-kilted ┆   29.34 
#16 288.5  │ │ KiB │
#16 288.5  │ │ │ ros-kilted-ament-cpplint                          ┆                                   ┆ 0.19.2       ┆ np2py312h2ed9cc7_17  ┆ robostack-kilted ┆  165.26 
#16 288.5  │ │ KiB │
#16 288.5  │ │ │ ros-kilted-ament-flake8                           ┆                                   ┆ 0.19.2       ┆ np2py312h2ed9cc7_17  ┆ robostack-kilted ┆   27.55 
#16 288.5  │ │ KiB │
#16 288.5  │ │ │ ros-kilted-ament-index-cpp                        ┆                                   ┆ 1.11.3       ┆ np2py312h2ed9cc7_17  ┆ robostack-kilted ┆   51.11 
#16 288.5  │ │ KiB │
#16 288.5  │ │ │ ros-kilted-ament-index-python                     ┆                                   ┆ 1.11.3       ┆ np2py312h2ed9cc7_17  ┆ robostack-kilted ┆   29.79 
#16 288.5  │ │ KiB │
#16 288.5  │ │ │ ros-kilted-ament-lint                             ┆                                   ┆ 0.19.2       ┆ np2py312h2ed9cc7_17  ┆ robostack-kilted ┆   17.04 
#16 288.5  │ │ KiB │
#16 288.5  │ │ │ ros-kilted-ament-package                          ┆                                   ┆ 0.17.2       ┆ np2py312h2ed9cc7_17  ┆ robostack-kilted ┆   41.83 
#16 288.5  │ │ KiB │
#16 288.5  │ │ │ ros-kilted-ament-pep257                           ┆                                   ┆ 0.19.2       ┆ np2py312h2ed9cc7_17  ┆ robostack-kilted ┆   26.22 
#16 288.5  │ │ KiB │
#16 288.5  │ │ │ ros-kilted-ament-uncrustify                       ┆                                   ┆ 0.19.2       ┆ np2py312h2ed9cc7_17  ┆ robostack-kilted ┆   66.74 
#16 288.5  │ │ KiB │
#16 288.5  │ │ │ ros-kilted-builtin-interfaces                     ┆                                   ┆ 2.3.1        ┆ np2py312h2ed9cc7_17  ┆ robostack-kilted ┆   78.56 
#16 288.5  │ │ KiB │
#16 288.5  │ │ │ ros-kilted-class-loader                           ┆                                   ┆ 2.8.1        ┆ np2py312h2ed9cc7_17  ┆ robostack-kilted ┆   73.28 
#16 288.5  │ │ KiB │
#16 288.5  │ │ │ ros-kilted-composition-interfaces                 ┆                                   ┆ 2.3.1        ┆ np2py312h2ed9cc7_17  ┆ robostack-kilted ┆  222.14 
#16 288.5  │ │ KiB │
#16 288.5  │ │ │ ros-kilted-console-bridge-vendor                  ┆                                   ┆ 1.8.0        ┆ np2py312h2ed9cc7_17  ┆ robostack-kilted ┆   27.22 
#16 288.5  │ │ KiB │
#16 288.5  │ │ │ ros-kilted-cyclonedds                             ┆                                   ┆ 0.10.5       ┆ np2py312h2ed9cc7_17  ┆ robostack-kilted ┆    1.14 
#16 288.5  │ │ MiB │
#16 288.5  │ │ │ ros-kilted-fastcdr                                ┆                                   ┆ 2.3.5        ┆ np2py312h2ed9cc7_17  ┆ robostack-kilted ┆   87.44 
#16 288.5  │ │ KiB │
#16 288.5  │ │ │ ros-kilted-fastdds                                ┆                                   ┆ 3.2.3        ┆ np2py312h2ed9cc7_17  ┆ robostack-kilted ┆    4.82 
#16 288.5  │ │ MiB │
#16 288.5  │ │ │ ros-kilted-foonathan-memory-vendor                ┆                                   ┆ 1.3.1        ┆ np2py312h2ed9cc7_17  ┆ robostack-kilted ┆   18.91 
#16 288.5  │ │ KiB │
#16 288.5  │ │ │ ros-kilted-iceoryx-binding-c                      ┆                                   ┆ 2.0.5        ┆ np2py312h2ed9cc7_17  ┆ robostack-kilted ┆   90.85 
#16 288.5  │ │ KiB │
#16 288.5  │ │ │ ros-kilted-iceoryx-hoofs                          ┆                                   ┆ 2.0.5        ┆ np2py312h2ed9cc7_17  ┆ robostack-kilted ┆  257.68 
#16 288.5  │ │ KiB │
#16 288.5  │ │ │ ros-kilted-iceoryx-posh                           ┆                                   ┆ 2.0.5        ┆ np2py312h2ed9cc7_17  ┆ robostack-kilted ┆  560.52 
#16 288.5  │ │ KiB │
#16 288.5  │ │ │ ros-kilted-libstatistics-collector                ┆                                   ┆ 2.0.1        ┆ np2py312h2ed9cc7_17  ┆ robostack-kilted ┆   57.26 
#16 288.5  │ │ KiB │
#16 288.5  │ │ │ ros-kilted-libyaml-vendor                         ┆                                   ┆ 1.7.1        ┆ np2py312h2ed9cc7_17  ┆ robostack-kilted ┆   29.14 
#16 288.5  │ │ KiB │
#16 288.5  │ │ │ ros-kilted-message-filters                        ┆                                   ┆ 7.1.6        ┆ np2py312h2ed9cc7_17  ┆ robostack-kilted ┆   86.80 
#16 288.5  │ │ KiB │
#16 288.5  │ │ │ ros-kilted-rcl                                    ┆                                   ┆ 10.1.4       ┆ np2py312h2ed9cc7_17  ┆ robostack-kilted ┆  195.64 
#16 288.5  │ │ KiB │
#16 288.5  │ │ │ ros-kilted-rcl-action                             ┆                                   ┆ 10.1.4       ┆ np2py312h2ed9cc7_17  ┆ robostack-kilted ┆   80.42 
#16 288.5  │ │ KiB │
#16 288.5  │ │ │ ros-kilted-rcl-interfaces                         ┆                                   ┆ 2.3.1        ┆ np2py312h2ed9cc7_17  ┆ robostack-kilted ┆  565.68 
#16 288.5  │ │ KiB │
#16 288.5  │ │ │ ros-kilted-rcl-lifecycle                          ┆                                   ┆ 10.1.4       ┆ np2py312h2ed9cc7_17  ┆ robostack-kilted ┆   57.92 
#16 288.5  │ │ KiB │
#16 288.5  │ │ │ ros-kilted-rcl-logging-interface                  ┆                                   ┆ 3.2.4        ┆ np2py312h2ed9cc7_17  ┆ robostack-kilted ┆   35.68 
#16 288.5  │ │ KiB │
#16 288.5  │ │ │ ros-kilted-rcl-logging-spdlog                     ┆                                   ┆ 3.2.4        ┆ np2py312h918b84f_17  ┆ robostack-kilted ┆   46.12 
#16 288.5  │ │ KiB │
#16 288.5  │ │ │ ros-kilted-rcl-yaml-param-parser                  ┆                                   ┆ 10.1.4       ┆ np2py312h2ed9cc7_17  ┆ robostack-kilted ┆   51.15 
#16 288.5  │ │ KiB │
#16 288.5  │ │ │ ros-kilted-rclcpp                                 ┆                                   ┆ 29.5.7       ┆ np2py312h2ed9cc7_17  ┆ robostack-kilted ┆    1.04 
#16 288.5  │ │ MiB │
#16 288.5  │ │ │ ros-kilted-rclcpp-action                          ┆                                   ┆ 29.5.7       ┆ np2py312h2ed9cc7_17  ┆ robostack-kilted ┆  150.67 
#16 288.5  │ │ KiB │
#16 288.5  │ │ │ ros-kilted-rclcpp-components                      ┆                                   ┆ 29.5.7       ┆ np2py312h2ed9cc7_17  ┆ robostack-kilted ┆  137.96 
#16 288.5  │ │ KiB │
#16 288.5  │ │ │ ros-kilted-rcpputils                              ┆                                   ┆ 2.13.5       ┆ np2py312h2ed9cc7_17  ┆ robostack-kilted ┆   79.27 
#16 288.5  │ │ KiB │
#16 288.5  │ │ │ ros-kilted-rcutils                                ┆                                   ┆ 6.9.10       ┆ np2py312h2ed9cc7_17  ┆ robostack-kilted ┆  121.88 
#16 288.5  │ │ KiB │
#16 288.5  │ │ │ ros-kilted-rmw                                    ┆                                   ┆ 7.8.2        ┆ np2py312h2ed9cc7_17  ┆ robostack-kilted ┆   94.45 
#16 288.5  │ │ KiB │
#16 288.5  │ │ │ ros-kilted-rmw-connextdds                         ┆                                   ┆ 1.1.1        ┆ np2py312h2ed9cc7_17  ┆ robostack-kilted ┆   30.19 
#16 288.5  │ │ KiB │
#16 288.5  │ │ │ ros-kilted-rmw-connextdds-common                  ┆                                   ┆ 1.1.1        ┆ np2py312h2ed9cc7_17  ┆ robostack-kilted ┆   52.90 
#16 288.5  │ │ KiB │
#16 288.5  │ │ │ ros-kilted-rmw-cyclonedds-cpp                     ┆                                   ┆ 4.0.2        ┆ np2py312h2ed9cc7_17  ┆ robostack-kilted ┆  255.17 
#16 288.5  │ │ KiB │
#16 288.5  │ │ │ ros-kilted-rmw-dds-common                         ┆                                   ┆ 5.0.0        ┆ np2py312h2ed9cc7_17  ┆ robostack-kilted ┆  164.50 
#16 288.5  │ │ KiB │
#16 288.5  │ │ │ ros-kilted-rmw-fastrtps-cpp                       ┆                                   ┆ 9.3.3        ┆ np2py312h2ed9cc7_17  ┆ robostack-kilted ┆  150.95 
#16 288.5  │ │ KiB │
#16 288.5  │ │ │ ros-kilted-rmw-fastrtps-dynamic-cpp               ┆                                   ┆ 9.3.3        ┆ np2py312h2ed9cc7_17  ┆ robostack-kilted ┆  172.93 
#16 288.5  │ │ KiB │
#16 288.5  │ │ │ ros-kilted-rmw-fastrtps-shared-cpp                ┆                                   ┆ 9.3.3        ┆ np2py312h2ed9cc7_17  ┆ robostack-kilted ┆  226.52 
#16 288.5  │ │ KiB │
#16 288.5  │ │ │ ros-kilted-rmw-implementation                     ┆                                   ┆ 3.0.6        ┆ np2py312h2ed9cc7_17  ┆ robostack-kilted ┆   52.26 
#16 288.5  │ │ KiB │
#16 288.5  │ │ │ ros-kilted-rmw-implementation-cmake               ┆                                   ┆ 7.8.2        ┆ np2py312h2ed9cc7_17  ┆ robostack-kilted ┆   28.94 
#16 288.5  │ │ KiB │
#16 288.5  │ │ │ ros-kilted-rmw-security-common                    ┆                                   ┆ 7.8.2        ┆ np2py312h2ed9cc7_17  ┆ robostack-kilted ┆   50.05 
#16 288.5  │ │ KiB │
#16 288.5  │ │ │ ros-kilted-ros-environment                        ┆                                   ┆ 4.3.1        ┆ np2py312h2ed9cc7_17  ┆ robostack-kilted ┆   20.85 
#16 288.5  │ │ KiB │
#16 288.5  │ │ │ ros-kilted-rosgraph-msgs                          ┆                                   ┆ 2.3.1        ┆ np2py312h2ed9cc7_17  ┆ robostack-kilted ┆   70.44 
#16 288.5  │ │ KiB │
#16 288.5  │ │ │ ros-kilted-rosidl-adapter                         ┆                                   ┆ 4.9.6        ┆ np2py312h2ed9cc7_17  ┆ robostack-kilted ┆   66.46 
#16 288.5  │ │ KiB │
#16 288.5  │ │ │ ros-kilted-rosidl-cli                             ┆                                   ┆ 4.9.6        ┆ np2py312h2ed9cc7_17  ┆ robostack-kilted ┆   45.24 
#16 288.5  │ │ KiB │
#16 288.5  │ │ │ ros-kilted-rosidl-cmake                           ┆                                   ┆ 4.9.6        ┆ np2py312h2ed9cc7_17  ┆ robostack-kilted ┆   35.50 
#16 288.5  │ │ KiB │
#16 288.5  │ │ │ ros-kilted-rosidl-core-runtime                    ┆                                   ┆ 0.3.2        ┆ np2py312h2ed9cc7_17  ┆ robostack-kilted ┆   29.33 
#16 288.5  │ │ KiB │
#16 288.5  │ │ │ ros-kilted-rosidl-default-runtime                 ┆                                   ┆ 1.7.2        ┆ np2py312h2ed9cc7_17  ┆ robostack-kilted ┆   29.88 
#16 288.5  │ │ KiB │
#16 288.5  │ │ │ ros-kilted-rosidl-dynamic-typesupport             ┆                                   ┆ 0.3.1        ┆ np2py312h2ed9cc7_17  ┆ robostack-kilted ┆   59.43 
#16 288.5  │ │ KiB │
#16 288.5  │ │ │ ros-kilted-rosidl-dynamic-typesupport-fastrtps    ┆                                   ┆ 0.4.2        ┆ np2py312h2ed9cc7_17  ┆ robostack-kilted ┆   80.90 
#16 288.5  │ │ KiB │
#16 288.5  │ │ │ ros-kilted-rosidl-generator-c                     ┆                                   ┆ 4.9.6        ┆ np2py312h2ed9cc7_17  ┆ robostack-kilted ┆   50.87 
#16 288.5  │ │ KiB │
#16 288.5  │ │ │ ros-kilted-rosidl-generator-cpp                   ┆                                   ┆ 4.9.6        ┆ np2py312h2ed9cc7_17  ┆ robostack-kilted ┆   49.20 
#16 288.5  │ │ KiB │
#16 288.5  │ │ │ ros-kilted-rosidl-generator-py                    ┆                                   ┆ 0.24.2       ┆ np2py312h2ed9cc7_17  ┆ robostack-kilted ┆   58.46 
#16 288.5  │ │ KiB │
#16 288.5  │ │ │ ros-kilted-rosidl-generator-rs                    ┆                                   ┆ 0.4.11       ┆ np2py312h2ed9cc7_17  ┆ robostack-kilted ┆   47.05 
#16 288.5  │ │ KiB │
#16 288.5  │ │ │ ros-kilted-rosidl-generator-type-description      ┆                                   ┆ 4.9.6        ┆ np2py312h2ed9cc7_17  ┆ robostack-kilted ┆   45.90 
#16 288.5  │ │ KiB │
#16 288.5  │ │ │ ros-kilted-rosidl-parser                          ┆                                   ┆ 4.9.6        ┆ np2py312h2ed9cc7_17  ┆ robostack-kilted ┆   64.65 
#16 288.5  │ │ KiB │
#16 288.5  │ │ │ ros-kilted-rosidl-pycommon                        ┆                                   ┆ 4.9.6        ┆ np2py312h2ed9cc7_17  ┆ robostack-kilted ┆   26.21 
#16 288.5  │ │ KiB │
#16 288.5  │ │ │ ros-kilted-rosidl-runtime-c                       ┆                                   ┆ 4.9.6        ┆ np2py312h2ed9cc7_17  ┆ robostack-kilted ┆   80.85 
#16 288.5  │ │ KiB │
#16 288.5  │ │ │ ros-kilted-rosidl-runtime-cpp                     ┆                                   ┆ 4.9.6        ┆ np2py312h2ed9cc7_17  ┆ robostack-kilted ┆   40.18 
#16 288.5  │ │ KiB │
#16 288.5  │ │ │ ros-kilted-rosidl-typesupport-c                   ┆                                   ┆ 3.3.3        ┆ np2py312h2ed9cc7_17  ┆ robostack-kilted ┆   49.61 
#16 288.5  │ │ KiB │
#16 288.5  │ │ │ ros-kilted-rosidl-typesupport-cpp                 ┆                                   ┆ 3.3.3        ┆ np2py312h2ed9cc7_17  ┆ robostack-kilted ┆   48.76 
#16 288.5  │ │ KiB │
#16 288.5  │ │ │ ros-kilted-rosidl-typesupport-fastrtps-c          ┆                                   ┆ 3.8.2        ┆ np2py312h2ed9cc7_17  ┆ robostack-kilted ┆   50.31 
#16 288.5  │ │ KiB │
#16 288.5  │ │ │ ros-kilted-rosidl-typesupport-fastrtps-cpp        ┆                                   ┆ 3.8.2        ┆ np2py312h2ed9cc7_17  ┆ robostack-kilted ┆   52.32 
#16 288.5  │ │ KiB │
#16 288.5  │ │ │ ros-kilted-rosidl-typesupport-interface           ┆                                   ┆ 4.9.6        ┆ np2py312h2ed9cc7_17  ┆ robostack-kilted ┆   28.82 
#16 288.5  │ │ KiB │
#16 288.5  │ │ │ ros-kilted-rosidl-typesupport-introspection-c     ┆                                   ┆ 4.9.6        ┆ np2py312h2ed9cc7_17  ┆ robostack-kilted ┆   45.99 
#16 288.5  │ │ KiB │
#16 288.5  │ │ │ ros-kilted-rosidl-typesupport-introspection-cpp   ┆                                   ┆ 4.9.6        ┆ np2py312h2ed9cc7_17  ┆ robostack-kilted ┆   46.24 
#16 288.5  │ │ KiB │
#16 288.5  │ │ │ ros-kilted-rpyutils                               ┆                                   ┆ 0.6.3        ┆ np2py312h2ed9cc7_17  ┆ robostack-kilted ┆   26.66 
#16 288.5  │ │ KiB │
#16 288.5  │ │ │ ros-kilted-rti-connext-dds-cmake-module           ┆                                   ┆ 1.1.1        ┆ np2py312h2ed9cc7_17  ┆ robostack-kilted ┆   31.05 
#16 288.5  │ │ KiB │
#16 288.5  │ │ │ ros-kilted-service-msgs                           ┆                                   ┆ 2.3.1        ┆ np2py312h2ed9cc7_17  ┆ robostack-kilted ┆   78.16 
#16 288.5  │ │ KiB │
#16 288.5  │ │ │ ros-kilted-spdlog-vendor                          ┆                                   ┆ 1.7.0        ┆ np2py312h918b84f_17  ┆ robostack-kilted ┆   26.88 
#16 288.5  │ │ KiB │
#16 288.5  │ │ │ ros-kilted-statistics-msgs                        ┆                                   ┆ 2.3.1        ┆ np2py312h2ed9cc7_17  ┆ robostack-kilted ┆  109.07 
#16 288.5  │ │ KiB │
#16 288.5  │ │ │ ros-kilted-std-msgs                               ┆                                   ┆ 5.5.2        ┆ np2py312h2ed9cc7_17  ┆ robostack-kilted ┆  337.96 
#16 288.5  │ │ KiB │
#16 288.5  │ │ │ ros-kilted-tf2                                    ┆                                   ┆ 0.41.6       ┆ np2py312h2ed9cc7_17  ┆ robostack-kilted ┆  133.66 
#16 288.5  │ │ KiB │
#16 288.5  │ │ │ ros-kilted-tf2-msgs                               ┆                                   ┆ 0.41.6       ┆ np2py312h2ed9cc7_17  ┆ robostack-kilted ┆  256.49 
#16 288.5  │ │ KiB │
#16 288.5  │ │ │ ros-kilted-tracetools                             ┆                                   ┆ 8.6.0        ┆ np2py312h2ed9cc7_17  ┆ robostack-kilted ┆   74.56 
#16 288.5  │ │ KiB │
#16 288.5  │ │ │ ros-kilted-type-description-interfaces            ┆                                   ┆ 2.3.1        ┆ np2py312h2ed9cc7_17  ┆ robostack-kilted ┆  233.30 
#16 288.5  │ │ KiB │
#16 288.5  │ │ │ ros-kilted-uncrustify-vendor                      ┆                                   ┆ 3.1.0        ┆ np2py312h2ed9cc7_17  ┆ robostack-kilted ┆   22.64 
#16 288.5  │ │ KiB │
#16 288.5  │ │ │ ros-kilted-unique-identifier-msgs                 ┆                                   ┆ 2.7.0        ┆ np2py312h2ed9cc7_17  ┆ robostack-kilted ┆   72.52 
#16 288.5  │ │ KiB │
#16 288.5  │ │ │ ros2-distro-mutex                                 ┆                                   ┆ 0.14.0       ┆ kilted_17            ┆ robostack-kilted ┆    2.32 
#16 288.5  │ │ KiB │
#16 288.5  │ │ │ six                                               ┆                                   ┆ 1.17.0       ┆ pyhe01879c_1         ┆ conda-forge      ┆   18.02 
#16 288.5  │ │ KiB │
#16 288.5  │ │ │ snowballstemmer                                   ┆                                   ┆ 3.0.1        ┆ pyhd8ed1ab_0         ┆ conda-forge      ┆   71.30 
#16 288.5  │ │ KiB │
#16 288.5  │ │ │ spdlog                                            ┆                                   ┆ 1.17.0       ┆ hab81395_1           ┆ conda-forge      ┆  192.07 
#16 288.5  │ │ KiB │
#16 288.5  │ │ │ sysroot_linux-64                                  ┆                                   ┆ 2.28         ┆ h4ee821c_9           ┆ conda-forge      ┆   22.90 
#16 288.5  │ │ MiB │
#16 288.5  │ │ │ tinyxml2                                          ┆                                   ┆ 11.0.0       ┆ h3f2d84a_0           ┆ conda-forge      ┆  128.27 
#16 288.5  │ │ KiB │
#16 288.5  │ │ │ tk                                                ┆                                   ┆ 8.6.13       ┆ noxft_h366c992_103   ┆ conda-forge      ┆    3.15 
#16 288.5  │ │ MiB │
#16 288.5  │ │ │ tomli                                             ┆                                   ┆ 2.4.1        ┆ pyhcf101f3_0         ┆ conda-forge      ┆   21.06 
#16 288.5  │ │ KiB │
#16 288.5  │ │ │ typing_extensions                                 ┆                                   ┆ 4.15.0       ┆ pyhcf101f3_0         ┆ conda-forge      ┆   50.48 
#16 288.5  │ │ KiB │
#16 288.5  │ │ │ tzdata                                            ┆                                   ┆ 2025c        ┆ hc9c84f9_1           ┆ conda-forge      ┆  116.34 
#16 288.5  │ │ KiB │
#16 288.5  │ │ │ uncrustify                                        ┆                                   ┆ 0.81.0       ┆ h54a6638_2           ┆ conda-forge      ┆  707.61 
#16 288.5  │ │ KiB │
#16 288.5  │ │ │ yaml                                              ┆                                   ┆ 0.2.5        ┆ h280c20c_3           ┆ conda-forge      ┆   83.19 
#16 288.5  │ │ KiB │
#16 288.5  │ │ │ yaml-cpp                                          ┆                                   ┆ 0.8.0        ┆ h3f2d84a_0           ┆ conda-forge      ┆  218.29 
#16 288.5  │ │ KiB │
#16 288.5  │ │ │ zipp                                              ┆                                   ┆ 3.23.1       ┆ pyhcf101f3_0         ┆ conda-forge      ┆   23.89 
#16 288.5  │ │ KiB │
#16 288.5  │ │ │ zstd                                              ┆                                   ┆ 1.5.7        ┆ hb78ec9c_6           ┆ conda-forge      ┆  587.28 
#16 288.5  │ │ KiB │
#16 288.5  │ │ ╰───────────────────────────────────────────────────┴───────────────────────────────────┴──────────────┴──────────────────────┴──────────────────┴─────────
#16 288.5  │ │ ────╯
#16 288.5  │ │ Resolved host dependencies(ros-kilted-aic-model-0.0.1-hb0f4dca_0):
#16 288.5  │ │ ╭───────────────────────────────────────────────────┬──────────────────────────────────────────────┬──────────────┬──────────────────────┬─────────────────
#16 288.5  │ │ ─┬─────────────╮
#16 288.5  │ │ │ Package                                           ┆ Spec                                         ┆ Version      ┆ Build                ┆ Channel         
#16 288.5  │ │  ┆        Size │
#16 288.5  │ │ ╞═══════════════════════════════════════════════════╪══════════════════════════════════════════════╪══════════════╪══════════════════════╪═════════════════
#16 288.5  │ │ ═╪═════════════╡
#16 288.5  │ │ │ libgcc                                            ┆ libgcc >=15 (RE of [build: gcc_linux-64])    ┆ 15.2.0       ┆ he0feb66_18          ┆ conda-forge     
#16 288.5  │ │  ┆ 1017.37 KiB │
#16 288.5  │ │ │ libstdcxx                                         ┆ libstdcxx >=15 (RE of [build: gxx_linux-64]) ┆ 15.2.0       ┆ h934c35e_18          ┆ conda-forge     
#16 288.5  │ │  ┆    5.58 MiB │
#16 288.5  │ │ │ numpy                                             ┆ numpy                                        ┆ 2.4.3        ┆ py312h33ff503_0      ┆ conda-forge     
#16 288.5  │ │  ┆    8.35 MiB │
#16 288.5  │ │ │ pip                                               ┆ pip                                          ┆ 26.0.1       ┆ pyh8b19718_0         ┆ conda-forge     
#16 288.5  │ │  ┆    1.13 MiB │
#16 288.5  │ │ │ pkg-config                                        ┆ pkg-config                                   ┆ 0.29.2       ┆ h4bc722e_1009        ┆ conda-forge     
#16 288.5  │ │  ┆  112.48 KiB │
#16 288.5  │ │ │ python                                            ┆ python                                       ┆ 3.12.13      ┆ hd63d673_0_cpython   ┆ conda-forge     
#16 288.5  │ │  ┆   30.14 MiB │
#16 288.5  │ │ │ ros-kilted-aic-control-interfaces                 ┆ ros-kilted-aic-control-interfaces            ┆ 0.0.1        ┆ hb0f4dca_0           ┆                 
#16 288.5  │ │  ┆             │
#16 288.5  │ │ │ ros-kilted-aic-model-interfaces                   ┆ ros-kilted-aic-model-interfaces              ┆ 0.0.1        ┆ hb0f4dca_0           ┆                 
#16 288.5  │ │  ┆             │
#16 288.5  │ │ │ ros-kilted-aic-task-interfaces                    ┆ ros-kilted-aic-task-interfaces               ┆ 0.0.1        ┆ hb0f4dca_0           ┆                 
#16 288.5  │ │  ┆             │
#16 288.5  │ │ │ ros-kilted-geometry-msgs                          ┆ ros-kilted-geometry-msgs                     ┆ 5.5.2        ┆ np2py312h2ed9cc7_17  ┆ robostack-kilted
#16 288.5  │ │  ┆  376.74 KiB │
#16 288.5  │ │ │ ros-kilted-lifecycle-msgs                         ┆ ros-kilted-lifecycle-msgs                    ┆ 2.3.1        ┆ np2py312h2ed9cc7_17  ┆ robostack-kilted
#16 288.5  │ │  ┆  265.29 KiB │
#16 288.5  │ │ │ ros-kilted-rclpy                                  ┆ ros-kilted-rclpy                             ┆ 9.1.5        ┆ np2py312h2ed9cc7_17  ┆ robostack-kilted
#16 288.5  │ │  ┆  777.88 KiB │
#16 288.5  │ │ │ ros-kilted-ros-workspace                          ┆ ros-kilted-ros-workspace                     ┆ 1.0.3        ┆ np2py312h2ed9cc7_17  ┆ robostack-kilted
#16 288.5  │ │  ┆   34.44 KiB │
#16 288.5  │ │ │ ros-kilted-sensor-msgs                            ┆ ros-kilted-sensor-msgs                       ┆ 5.5.2        ┆ np2py312h2ed9cc7_17  ┆ robostack-kilted
#16 288.5  │ │  ┆  546.73 KiB │
#16 288.5  │ │ │ ros-kilted-std-srvs                               ┆ ros-kilted-std-srvs                          ┆ 5.5.2        ┆ np2py312h2ed9cc7_17  ┆ robostack-kilted
#16 288.5  │ │  ┆  166.86 KiB │
#16 288.5  │ │ │ ros-kilted-tf2-ros                                ┆ ros-kilted-tf2-ros                           ┆ 0.41.6       ┆ np2py312h2ed9cc7_17  ┆ robostack-kilted
#16 288.5  │ │  ┆  456.60 KiB │
#16 288.5  │ │ │ ros-kilted-trajectory-msgs                        ┆ ros-kilted-trajectory-msgs                   ┆ 5.5.2        ┆ np2py312h2ed9cc7_17  ┆ robostack-kilted
#16 288.5  │ │  ┆  148.10 KiB │
#16 288.5  │ │ │ ros2-distro-mutex                                 ┆ ros2-distro-mutex                            ┆ 0.14.0       ┆ kilted_17            ┆ robostack-kilted
#16 288.5  │ │  ┆    2.32 KiB │
#16 288.5  │ │ │ _openmp_mutex                                     ┆                                              ┆ 4.5          ┆ 20_gnu               ┆ conda-forge     
#16 288.5  │ │  ┆   28.27 KiB │
#16 288.5  │ │ │ argcomplete                                       ┆                                              ┆ 3.6.3        ┆ pyhd8ed1ab_0         ┆ conda-forge     
#16 288.5  │ │  ┆   41.39 KiB │
#16 288.5  │ │ │ attr                                              ┆                                              ┆ 2.5.2        ┆ hb03c661_1           ┆ conda-forge     
#16 288.5  │ │  ┆   30.65 KiB │
#16 288.5  │ │ │ bzip2                                             ┆                                              ┆ 1.0.8        ┆ hda65f42_9           ┆ conda-forge     
#16 288.5  │ │  ┆  254.08 KiB │
#16 288.5  │ │ │ c-ares                                            ┆                                              ┆ 1.34.6       ┆ hb03c661_0           ┆ conda-forge     
#16 288.5  │ │  ┆  203.01 KiB │
#16 288.5  │ │ │ ca-certificates                                   ┆                                              ┆ 2026.4.22    ┆ hbd8a1cb_0           ┆ conda-forge     
#16 288.5  │ │  ┆  127.97 KiB │
#16 288.5  │ │ │ catkin_pkg                                        ┆                                              ┆ 1.1.0        ┆ pyhd8ed1ab_0         ┆ conda-forge     
#16 288.5  │ │  ┆   52.84 KiB │
#16 288.5  │ │ │ cmake                                             ┆                                              ┆ 4.3.2        ┆ hc85cc9f_0           ┆ conda-forge     
#16 288.5  │ │  ┆   22.01 MiB │
#16 288.5  │ │ │ console_bridge                                    ┆                                              ┆ 1.0.2        ┆ h924138e_1           ┆ conda-forge     
#16 288.5  │ │  ┆   18.03 KiB │
#16 288.5  │ │ │ cppcheck                                          ┆                                              ┆ 2.20.1       ┆ py312h014360a_0      ┆ conda-forge     
#16 288.5  │ │  ┆    2.96 MiB │
#16 288.5  │ │ │ docutils                                          ┆                                              ┆ 0.22.4       ┆ pyhd8ed1ab_0         ┆ conda-forge     
#16 288.5  │ │  ┆  427.74 KiB │
#16 288.5  │ │ │ empy                                              ┆                                              ┆ 3.3.4        ┆ pyh9f0ad1d_1         ┆ conda-forge     
#16 288.5  │ │  ┆   39.27 KiB │
#16 288.5  │ │ │ flake8                                            ┆                                              ┆ 7.3.0        ┆ pyhd8ed1ab_0         ┆ conda-forge     
#16 288.5  │ │  ┆  109.29 KiB │
#16 288.5  │ │ │ flake8-builtins                                   ┆                                              ┆ 3.1.0        ┆ pyhd8ed1ab_0         ┆ conda-forge     
#16 288.5  │ │  ┆   19.04 KiB │
#16 288.5  │ │ │ flake8-comprehensions                             ┆                                              ┆ 3.17.0       ┆ pyhd8ed1ab_0         ┆ conda-forge     
#16 288.5  │ │  ┆   13.72 KiB │
#16 288.5  │ │ │ flake8-docstrings                                 ┆                                              ┆ 1.7.0        ┆ pyhd8ed1ab_0         ┆ conda-forge     
#16 288.5  │ │  ┆   10.15 KiB │
#16 288.5  │ │ │ flake8-import-order                               ┆                                              ┆ 0.19.2       ┆ pyhd8ed1ab_0         ┆ conda-forge     
#16 288.5  │ │  ┆   20.55 KiB │
#16 288.5  │ │ │ flake8-quotes                                     ┆                                              ┆ 3.4.0        ┆ pyhd8ed1ab_1         ┆ conda-forge     
#16 288.5  │ │  ┆   14.43 KiB │
#16 288.5  │ │ │ fmt                                               ┆                                              ┆ 12.1.0       ┆ hff5e90c_0           ┆ conda-forge     
#16 288.5  │ │  ┆  193.46 KiB │
#16 288.5  │ │ │ foonathan-memory                                  ┆                                              ┆ 0.7.3        ┆ h5888daf_1           ┆ conda-forge     
#16 288.5  │ │  ┆  221.81 KiB │
#16 288.5  │ │ │ icu                                               ┆                                              ┆ 78.3         ┆ h33c6efd_0           ┆ conda-forge     
#16 288.5  │ │  ┆   12.13 MiB │
#16 288.5  │ │ │ importlib-metadata                                ┆                                              ┆ 8.8.0        ┆ pyhcf101f3_0         ┆ conda-forge     
#16 288.5  │ │  ┆   33.58 KiB │
#16 288.5  │ │ │ importlib_resources                               ┆                                              ┆ 7.1.0        ┆ pyhd8ed1ab_0         ┆ conda-forge     
#16 288.5  │ │  ┆   33.99 KiB │
#16 288.5  │ │ │ keyutils                                          ┆                                              ┆ 1.6.3        ┆ hb9d3cd8_0           ┆ conda-forge     
#16 288.5  │ │  ┆  130.95 KiB │
#16 288.5  │ │ │ krb5                                              ┆                                              ┆ 1.22.2       ┆ ha1258a1_0           ┆ conda-forge     
#16 288.5  │ │  ┆    1.32 MiB │
#16 288.5  │ │ │ lark-parser                                       ┆                                              ┆ 0.12.0       ┆ pyhd8ed1ab_1         ┆ conda-forge     
#16 288.5  │ │  ┆   84.12 KiB │
#16 288.5  │ │ │ ld_impl_linux-64                                  ┆                                              ┆ 2.45.1       ┆ default_hbd61a6d_102 ┆ conda-forge     
#16 288.5  │ │  ┆  710.94 KiB │
#16 288.5  │ │ │ libacl                                            ┆                                              ┆ 2.3.2        ┆ h0f662aa_0           ┆ conda-forge     
#16 288.5  │ │  ┆  108.01 KiB │
#16 288.5  │ │ │ libattr                                           ┆                                              ┆ 2.5.2        ┆ hb03c661_1           ┆ conda-forge     
#16 288.5  │ │  ┆   52.07 KiB │
#16 288.5  │ │ │ libblas                                           ┆                                              ┆ 3.11.0       ┆ 6_h4a7cf45_openblas  ┆ conda-forge     
#16 288.5  │ │  ┆   18.18 KiB │
#16 288.5  │ │ │ libcblas                                          ┆                                              ┆ 3.11.0       ┆ 6_h0358290_openblas  ┆ conda-forge     
#16 288.5  │ │  ┆   18.19 KiB │
#16 288.5  │ │ │ libcurl                                           ┆                                              ┆ 8.19.0       ┆ hcf29cc6_0           ┆ conda-forge     
#16 288.5  │ │  ┆  455.77 KiB │
#16 288.5  │ │ │ libedit                                           ┆                                              ┆ 3.1.20250104 ┆ pl5321h7949ede_0     ┆ conda-forge     
#16 288.5  │ │  ┆  131.52 KiB │
#16 288.5  │ │ │ libev                                             ┆                                              ┆ 4.33         ┆ hd590300_2           ┆ conda-forge     
#16 288.5  │ │  ┆  110.12 KiB │
#16 288.5  │ │ │ libexpat                                          ┆                                              ┆ 2.7.5        ┆ hecca717_0           ┆ conda-forge     
#16 288.5  │ │  ┆   74.83 KiB │
#16 288.5  │ │ │ libffi                                            ┆                                              ┆ 3.5.2        ┆ h3435931_0           ┆ conda-forge     
#16 288.5  │ │  ┆   57.22 KiB │
#16 288.5  │ │ │ libgcc-ng                                         ┆                                              ┆ 15.2.0       ┆ h69a702a_18          ┆ conda-forge     
#16 288.5  │ │  ┆   26.88 KiB │
#16 288.5  │ │ │ libgfortran                                       ┆                                              ┆ 15.2.0       ┆ h69a702a_18          ┆ conda-forge     
#16 288.5  │ │  ┆   26.88 KiB │
#16 288.5  │ │ │ libgfortran5                                      ┆                                              ┆ 15.2.0       ┆ h68bc16d_18          ┆ conda-forge     
#16 288.5  │ │  ┆    2.37 MiB │
#16 288.5  │ │ │ libgomp                                           ┆                                              ┆ 15.2.0       ┆ he0feb66_18          ┆ conda-forge     
#16 288.5  │ │  ┆  589.12 KiB │
#16 288.5  │ │ │ liblapack                                         ┆                                              ┆ 3.11.0       ┆ 6_h47877c9_openblas  ┆ conda-forge     
#16 288.5  │ │  ┆   18.19 KiB │
#16 288.5  │ │ │ liblzma                                           ┆                                              ┆ 5.8.3        ┆ hb03c661_0           ┆ conda-forge     
#16 288.5  │ │  ┆  110.82 KiB │
#16 288.5  │ │ │ libnghttp2                                        ┆                                              ┆ 1.68.1       ┆ h877daf1_0           ┆ conda-forge     
#16 288.5  │ │  ┆  647.80 KiB │
#16 288.5  │ │ │ libnsl                                            ┆                                              ┆ 2.0.1        ┆ hb9d3cd8_1           ┆ conda-forge     
#16 288.5  │ │  ┆   32.94 KiB │
#16 288.5  │ │ │ libopenblas                                       ┆                                              ┆ 0.3.32       ┆ pthreads_h94d23a6_0  ┆ conda-forge     
#16 288.5  │ │  ┆    5.65 MiB │
#16 288.5  │ │ │ libsqlite                                         ┆                                              ┆ 3.53.0       ┆ hf4e2dac_0           ┆ conda-forge     
#16 288.5  │ │  ┆  936.39 KiB │
#16 288.5  │ │ │ libssh2                                           ┆                                              ┆ 1.11.1       ┆ hcf80075_0           ┆ conda-forge     
#16 288.5  │ │  ┆  297.65 KiB │
#16 288.5  │ │ │ libstdcxx-ng                                      ┆                                              ┆ 15.2.0       ┆ hdf11a46_18          ┆ conda-forge     
#16 288.5  │ │  ┆   26.93 KiB │
#16 288.5  │ │ │ liburcu                                           ┆                                              ┆ 0.14.0       ┆ hac33072_0           ┆ conda-forge     
#16 288.5  │ │  ┆  172.73 KiB │
#16 288.5  │ │ │ libuuid                                           ┆                                              ┆ 2.42         ┆ h5347b49_0           ┆ conda-forge     
#16 288.5  │ │  ┆   39.35 KiB │
#16 288.5  │ │ │ libuv                                             ┆                                              ┆ 1.51.0       ┆ hb03c661_1           ┆ conda-forge     
#16 288.5  │ │  ┆  874.13 KiB │
#16 288.5  │ │ │ libxcrypt                                         ┆                                              ┆ 4.4.36       ┆ hd590300_1           ┆ conda-forge     
#16 288.5  │ │  ┆   98.04 KiB │
#16 288.5  │ │ │ libzlib                                           ┆                                              ┆ 1.3.2        ┆ h25fd6f3_2           ┆ conda-forge     
#16 288.5  │ │  ┆   62.14 KiB │
#16 288.5  │ │ │ lttng-ust                                         ┆                                              ┆ 2.13.9       ┆ hf5eda4c_0           ┆ conda-forge     
#16 288.5  │ │  ┆  366.56 KiB │
#16 288.5  │ │ │ mccabe                                            ┆                                              ┆ 0.7.0        ┆ pyhd8ed1ab_1         ┆ conda-forge     
#16 288.5  │ │  ┆   12.63 KiB │
#16 288.5  │ │ │ ncurses                                           ┆                                              ┆ 6.6          ┆ hdb14827_0           ┆ conda-forge     
#16 288.5  │ │  ┆  897.42 KiB │
#16 288.5  │ │ │ openssl                                           ┆                                              ┆ 3.6.2        ┆ h35e630c_0           ┆ conda-forge     
#16 288.5  │ │  ┆    3.02 MiB │
#16 288.5  │ │ │ packaging                                         ┆                                              ┆ 26.2         ┆ pyhc364b38_0         ┆ conda-forge     
#16 288.5  │ │  ┆   89.43 KiB │
#16 288.5  │ │ │ pcre                                              ┆                                              ┆ 8.45         ┆ h9c3ff4c_0           ┆ conda-forge     
#16 288.5  │ │  ┆  253.30 KiB │
#16 288.5  │ │ │ pycodestyle                                       ┆                                              ┆ 2.14.0       ┆ pyhd8ed1ab_0         ┆ conda-forge     
#16 288.5  │ │  ┆   34.36 KiB │
#16 288.5  │ │ │ pydocstyle                                        ┆                                              ┆ 6.3.0        ┆ pyhd8ed1ab_1         ┆ conda-forge     
#16 288.5  │ │  ┆   39.29 KiB │
#16 288.5  │ │ │ pyflakes                                          ┆                                              ┆ 3.4.0        ┆ pyhd8ed1ab_0         ┆ conda-forge     
#16 288.5  │ │  ┆   58.20 KiB │
#16 288.5  │ │ │ pygments                                          ┆                                              ┆ 2.20.0       ┆ pyhd8ed1ab_0         ┆ conda-forge     
#16 288.5  │ │  ┆  872.10 KiB │
#16 288.5  │ │ │ pyparsing                                         ┆                                              ┆ 3.3.2        ┆ pyhcf101f3_0         ┆ conda-forge     
#16 288.5  │ │  ┆  108.29 KiB │
#16 288.5  │ │ │ python-dateutil                                   ┆                                              ┆ 2.9.0.post0  ┆ pyhe01879c_2         ┆ conda-forge     
#16 288.5  │ │  ┆  227.84 KiB │
#16 288.5  │ │ │ python_abi                                        ┆                                              ┆ 3.12         ┆ 8_cp312              ┆ conda-forge     
#16 288.5  │ │  ┆    6.79 KiB │
#16 288.5  │ │ │ pyyaml                                            ┆                                              ┆ 6.0.3        ┆ py312h8a5da7c_1      ┆ conda-forge     
#16 288.5  │ │  ┆  193.65 KiB │
#16 288.5  │ │ │ readline                                          ┆                                              ┆ 8.3          ┆ h853b02a_0           ┆ conda-forge     
#16 288.5  │ │  ┆  336.99 KiB │
#16 288.5  │ │ │ rhash                                             ┆                                              ┆ 1.4.6        ┆ hb9d3cd8_1           ┆ conda-forge     
#16 288.5  │ │  ┆  189.23 KiB │
#16 288.5  │ │ │ ros-kilted-action-msgs                            ┆                                              ┆ 2.3.1        ┆ np2py312h2ed9cc7_17  ┆ robostack-kilted
#16 288.5  │ │  ┆  150.07 KiB │
#16 288.5  │ │ │ ros-kilted-ament-cmake                            ┆                                              ┆ 2.7.5        ┆ np2py312h2ed9cc7_17  ┆ robostack-kilted
#16 288.5  │ │  ┆   22.73 KiB │
#16 288.5  │ │ │ ros-kilted-ament-cmake-core                       ┆                                              ┆ 2.7.5        ┆ np2py312h2ed9cc7_17  ┆ robostack-kilted
#16 288.5  │ │  ┆   43.98 KiB │
#16 288.5  │ │ │ ros-kilted-ament-cmake-cppcheck                   ┆                                              ┆ 0.19.2       ┆ np2py312h2ed9cc7_17  ┆ robostack-kilted
#16 288.5  │ │  ┆   23.89 KiB │
#16 288.5  │ │ │ ros-kilted-ament-cmake-cpplint                    ┆                                              ┆ 0.19.2       ┆ np2py312h2ed9cc7_17  ┆ robostack-kilted
#16 288.5  │ │  ┆   22.76 KiB │
#16 288.5  │ │ │ ros-kilted-ament-cmake-export-definitions         ┆                                              ┆ 2.7.5        ┆ np2py312h2ed9cc7_17  ┆ robostack-kilted
#16 288.5  │ │  ┆   21.48 KiB │
#16 288.5  │ │ │ ros-kilted-ament-cmake-export-dependencies        ┆                                              ┆ 2.7.5        ┆ np2py312h2ed9cc7_17  ┆ robostack-kilted
#16 288.5  │ │  ┆   22.41 KiB │
#16 288.5  │ │ │ ros-kilted-ament-cmake-export-include-directories ┆                                              ┆ 2.7.5        ┆ np2py312h2ed9cc7_17  ┆ robostack-kilted
#16 288.5  │ │  ┆   21.91 KiB │
#16 288.5  │ │ │ ros-kilted-ament-cmake-export-interfaces          ┆                                              ┆ 2.7.5        ┆ np2py312h2ed9cc7_17  ┆ robostack-kilted
#16 288.5  │ │  ┆   22.11 KiB │
#16 288.5  │ │ │ ros-kilted-ament-cmake-export-libraries           ┆                                              ┆ 2.7.5        ┆ np2py312h2ed9cc7_17  ┆ robostack-kilted
#16 288.5  │ │  ┆   23.39 KiB │
#16 288.5  │ │ │ ros-kilted-ament-cmake-export-link-flags          ┆                                              ┆ 2.7.5        ┆ np2py312h2ed9cc7_17  ┆ robostack-kilted
#16 288.5  │ │  ┆   21.45 KiB │
#16 288.5  │ │ │ ros-kilted-ament-cmake-export-targets             ┆                                              ┆ 2.7.5        ┆ np2py312h2ed9cc7_17  ┆ robostack-kilted
#16 288.5  │ │  ┆   22.26 KiB │
#16 288.5  │ │ │ ros-kilted-ament-cmake-flake8                     ┆                                              ┆ 0.19.2       ┆ np2py312h2ed9cc7_17  ┆ robostack-kilted
#16 288.5  │ │  ┆   23.73 KiB │
#16 288.5  │ │ │ ros-kilted-ament-cmake-gen-version-h              ┆                                              ┆ 2.7.5        ┆ np2py312h2ed9cc7_17  ┆ robostack-kilted
#16 288.5  │ │  ┆   24.16 KiB │
#16 288.5  │ │ │ ros-kilted-ament-cmake-include-directories        ┆                                              ┆ 2.7.5        ┆ np2py312h2ed9cc7_17  ┆ robostack-kilted
#16 288.5  │ │  ┆   21.36 KiB │
#16 288.5  │ │ │ ros-kilted-ament-cmake-libraries                  ┆                                              ┆ 2.7.5        ┆ np2py312h2ed9cc7_17  ┆ robostack-kilted
#16 288.5  │ │  ┆   21.06 KiB │
#16 288.5  │ │ │ ros-kilted-ament-cmake-pep257                     ┆                                              ┆ 0.19.2       ┆ np2py312h2ed9cc7_17  ┆ robostack-kilted
#16 288.5  │ │  ┆   22.58 KiB │
#16 288.5  │ │ │ ros-kilted-ament-cmake-python                     ┆                                              ┆ 2.7.5        ┆ np2py312h2ed9cc7_17  ┆ robostack-kilted
#16 288.5  │ │  ┆   23.55 KiB │
#16 288.5  │ │ │ ros-kilted-ament-cmake-ros-core                   ┆                                              ┆ 0.14.7       ┆ np2py312h2ed9cc7_17  ┆ robostack-kilted
#16 288.5  │ │  ┆   26.39 KiB │
#16 288.5  │ │ │ ros-kilted-ament-cmake-target-dependencies        ┆                                              ┆ 2.7.5        ┆ np2py312h2ed9cc7_17  ┆ robostack-kilted
#16 288.5  │ │  ┆   23.29 KiB │
#16 288.5  │ │ │ ros-kilted-ament-cmake-test                       ┆                                              ┆ 2.7.5        ┆ np2py312h2ed9cc7_17  ┆ robostack-kilted
#16 288.5  │ │  ┆   35.17 KiB │
#16 288.5  │ │ │ ros-kilted-ament-cmake-uncrustify                 ┆                                              ┆ 0.19.2       ┆ np2py312h2ed9cc7_17  ┆ robostack-kilted
#16 288.5  │ │  ┆   23.12 KiB │
#16 288.5  │ │ │ ros-kilted-ament-cmake-version                    ┆                                              ┆ 2.7.5        ┆ np2py312h2ed9cc7_17  ┆ robostack-kilted
#16 288.5  │ │  ┆   21.24 KiB │
#16 288.5  │ │ │ ros-kilted-ament-cppcheck                         ┆                                              ┆ 0.19.2       ┆ np2py312h2ed9cc7_17  ┆ robostack-kilted
#16 288.5  │ │  ┆   29.34 KiB │
#16 288.5  │ │ │ ros-kilted-ament-cpplint                          ┆                                              ┆ 0.19.2       ┆ np2py312h2ed9cc7_17  ┆ robostack-kilted
#16 288.5  │ │  ┆  165.26 KiB │
#16 288.5  │ │ │ ros-kilted-ament-flake8                           ┆                                              ┆ 0.19.2       ┆ np2py312h2ed9cc7_17  ┆ robostack-kilted
#16 288.5  │ │  ┆   27.55 KiB │
#16 288.5  │ │ │ ros-kilted-ament-index-cpp                        ┆                                              ┆ 1.11.3       ┆ np2py312h2ed9cc7_17  ┆ robostack-kilted
#16 288.5  │ │  ┆   51.11 KiB │
#16 288.5  │ │ │ ros-kilted-ament-index-python                     ┆                                              ┆ 1.11.3       ┆ np2py312h2ed9cc7_17  ┆ robostack-kilted
#16 288.5  │ │  ┆   29.79 KiB │
#16 288.5  │ │ │ ros-kilted-ament-lint                             ┆                                              ┆ 0.19.2       ┆ np2py312h2ed9cc7_17  ┆ robostack-kilted
#16 288.5  │ │  ┆   17.04 KiB │
#16 288.5  │ │ │ ros-kilted-ament-package                          ┆                                              ┆ 0.17.2       ┆ np2py312h2ed9cc7_17  ┆ robostack-kilted
#16 288.5  │ │  ┆   41.83 KiB │
#16 288.5  │ │ │ ros-kilted-ament-pep257                           ┆                                              ┆ 0.19.2       ┆ np2py312h2ed9cc7_17  ┆ robostack-kilted
#16 288.5  │ │  ┆   26.22 KiB │
#16 288.5  │ │ │ ros-kilted-ament-uncrustify                       ┆                                              ┆ 0.19.2       ┆ np2py312h2ed9cc7_17  ┆ robostack-kilted
#16 288.5  │ │  ┆   66.74 KiB │
#16 288.5  │ │ │ ros-kilted-builtin-interfaces                     ┆                                              ┆ 2.3.1        ┆ np2py312h2ed9cc7_17  ┆ robostack-kilted
#16 288.5  │ │  ┆   78.56 KiB │
#16 288.5  │ │ │ ros-kilted-class-loader                           ┆                                              ┆ 2.8.1        ┆ np2py312h2ed9cc7_17  ┆ robostack-kilted
#16 288.5  │ │  ┆   73.28 KiB │
#16 288.5  │ │ │ ros-kilted-composition-interfaces                 ┆                                              ┆ 2.3.1        ┆ np2py312h2ed9cc7_17  ┆ robostack-kilted
#16 288.5  │ │  ┆  222.14 KiB │
#16 288.5  │ │ │ ros-kilted-console-bridge-vendor                  ┆                                              ┆ 1.8.0        ┆ np2py312h2ed9cc7_17  ┆ robostack-kilted
#16 288.5  │ │  ┆   27.22 KiB │
#16 288.5  │ │ │ ros-kilted-cyclonedds                             ┆                                              ┆ 0.10.5       ┆ np2py312h2ed9cc7_17  ┆ robostack-kilted
#16 288.5  │ │  ┆    1.14 MiB │
#16 288.5  │ │ │ ros-kilted-fastcdr                                ┆                                              ┆ 2.3.5        ┆ np2py312h2ed9cc7_17  ┆ robostack-kilted
#16 288.5  │ │  ┆   87.44 KiB │
#16 288.5  │ │ │ ros-kilted-fastdds                                ┆                                              ┆ 3.2.3        ┆ np2py312h2ed9cc7_17  ┆ robostack-kilted
#16 288.5  │ │  ┆    4.82 MiB │
#16 288.5  │ │ │ ros-kilted-foonathan-memory-vendor                ┆                                              ┆ 1.3.1        ┆ np2py312h2ed9cc7_17  ┆ robostack-kilted
#16 288.5  │ │  ┆   18.91 KiB │
#16 288.5  │ │ │ ros-kilted-iceoryx-binding-c                      ┆                                              ┆ 2.0.5        ┆ np2py312h2ed9cc7_17  ┆ robostack-kilted
#16 288.5  │ │  ┆   90.85 KiB │
#16 288.5  │ │ │ ros-kilted-iceoryx-hoofs                          ┆                                              ┆ 2.0.5        ┆ np2py312h2ed9cc7_17  ┆ robostack-kilted
#16 288.5  │ │  ┆  257.68 KiB │
#16 288.5  │ │ │ ros-kilted-iceoryx-posh                           ┆                                              ┆ 2.0.5        ┆ np2py312h2ed9cc7_17  ┆ robostack-kilted
#16 288.5  │ │  ┆  560.52 KiB │
#16 288.5  │ │ │ ros-kilted-libstatistics-collector                ┆                                              ┆ 2.0.1        ┆ np2py312h2ed9cc7_17  ┆ robostack-kilted
#16 288.5  │ │  ┆   57.26 KiB │
#16 288.5  │ │ │ ros-kilted-libyaml-vendor                         ┆                                              ┆ 1.7.1        ┆ np2py312h2ed9cc7_17  ┆ robostack-kilted
#16 288.5  │ │  ┆   29.14 KiB │
#16 288.5  │ │ │ ros-kilted-message-filters                        ┆                                              ┆ 7.1.6        ┆ np2py312h2ed9cc7_17  ┆ robostack-kilted
#16 288.5  │ │  ┆   86.80 KiB │
#16 288.5  │ │ │ ros-kilted-rcl                                    ┆                                              ┆ 10.1.4       ┆ np2py312h2ed9cc7_17  ┆ robostack-kilted
#16 288.5  │ │  ┆  195.64 KiB │
#16 288.5  │ │ │ ros-kilted-rcl-action                             ┆                                              ┆ 10.1.4       ┆ np2py312h2ed9cc7_17  ┆ robostack-kilted
#16 288.5  │ │  ┆   80.42 KiB │
#16 288.5  │ │ │ ros-kilted-rcl-interfaces                         ┆                                              ┆ 2.3.1        ┆ np2py312h2ed9cc7_17  ┆ robostack-kilted
#16 288.5  │ │  ┆  565.68 KiB │
#16 288.5  │ │ │ ros-kilted-rcl-lifecycle                          ┆                                              ┆ 10.1.4       ┆ np2py312h2ed9cc7_17  ┆ robostack-kilted
#16 288.5  │ │  ┆   57.92 KiB │
#16 288.5  │ │ │ ros-kilted-rcl-logging-interface                  ┆                                              ┆ 3.2.4        ┆ np2py312h2ed9cc7_17  ┆ robostack-kilted
#16 288.5  │ │  ┆   35.68 KiB │
#16 288.5  │ │ │ ros-kilted-rcl-logging-spdlog                     ┆                                              ┆ 3.2.4        ┆ np2py312h918b84f_17  ┆ robostack-kilted
#16 288.5  │ │  ┆   46.12 KiB │
#16 288.5  │ │ │ ros-kilted-rcl-yaml-param-parser                  ┆                                              ┆ 10.1.4       ┆ np2py312h2ed9cc7_17  ┆ robostack-kilted
#16 288.5  │ │  ┆   51.15 KiB │
#16 288.5  │ │ │ ros-kilted-rclcpp                                 ┆                                              ┆ 29.5.7       ┆ np2py312h2ed9cc7_17  ┆ robostack-kilted
#16 288.5  │ │  ┆    1.04 MiB │
#16 288.5  │ │ │ ros-kilted-rclcpp-action                          ┆                                              ┆ 29.5.7       ┆ np2py312h2ed9cc7_17  ┆ robostack-kilted
#16 288.5  │ │  ┆  150.67 KiB │
#16 288.5  │ │ │ ros-kilted-rclcpp-components                      ┆                                              ┆ 29.5.7       ┆ np2py312h2ed9cc7_17  ┆ robostack-kilted
#16 288.5  │ │  ┆  137.96 KiB │
#16 288.5  │ │ │ ros-kilted-rcpputils                              ┆                                              ┆ 2.13.5       ┆ np2py312h2ed9cc7_17  ┆ robostack-kilted
#16 288.5  │ │  ┆   79.27 KiB │
#16 288.5  │ │ │ ros-kilted-rcutils                                ┆                                              ┆ 6.9.10       ┆ np2py312h2ed9cc7_17  ┆ robostack-kilted
#16 288.5  │ │  ┆  121.88 KiB │
#16 288.5  │ │ │ ros-kilted-rmw                                    ┆                                              ┆ 7.8.2        ┆ np2py312h2ed9cc7_17  ┆ robostack-kilted
#16 288.5  │ │  ┆   94.45 KiB │
#16 288.5  │ │ │ ros-kilted-rmw-connextdds                         ┆                                              ┆ 1.1.1        ┆ np2py312h2ed9cc7_17  ┆ robostack-kilted
#16 288.5  │ │  ┆   30.19 KiB │
#16 288.5  │ │ │ ros-kilted-rmw-connextdds-common                  ┆                                              ┆ 1.1.1        ┆ np2py312h2ed9cc7_17  ┆ robostack-kilted
#16 288.5  │ │  ┆   52.90 KiB │
#16 288.5  │ │ │ ros-kilted-rmw-cyclonedds-cpp                     ┆                                              ┆ 4.0.2        ┆ np2py312h2ed9cc7_17  ┆ robostack-kilted
#16 288.5  │ │  ┆  255.17 KiB │
#16 288.5  │ │ │ ros-kilted-rmw-dds-common                         ┆                                              ┆ 5.0.0        ┆ np2py312h2ed9cc7_17  ┆ robostack-kilted
#16 288.5  │ │  ┆  164.50 KiB │
#16 288.5  │ │ │ ros-kilted-rmw-fastrtps-cpp                       ┆                                              ┆ 9.3.3        ┆ np2py312h2ed9cc7_17  ┆ robostack-kilted
#16 288.5  │ │  ┆  150.95 KiB │
#16 288.5  │ │ │ ros-kilted-rmw-fastrtps-dynamic-cpp               ┆                                              ┆ 9.3.3        ┆ np2py312h2ed9cc7_17  ┆ robostack-kilted
#16 288.5  │ │  ┆  172.93 KiB │
#16 288.5  │ │ │ ros-kilted-rmw-fastrtps-shared-cpp                ┆                                              ┆ 9.3.3        ┆ np2py312h2ed9cc7_17  ┆ robostack-kilted
#16 288.5  │ │  ┆  226.52 KiB │
#16 288.5  │ │ │ ros-kilted-rmw-implementation                     ┆                                              ┆ 3.0.6        ┆ np2py312h2ed9cc7_17  ┆ robostack-kilted
#16 288.5  │ │  ┆   52.26 KiB │
#16 288.5  │ │ │ ros-kilted-rmw-implementation-cmake               ┆                                              ┆ 7.8.2        ┆ np2py312h2ed9cc7_17  ┆ robostack-kilted
#16 288.5  │ │  ┆   28.94 KiB │
#16 288.5  │ │ │ ros-kilted-rmw-security-common                    ┆                                              ┆ 7.8.2        ┆ np2py312h2ed9cc7_17  ┆ robostack-kilted
#16 288.5  │ │  ┆   50.05 KiB │
#16 288.5  │ │ │ ros-kilted-ros-environment                        ┆                                              ┆ 4.3.1        ┆ np2py312h2ed9cc7_17  ┆ robostack-kilted
#16 288.5  │ │  ┆   20.85 KiB │
#16 288.5  │ │ │ ros-kilted-rosgraph-msgs                          ┆                                              ┆ 2.3.1        ┆ np2py312h2ed9cc7_17  ┆ robostack-kilted
#16 288.5  │ │  ┆   70.44 KiB │
#16 288.5  │ │ │ ros-kilted-rosidl-adapter                         ┆                                              ┆ 4.9.6        ┆ np2py312h2ed9cc7_17  ┆ robostack-kilted
#16 288.5  │ │  ┆   66.46 KiB │
#16 288.5  │ │ │ ros-kilted-rosidl-cli                             ┆                                              ┆ 4.9.6        ┆ np2py312h2ed9cc7_17  ┆ robostack-kilted
#16 288.5  │ │  ┆   45.24 KiB │
#16 288.5  │ │ │ ros-kilted-rosidl-cmake                           ┆                                              ┆ 4.9.6        ┆ np2py312h2ed9cc7_17  ┆ robostack-kilted
#16 288.5  │ │  ┆   35.50 KiB │
#16 288.5  │ │ │ ros-kilted-rosidl-core-runtime                    ┆                                              ┆ 0.3.2        ┆ np2py312h2ed9cc7_17  ┆ robostack-kilted
#16 288.5  │ │  ┆   29.33 KiB │
#16 288.5  │ │ │ ros-kilted-rosidl-default-runtime                 ┆                                              ┆ 1.7.2        ┆ np2py312h2ed9cc7_17  ┆ robostack-kilted
#16 288.5  │ │  ┆   29.88 KiB │
#16 288.5  │ │ │ ros-kilted-rosidl-dynamic-typesupport             ┆                                              ┆ 0.3.1        ┆ np2py312h2ed9cc7_17  ┆ robostack-kilted
#16 288.5  │ │  ┆   59.43 KiB │
#16 288.5  │ │ │ ros-kilted-rosidl-dynamic-typesupport-fastrtps    ┆                                              ┆ 0.4.2        ┆ np2py312h2ed9cc7_17  ┆ robostack-kilted
#16 288.5  │ │  ┆   80.90 KiB │
#16 288.5  │ │ │ ros-kilted-rosidl-generator-c                     ┆                                              ┆ 4.9.6        ┆ np2py312h2ed9cc7_17  ┆ robostack-kilted
#16 288.5  │ │  ┆   50.87 KiB │
#16 288.5  │ │ │ ros-kilted-rosidl-generator-cpp                   ┆                                              ┆ 4.9.6        ┆ np2py312h2ed9cc7_17  ┆ robostack-kilted
#16 288.5  │ │  ┆   49.20 KiB │
#16 288.5  │ │ │ ros-kilted-rosidl-generator-py                    ┆                                              ┆ 0.24.2       ┆ np2py312h2ed9cc7_17  ┆ robostack-kilted
#16 288.5  │ │  ┆   58.46 KiB │
#16 288.5  │ │ │ ros-kilted-rosidl-generator-rs                    ┆                                              ┆ 0.4.11       ┆ np2py312h2ed9cc7_17  ┆ robostack-kilted
#16 288.5  │ │  ┆   47.05 KiB │
#16 288.5  │ │ │ ros-kilted-rosidl-generator-type-description      ┆                                              ┆ 4.9.6        ┆ np2py312h2ed9cc7_17  ┆ robostack-kilted
#16 288.5  │ │  ┆   45.90 KiB │
#16 288.5  │ │ │ ros-kilted-rosidl-parser                          ┆                                              ┆ 4.9.6        ┆ np2py312h2ed9cc7_17  ┆ robostack-kilted
#16 288.5  │ │  ┆   64.65 KiB │
#16 288.5  │ │ │ ros-kilted-rosidl-pycommon                        ┆                                              ┆ 4.9.6        ┆ np2py312h2ed9cc7_17  ┆ robostack-kilted
#16 288.5  │ │  ┆   26.21 KiB │
#16 288.5  │ │ │ ros-kilted-rosidl-runtime-c                       ┆                                              ┆ 4.9.6        ┆ np2py312h2ed9cc7_17  ┆ robostack-kilted
#16 288.5  │ │  ┆   80.85 KiB │
#16 288.5  │ │ │ ros-kilted-rosidl-runtime-cpp                     ┆                                              ┆ 4.9.6        ┆ np2py312h2ed9cc7_17  ┆ robostack-kilted
#16 288.5  │ │  ┆   40.18 KiB │
#16 288.5  │ │ │ ros-kilted-rosidl-typesupport-c                   ┆                                              ┆ 3.3.3        ┆ np2py312h2ed9cc7_17  ┆ robostack-kilted
#16 288.5  │ │  ┆   49.61 KiB │
#16 288.5  │ │ │ ros-kilted-rosidl-typesupport-cpp                 ┆                                              ┆ 3.3.3        ┆ np2py312h2ed9cc7_17  ┆ robostack-kilted
#16 288.5  │ │  ┆   48.76 KiB │
#16 288.5  │ │ │ ros-kilted-rosidl-typesupport-fastrtps-c          ┆                                              ┆ 3.8.2        ┆ np2py312h2ed9cc7_17  ┆ robostack-kilted
#16 288.5  │ │  ┆   50.31 KiB │
#16 288.5  │ │ │ ros-kilted-rosidl-typesupport-fastrtps-cpp        ┆                                              ┆ 3.8.2        ┆ np2py312h2ed9cc7_17  ┆ robostack-kilted
#16 288.5  │ │  ┆   52.32 KiB │
#16 288.5  │ │ │ ros-kilted-rosidl-typesupport-interface           ┆                                              ┆ 4.9.6        ┆ np2py312h2ed9cc7_17  ┆ robostack-kilted
#16 288.5  │ │  ┆   28.82 KiB │
#16 288.5  │ │ │ ros-kilted-rosidl-typesupport-introspection-c     ┆                                              ┆ 4.9.6        ┆ np2py312h2ed9cc7_17  ┆ robostack-kilted
#16 288.5  │ │  ┆   45.99 KiB │
#16 288.5  │ │ │ ros-kilted-rosidl-typesupport-introspection-cpp   ┆                                              ┆ 4.9.6        ┆ np2py312h2ed9cc7_17  ┆ robostack-kilted
#16 288.5  │ │  ┆   46.24 KiB │
#16 288.5  │ │ │ ros-kilted-rpyutils                               ┆                                              ┆ 0.6.3        ┆ np2py312h2ed9cc7_17  ┆ robostack-kilted
#16 288.5  │ │  ┆   26.66 KiB │
#16 288.5  │ │ │ ros-kilted-rti-connext-dds-cmake-module           ┆                                              ┆ 1.1.1        ┆ np2py312h2ed9cc7_17  ┆ robostack-kilted
#16 288.5  │ │  ┆   31.05 KiB │
#16 288.5  │ │ │ ros-kilted-service-msgs                           ┆                                              ┆ 2.3.1        ┆ np2py312h2ed9cc7_17  ┆ robostack-kilted
#16 288.5  │ │  ┆   78.16 KiB │
#16 288.5  │ │ │ ros-kilted-spdlog-vendor                          ┆                                              ┆ 1.7.0        ┆ np2py312h918b84f_17  ┆ robostack-kilted
#16 288.5  │ │  ┆   26.88 KiB │
#16 288.5  │ │ │ ros-kilted-statistics-msgs                        ┆                                              ┆ 2.3.1        ┆ np2py312h2ed9cc7_17  ┆ robostack-kilted
#16 288.5  │ │  ┆  109.07 KiB │
#16 288.5  │ │ │ ros-kilted-std-msgs                               ┆                                              ┆ 5.5.2        ┆ np2py312h2ed9cc7_17  ┆ robostack-kilted
#16 288.5  │ │  ┆  337.96 KiB │
#16 288.5  │ │ │ ros-kilted-tf2                                    ┆                                              ┆ 0.41.6       ┆ np2py312h2ed9cc7_17  ┆ robostack-kilted
#16 288.5  │ │  ┆  133.66 KiB │
#16 288.5  │ │ │ ros-kilted-tf2-msgs                               ┆                                              ┆ 0.41.6       ┆ np2py312h2ed9cc7_17  ┆ robostack-kilted
#16 288.5  │ │  ┆  256.49 KiB │
#16 288.5  │ │ │ ros-kilted-tracetools                             ┆                                              ┆ 8.6.0        ┆ np2py312h2ed9cc7_17  ┆ robostack-kilted
#16 288.5  │ │  ┆   74.56 KiB │
#16 288.5  │ │ │ ros-kilted-type-description-interfaces            ┆                                              ┆ 2.3.1        ┆ np2py312h2ed9cc7_17  ┆ robostack-kilted
#16 288.5  │ │  ┆  233.30 KiB │
#16 288.5  │ │ │ ros-kilted-uncrustify-vendor                      ┆                                              ┆ 3.1.0        ┆ np2py312h2ed9cc7_17  ┆ robostack-kilted
#16 288.5  │ │  ┆   22.64 KiB │
#16 288.5  │ │ │ ros-kilted-unique-identifier-msgs                 ┆                                              ┆ 2.7.0        ┆ np2py312h2ed9cc7_17  ┆ robostack-kilted
#16 288.5  │ │  ┆   72.52 KiB │
#16 288.5  │ │ │ setuptools                                        ┆                                              ┆ 82.0.1       ┆ pyh332efcf_0         ┆ conda-forge     
#16 288.5  │ │  ┆  624.70 KiB │
#16 288.5  │ │ │ six                                               ┆                                              ┆ 1.17.0       ┆ pyhe01879c_1         ┆ conda-forge     
#16 288.5  │ │  ┆   18.02 KiB │
#16 288.5  │ │ │ snowballstemmer                                   ┆                                              ┆ 3.0.1        ┆ pyhd8ed1ab_0         ┆ conda-forge     
#16 288.5  │ │  ┆   71.30 KiB │
#16 288.5  │ │ │ spdlog                                            ┆                                              ┆ 1.17.0       ┆ hab81395_1           ┆ conda-forge     
#16 288.5  │ │  ┆  192.07 KiB │
#16 288.5  │ │ │ tinyxml2                                          ┆                                              ┆ 11.0.0       ┆ h3f2d84a_0           ┆ conda-forge     
#16 288.5  │ │  ┆  128.27 KiB │
#16 288.5  │ │ │ tk                                                ┆                                              ┆ 8.6.13       ┆ noxft_h366c992_103   ┆ conda-forge     
#16 288.5  │ │  ┆    3.15 MiB │
#16 288.5  │ │ │ tomli                                             ┆                                              ┆ 2.4.1        ┆ pyhcf101f3_0         ┆ conda-forge     
#16 288.5  │ │  ┆   21.06 KiB │
#16 288.5  │ │ │ typing_extensions                                 ┆                                              ┆ 4.15.0       ┆ pyhcf101f3_0         ┆ conda-forge     
#16 288.5  │ │  ┆   50.48 KiB │
#16 288.5  │ │ │ tzdata                                            ┆                                              ┆ 2025c        ┆ hc9c84f9_1           ┆ conda-forge     
#16 288.5  │ │  ┆  116.34 KiB │
#16 288.5  │ │ │ uncrustify                                        ┆                                              ┆ 0.81.0       ┆ h54a6638_2           ┆ conda-forge     
#16 288.5  │ │  ┆  707.61 KiB │
#16 288.5  │ │ │ wheel                                             ┆                                              ┆ 0.47.0       ┆ pyhd8ed1ab_0         ┆ conda-forge     
#16 288.5  │ │  ┆   32.71 KiB │
#16 288.5  │ │ │ yaml                                              ┆                                              ┆ 0.2.5        ┆ h280c20c_3           ┆ conda-forge     
#16 288.5  │ │  ┆   83.19 KiB │
#16 288.5  │ │ │ yaml-cpp                                          ┆                                              ┆ 0.8.0        ┆ h3f2d84a_0           ┆ conda-forge     
#16 288.5  │ │  ┆  218.29 KiB │
#16 288.5  │ │ │ zipp                                              ┆                                              ┆ 3.23.1       ┆ pyhcf101f3_0         ┆ conda-forge     
#16 288.5  │ │  ┆   23.89 KiB │
#16 288.5  │ │ │ zstd                                              ┆                                              ┆ 1.5.7        ┆ hb78ec9c_6           ┆ conda-forge     
#16 288.5  │ │  ┆  587.28 KiB │
#16 288.5  │ │ ╰───────────────────────────────────────────────────┴──────────────────────────────────────────────┴──────────────┴──────────────────────┴─────────────────
#16 288.5  │ │ ─┴─────────────╯
#16 288.5  │ │ Resolved run dependencies(ros-kilted-aic-model-0.0.1-hb0f4dca_0):
#16 288.5  │ │ ╭───────────────────────────────────┬──────────────────────────────────────────────────────╮
#16 288.5  │ │ │ Name                              ┆ Spec                                                 │
#16 288.5  │ │ ╞═══════════════════════════════════╪══════════════════════════════════════════════════════╡
#16 288.5  │ │ │ Run dependencies                  ┆                                                      │
#16 288.5  │ │ │ libgcc                            ┆ >=15 (RE of [build: gcc_linux-64])                   │
#16 288.5  │ │ │                                   ┆ >=15 (RE of [build: gxx_linux-64])                   │
#16 288.5  │ │ │ libstdcxx                         ┆ >=15 (RE of [build: gxx_linux-64])                   │
#16 288.5  │ │ │ numpy                             ┆ >=1.23,<3 (RE of [host: numpy])                      │
#16 288.5  │ │ │ python_abi                        ┆ 3.12.* *_cp312 (RE of [host: python])                │
#16 288.5  │ │ │ ros-kilted-aic-control-interfaces ┆ *                                                    │
#16 288.5  │ │ │ ros-kilted-aic-model-interfaces   ┆ *                                                    │
#16 288.5  │ │ │ ros-kilted-aic-task-interfaces    ┆ *                                                    │
#16 288.5  │ │ │ ros-kilted-geometry-msgs          ┆ *                                                    │
#16 288.5  │ │ │ ros-kilted-lifecycle-msgs         ┆ *                                                    │
#16 288.5  │ │ │ ros-kilted-rclpy                  ┆ *                                                    │
#16 288.5  │ │ │ ros-kilted-sensor-msgs            ┆ *                                                    │
#16 288.5  │ │ │ ros-kilted-std-srvs               ┆ *                                                    │
#16 288.5  │ │ │ ros-kilted-tf2-ros                ┆ *                                                    │
#16 288.5  │ │ │ ros-kilted-trajectory-msgs        ┆ *                                                    │
#16 288.5  │ │ │ ros2-distro-mutex                 ┆ *                                                    │
#16 288.5  │ │ │                                   ┆ >=0.14.0,<0.15.0a0 (RE of [host: ros2-distro-mutex]) │
#16 288.5  │ │ ╰───────────────────────────────────┴──────────────────────────────────────────────────────╯
#16 288.5  │ │
#16 288.5  │ ╰─────────────────── (took 0 seconds)
#16 288.9  │
#16 288.9  │ ╭─ Running build script
#16 288.9  │ │ INFO: activate-binutils_linux-64.sh made the following environmental changes:
#16 289.0  │ │ +ADDR2LINE=x86_64-conda-linux-gnu-addr2line
#16 289.0  │ │ +AR=x86_64-conda-linux-gnu-ar
#16 289.0  │ │ +AS=x86_64-conda-linux-gnu-as
#16 289.0  │ │ +CXXFILT=x86_64-conda-linux-gnu-c++filt
#16 289.0  │ │ +ELFEDIT=x86_64-conda-linux-gnu-elfedit
#16 289.0  │ │ +GPROF=x86_64-conda-linux-gnu-gprof
#16 289.0  │ │ +LD=x86_64-conda-linux-gnu-ld
#16 289.0  │ │ +NM=x86_64-conda-linux-gnu-nm
#16 289.0  │ │ +OBJCOPY=x86_64-conda-linux-gnu-objcopy
#16 289.0  │ │ +OBJDUMP=x86_64-conda-linux-gnu-objdump
#16 289.0  │ │ +RANLIB=x86_64-conda-linux-gnu-ranlib
#16 289.0  │ │ +READELF=x86_64-conda-linux-gnu-readelf
#16 289.0  │ │ +SIZE=x86_64-conda-linux-gnu-size
#16 289.0  │ │ +STRINGS=x86_64-conda-linux-gnu-strings
#16 289.0  │ │ +STRIP=x86_64-conda-linux-gnu-strip
#16 289.0  │ │ INFO: activate-gcc_linux-64.sh made the following environmental changes:
#16 289.0  │ │ +BUILD=x86_64-conda-linux-gnu
#16 289.0  │ │ +CC=x86_64-conda-linux-gnu-cc
#16 289.0  │ │ +CC_FOR_BUILD=x86_64-conda-linux-gnu-cc
#16 289.0  │ │ +CFLAGS=-march=nocona -mtune=haswell -ftree-vectorize -fPIC -fstack-protector-strong -fno-plt -O2 -ffunction-sections -pipe -isystem $PREFIX/include -fdebu
#16 289.0  │ │ g-prefix-map=$SRC_DIR=/usr/local/src/conda/ros-kilted-aic-model-0.0.1 -fdebug-prefix-map=$PREFIX=/usr/local/src/conda-prefix
#16 289.0  │ │ +CMAKE_ARGS=-DCMAKE_AR=$BUILD_PREFIX/bin/x86_64-conda-linux-gnu-ar -DCMAKE_CXX_COMPILER_AR=$BUILD_PREFIX/bin/x86_64-conda-linux-gnu-gcc-ar -DCMAKE_C_COMPIL
#16 289.0  │ │ ER_AR=$BUILD_PREFIX/bin/x86_64-conda-linux-gnu-gcc-ar -DCMAKE_RANLIB=$BUILD_PREFIX/bin/x86_64-conda-linux-gnu-ranlib -DCMAKE_CXX_COMPILER_RANLIB=$BUILD_PRE
#16 289.0  │ │ FIX/bin/x86_64-conda-linux-gnu-gcc-ranlib -DCMAKE_C_COMPILER_RANLIB=$BUILD_PREFIX/bin/x86_64-conda-linux-gnu-gcc-ranlib -DCMAKE_LINKER=$BUILD_PREFIX/bin/x8
#16 289.0  │ │ 6_64-conda-linux-gnu-ld -DCMAKE_STRIP=$BUILD_PREFIX/bin/x86_64-conda-linux-gnu-strip -DCMAKE_BUILD_TYPE=Release -DCMAKE_FIND_ROOT_PATH_MODE_PROGRAM=NEVER -
#16 289.0  │ │ DCMAKE_FIND_ROOT_PATH_MODE_LIBRARY=ONLY -DCMAKE_FIND_ROOT_PATH_MODE_INCLUDE=ONLY -DCMAKE_FIND_ROOT_PATH=$PREFIX;$BUILD_PREFIX/x86_64-conda-linux-gnu/sysroo
#16 289.0  │ │ t -DCMAKE_INSTALL_PREFIX=$PREFIX -DCMAKE_INSTALL_LIBDIR=lib -DCMAKE_PROGRAM_PATH=$BUILD_PREFIX/bin;$PREFIX/bin
#16 289.0  │ │ +CMAKE_PREFIX_PATH=$PREFIX:$BUILD_PREFIX/x86_64-conda-linux-gnu/sysroot/usr
#16 289.0  │ │ +CONDA_BUILD_CROSS_COMPILATION=
#16 289.0  │ │ +CONDA_BUILD_SYSROOT=$BUILD_PREFIX/x86_64-conda-linux-gnu/sysroot
#16 289.0  │ │ +CONDA_TOOLCHAIN_BUILD=x86_64-conda-linux-gnu
#16 289.0  │ │ +CONDA_TOOLCHAIN_HOST=x86_64-conda-linux-gnu
#16 289.0  │ │ +CPP=x86_64-conda-linux-gnu-cpp
#16 289.0  │ │ +CPPFLAGS=-DNDEBUG -D_FORTIFY_SOURCE=2 -O2 -isystem $PREFIX/include
#16 289.0  │ │ +CPP_FOR_BUILD=x86_64-conda-linux-gnu-cpp
#16 289.0  │ │ +DEBUG_CFLAGS=-march=nocona -mtune=haswell -ftree-vectorize -fPIC -fstack-protector-all -fno-plt -Og -g -Wall -Wextra -fvar-tracking-assignments -ffunction
#16 289.0  │ │ -sections -pipe -isystem $PREFIX/include -fdebug-prefix-map=$SRC_DIR=/usr/local/src/conda/ros-kilted-aic-model-0.0.1 -fdebug-prefix-map=$PREFIX=/usr/local/
#16 289.0  │ │ src/conda-prefix
#16 289.0  │ │ +DEBUG_CPPFLAGS=-D_DEBUG -D_FORTIFY_SOURCE=2 -Og -isystem $PREFIX/include
#16 289.0  │ │ +GCC=x86_64-conda-linux-gnu-gcc
#16 289.0  │ │ +GCC_AR=x86_64-conda-linux-gnu-gcc-ar
#16 289.0  │ │ +GCC_NM=x86_64-conda-linux-gnu-gcc-nm
#16 289.0  │ │ +GCC_RANLIB=x86_64-conda-linux-gnu-gcc-ranlib
#16 289.0  │ │ +HOST=x86_64-conda-linux-gnu
#16 289.1  │ │ +LDFLAGS=-Wl,-O2 -Wl,--sort-common -Wl,--as-needed -Wl,-z,relro -Wl,-z,now -Wl,--disable-new-dtags -Wl,--gc-sections -Wl,--allow-shlib-undefined -Wl,-rpath
#16 289.1  │ │ ,$PREFIX/lib -Wl,-rpath-link,$PREFIX/lib -L$PREFIX/lib
#16 289.1  │ │ +LDFLAGS_LD=-O2 --sort-common --as-needed -z relro -z now --disable-new-dtags --gc-sections --allow-shlib-undefined -rpath $PREFIX/lib -rpath-link $PREFIX/
#16 289.1  │ │ lib -L$PREFIX/lib
#16 289.1  │ │ +MESON_ARGS=-Dbuildtype=release --prefix=$PREFIX -Dlibdir=lib
#16 289.1  │ │ +build_alias=x86_64-conda-linux-gnu
#16 289.1  │ │ +host_alias=x86_64-conda-linux-gnu
#16 289.1  │ │ -BUILD=x86_64-conda_cos6-linux-gnu
#16 289.1  │ │ -CONDA_BUILD_CROSS_COMPILATION=0
#16 289.1  │ │ INFO: activate-gxx_linux-64.sh made the following environmental changes:
#16 289.1  │ │ +CXX=x86_64-conda-linux-gnu-c++
#16 289.1  │ │ +CXXFLAGS=-fvisibility-inlines-hidden -fmessage-length=0 -march=nocona -mtune=haswell -ftree-vectorize -fPIC -fstack-protector-strong -fno-plt -O2 -ffuncti
#16 289.1  │ │ on-sections -pipe -isystem $PREFIX/include -fdebug-prefix-map=$SRC_DIR=/usr/local/src/conda/ros-kilted-aic-model-0.0.1 -fdebug-prefix-map=$PREFIX=/usr/loca
#16 289.1  │ │ l/src/conda-prefix
#16 289.1  │ │ +CXX_FOR_BUILD=x86_64-conda-linux-gnu-c++
#16 289.1  │ │ +DEBUG_CXXFLAGS=-fvisibility-inlines-hidden -fmessage-length=0 -march=nocona -mtune=haswell -ftree-vectorize -fPIC -fstack-protector-all -fno-plt -Og -g -W
#16 289.1  │ │ all -Wextra -fvar-tracking-assignments -ffunction-sections -pipe -isystem $PREFIX/include -fdebug-prefix-map=$SRC_DIR=/usr/local/src/conda/ros-kilted-aic-m
#16 289.1  │ │ odel-0.0.1 -fdebug-prefix-map=$PREFIX=/usr/local/src/conda-prefix
#16 289.1  │ │ +GXX=x86_64-conda-linux-gnu-g++
#16 289.2  │ │ /ws_aic/src/aic/aic_model $SRC_DIR
#16 289.2  │ │ WARNING: setup.cfg not set, will set INSTALL_SCRIPTS_ARG to: --install-scripts=$PREFIX/lib/aic_model
#16 290.1  │ │ running install
#16 290.1  │ │ $PREFIX/lib/python3.12/site-packages/setuptools/_distutils/cmd.py:90: SetuptoolsDeprecationWarning: setup.py install is deprecated.
#16 290.1  │ │ !!
#16 290.1  │ │         ********************************************************************************
#16 290.1  │ │         Please avoid running ``setup.py`` directly.
#16 290.1  │ │         Instead, use pypa/build, pypa/installer or other
#16 290.1  │ │         standards-based tools.
#16 290.1  │ │         This deprecation is overdue, please update your project and remove deprecated
#16 290.1  │ │         calls to avoid build errors in the future.
#16 290.1  │ │         See https://blog.ganssle.io/articles/2021/10/setup-py-deprecated.html for details.
#16 290.1  │ │         ********************************************************************************
#16 290.1  │ │ !!
#16 290.1  │ │   self.initialize_options()
#16 290.1  │ │ running build
#16 290.1  │ │ running build_py
#16 290.2  │ │ creating build/lib/aic_model
#16 290.2  │ │ copying aic_model/policy.py -> build/lib/aic_model
#16 290.2  │ │ copying aic_model/__init__.py -> build/lib/aic_model
#16 290.2  │ │ copying aic_model/aic_model.py -> build/lib/aic_model
#16 290.2  │ │ creating build/lib/aic_model/policies
#16 290.2  │ │ copying aic_model/policies/RunACTOffline.py -> build/lib/aic_model/policies
#16 290.2  │ │ copying aic_model/policies/__init__.py -> build/lib/aic_model/policies
#16 290.2  │ │ running install_lib
#16 290.2  │ │ creating $PREFIX/lib/python3.12/site-packages/aic_model
#16 290.2  │ │ copying build/lib/aic_model/policy.py -> $PREFIX/lib/python3.12/site-packages/aic_model
#16 290.2  │ │ copying build/lib/aic_model/__init__.py -> $PREFIX/lib/python3.12/site-packages/aic_model
#16 290.2  │ │ copying build/lib/aic_model/aic_model.py -> $PREFIX/lib/python3.12/site-packages/aic_model
#16 290.2  │ │ creating $PREFIX/lib/python3.12/site-packages/aic_model/policies
#16 290.2  │ │ copying build/lib/aic_model/policies/RunACTOffline.py -> $PREFIX/lib/python3.12/site-packages/aic_model/policies
#16 290.2  │ │ copying build/lib/aic_model/policies/__init__.py -> $PREFIX/lib/python3.12/site-packages/aic_model/policies
#16 290.2  │ │ byte-compiling $PREFIX/lib/python3.12/site-packages/aic_model/policy.py to policy.cpython-312.pyc
#16 290.2  │ │ byte-compiling $PREFIX/lib/python3.12/site-packages/aic_model/__init__.py to __init__.cpython-312.pyc
#16 290.2  │ │ byte-compiling $PREFIX/lib/python3.12/site-packages/aic_model/aic_model.py to aic_model.cpython-312.pyc
#16 290.2  │ │ byte-compiling $PREFIX/lib/python3.12/site-packages/aic_model/policies/RunACTOffline.py to RunACTOffline.cpython-312.pyc
#16 290.2  │ │ byte-compiling $PREFIX/lib/python3.12/site-packages/aic_model/policies/__init__.py to __init__.cpython-312.pyc
#16 290.2  │ │ running install_data
#16 290.2  │ │ copying resource/aic_model -> $PREFIX/share/ament_index/resource_index/packages
#16 290.2  │ │ creating $PREFIX/share/aic_model
#16 290.2  │ │ copying package.xml -> $PREFIX/share/aic_model
#16 290.2  │ │ running install_egg_info
#16 290.3  │ │ running egg_info
#16 290.3  │ │ creating aic_model.egg-info
#16 290.3  │ │ writing aic_model.egg-info/PKG-INFO
#16 290.3  │ │ writing dependency_links to aic_model.egg-info/dependency_links.txt
#16 290.3  │ │ writing entry points to aic_model.egg-info/entry_points.txt
#16 290.3  │ │ writing requirements to aic_model.egg-info/requires.txt
#16 290.3  │ │ writing top-level names to aic_model.egg-info/top_level.txt
#16 290.3  │ │ writing manifest file 'aic_model.egg-info/SOURCES.txt'
#16 290.3  │ │ reading manifest file 'aic_model.egg-info/SOURCES.txt'
#16 290.3  │ │ writing manifest file 'aic_model.egg-info/SOURCES.txt'
#16 290.3  │ │ Copying aic_model.egg-info to $PREFIX/lib/python3.12/site-packages/aic_model-0.0.1-py3.12.egg-info
#16 290.3  │ │ running install_scripts
#16 290.4  │ │ Installing aic_model script to $PREFIX/lib/aic_model
#16 290.4  │ │ writing list of installed files to 'files.txt'
#16 290.5  │ │
#16 290.5  │ ╰─────────────────── (took 2 seconds)
#16 290.9  │
#16 290.9  │ ╭─ Packaging new files
#16 290.9  │ │ Copying done!
#16 291.1  │ │ Post-processing done!
#16 291.1  │ │ Writing test files
#16 291.1  │ │ Writing metadata for package
#16 291.1  │ │ Copying license files
#16 291.1  │ │ Copying recipe files
#16 291.1  │ │ 
#16 291.1  │ │ Files in package:
#16 291.1  │ │   ├─ lib/aic_model/aic_model (1.19 KiB) [prefix:text]
#16 291.1  │ │   ├─ lib/python3.12/site-packages/aic_model/__init__.py (0 B)
#16 291.1  │ │   ├─ lib/python3.12/site-packages/aic_model/__pycache__/__init__.cpython-312.pyc (406 B)
#16 291.1  │ │   ├─ lib/python3.12/site-packages/aic_model/__pycache__/aic_model.cpython-312.pyc (18.01 KiB)
#16 291.1  │ │   ├─ lib/python3.12/site-packages/aic_model/__pycache__/policy.cpython-312.pyc (7.23 KiB)
#16 291.1  │ │   ├─ lib/python3.12/site-packages/aic_model/aic_model.py (13.19 KiB)
#16 291.1  │ │   ├─ lib/python3.12/site-packages/aic_model/policies/RunACTOffline.py (9.75 KiB)
#16 291.1  │ │   ├─ lib/python3.12/site-packages/aic_model/policies/__init__.py (40 B)
#16 291.1  │ │   ├─ lib/python3.12/site-packages/aic_model/policies/__pycache__/RunACTOffline.cpython-312.pyc (13.47 KiB)
#16 291.1  │ │   ├─ lib/python3.12/site-packages/aic_model/policies/__pycache__/__init__.cpython-312.pyc (463 B)
#16 291.1  │ │   ├─ lib/python3.12/site-packages/aic_model/policy.py (5.68 KiB)
#16 291.1  │ │   ├─ lib/python3.12/site-packages/aic_model-0.0.1-py3.12.egg-info/PKG-INFO (412 B)
#16 291.1  │ │   ├─ lib/python3.12/site-packages/aic_model-0.0.1-py3.12.egg-info/SOURCES.txt (409 B)
#16 291.1  │ │   ├─ lib/python3.12/site-packages/aic_model-0.0.1-py3.12.egg-info/dependency_links.txt (1 B)
#16 291.1  │ │   ├─ lib/python3.12/site-packages/aic_model-0.0.1-py3.12.egg-info/entry_points.txt (55 B)
#16 291.1  │ │   ├─ lib/python3.12/site-packages/aic_model-0.0.1-py3.12.egg-info/requires.txt (26 B)
#16 291.1  │ │   ├─ lib/python3.12/site-packages/aic_model-0.0.1-py3.12.egg-info/top_level.txt (10 B)
#16 291.1  │ │   ├─ lib/python3.12/site-packages/aic_model-0.0.1-py3.12.egg-info/zip-safe (1 B)
#16 291.1  │ │   ├─ share/aic_model/package.xml (826 B)
#16 291.1  │ │   ├─ share/ament_index/resource_index/packages/aic_model (0 B)
#16 291.1  │ │   ├─ info/about.json (198 B)
#16 291.1  │ │   ├─ info/hash_input.json (31 B)
#16 291.1  │ │   ├─ info/index.json (748 B)
#16 291.1  │ │   ├─ info/paths.json (5.00 KiB)
#16 291.1  │ │   └─ info/tests/tests.yaml (3 B)
#16 291.1  │ │ 
#16 291.1  │ │ Package statistics: 25 files (20 content, 5 metadata), total size: 77.06 KiB
#16 291.1  │ │ Largest files:
#16 291.1  │ │   18.01 KiB - lib/python3.12/site-packages/aic_model/__pycache__/aic_model.cpython-312.pyc
#16 291.1  │ │   13.47 KiB - lib/python3.12/site-packages/aic_model/policies/__pycache__/RunACTOffline.cpython-312.pyc
#16 291.1  │ │   13.19 KiB - lib/python3.12/site-packages/aic_model/aic_model.py
#16 291.1  │ │   9.75 KiB - lib/python3.12/site-packages/aic_model/policies/RunACTOffline.py
#16 291.1  │ │   7.23 KiB - lib/python3.12/site-packages/aic_model/__pycache__/policy.cpython-312.pyc
#16 291.1  │ │ Creating target folder '/ws_aic/src/aic/.pixi/build/work/ros-kilted-aic-model-UTlbc2_Gawc-thgBGAeBgEM/output/linux-64'
#16 291.1  │ │ Compressing archive...
#16 291.1  │ │ Archive written to '/ws_aic/src/aic/.pixi/build/work/ros-kilted-aic-model-UTlbc2_Gawc-thgBGAeBgEM/output/linux-64/ros-kilted-aic-model-0.0.1-hb0f4dca_0.con
#16 291.1  │ │ da'
#16 291.2  │ │
#16 291.2  │ ╰─────────────────── (took 1 second)
#16 291.2  │
#16 291.2  ╰─────────────────── (took 3 seconds)
#16 309.0 
#16 309.0  ╭─ Running build for recipe: ros-kilted-aic-example-policies-0.0.1-hb0f4dca_0
#16 309.0  │
#16 309.0  │ ╭─ Fetching source code
#16 309.0  │ │ No sources to fetch
#16 309.0  │ │
#16 309.0  │ ╰─────────────────── (took 0 seconds)
#16 309.1  │
#16 309.1  │ ╭─ Externally resolved dependencies recipe: ros-kilted-aic-example-policies-0.0.1-hb0f4dca_0
#16 309.1  │ │ 
#16 309.1  │ │ Resolved build dependencies(ros-kilted-aic-example-policies-0.0.1-hb0f4dca_0):
#16 309.1  │ │ ╭───────────────────────────────────────────────────┬───────────────────────────────────┬──────────────┬──────────────────────┬──────────────────┬─────────
#16 309.1  │ │ ────╮
#16 309.1  │ │ │ Package                                           ┆ Spec                              ┆ Version      ┆ Build                ┆ Channel          ┆        S
#16 309.1  │ │ ize │
#16 309.1  │ │ ╞═══════════════════════════════════════════════════╪═══════════════════════════════════╪══════════════╪══════════════════════╪══════════════════╪═════════
#16 309.1  │ │ ════╡
#16 309.1  │ │ │ cmake                                             ┆ cmake                             ┆ 4.3.2        ┆ hc85cc9f_0           ┆ conda-forge      ┆   22.01 
#16 309.1  │ │ MiB │
#16 309.1  │ │ │ coreutils                                         ┆ coreutils                         ┆ 9.5          ┆ hd590300_0           ┆ conda-forge      ┆    2.87 
#16 309.1  │ │ MiB │
#16 309.1  │ │ │ cpython                                           ┆ cpython                           ┆ 3.12.13      ┆ py312hd8ed1ab_0      ┆ conda-forge      ┆   45.37 
#16 309.1  │ │ KiB │
#16 309.1  │ │ │ gcc_linux-64                                      ┆ gcc_linux-64                      ┆ 15.2.0       ┆ h7be306e_24          ┆ conda-forge      ┆   28.40 
#16 309.1  │ │ KiB │
#16 309.1  │ │ │ git                                               ┆ git                               ┆ 2.53.0       ┆ pl5321h6d3cee1_0     ┆ conda-forge      ┆   10.92 
#16 309.1  │ │ MiB │
#16 309.1  │ │ │ git-lfs                                           ┆ git-lfs                           ┆ 3.7.1        ┆ ha8f183a_1           ┆ conda-forge      ┆    4.23 
#16 309.1  │ │ MiB │
#16 309.1  │ │ │ gxx_linux-64                                      ┆ gxx_linux-64                      ┆ 15.2.0       ┆ he30e93d_24          ┆ conda-forge      ┆   26.96 
#16 309.1  │ │ KiB │
#16 309.1  │ │ │ make                                              ┆ make                              ┆ 4.4.1        ┆ hb9d3cd8_2           ┆ conda-forge      ┆  501.06 
#16 309.1  │ │ KiB │
#16 309.1  │ │ │ ninja                                             ┆ ninja                             ┆ 1.13.2       ┆ h171cf75_0           ┆ conda-forge      ┆  181.96 
#16 309.1  │ │ KiB │
#16 309.1  │ │ │ patch                                             ┆ patch                             ┆ 2.8          ┆ hb03c661_1002        ┆ conda-forge      ┆  114.47 
#16 309.1  │ │ KiB │
#16 309.1  │ │ │ python                                            ┆ python                            ┆ 3.12.13      ┆ hd63d673_0_cpython   ┆ conda-forge      ┆   30.14 
#16 309.1  │ │ MiB │
#16 309.1  │ │ │ ros-kilted-aic-control-interfaces                 ┆ ros-kilted-aic-control-interfaces ┆ 0.0.1        ┆ hb0f4dca_0           ┆                  ┆         
#16 309.1  │ │     │
#16 309.1  │ │ │ ros-kilted-aic-model                              ┆ ros-kilted-aic-model              ┆ 0.0.1        ┆ hb0f4dca_0           ┆                  ┆         
#16 309.1  │ │     │
#16 309.1  │ │ │ ros-kilted-aic-model-interfaces                   ┆ ros-kilted-aic-model-interfaces   ┆ 0.0.1        ┆ hb0f4dca_0           ┆                  ┆         
#16 309.1  │ │     │
#16 309.1  │ │ │ ros-kilted-aic-task-interfaces                    ┆ ros-kilted-aic-task-interfaces    ┆ 0.0.1        ┆ hb0f4dca_0           ┆                  ┆         
#16 309.1  │ │     │
#16 309.1  │ │ │ ros-kilted-geometry-msgs                          ┆ ros-kilted-geometry-msgs          ┆ 5.5.2        ┆ np2py312h2ed9cc7_17  ┆ robostack-kilted ┆  376.74 
#16 309.1  │ │ KiB │
#16 309.1  │ │ │ ros-kilted-rclpy                                  ┆ ros-kilted-rclpy                  ┆ 9.1.5        ┆ np2py312h2ed9cc7_17  ┆ robostack-kilted ┆  777.88 
#16 309.1  │ │ KiB │
#16 309.1  │ │ │ ros-kilted-ros-workspace                          ┆ ros-kilted-ros-workspace          ┆ 1.0.3        ┆ np2py312h2ed9cc7_17  ┆ robostack-kilted ┆   34.44 
#16 309.1  │ │ KiB │
#16 309.1  │ │ │ ros-kilted-sensor-msgs                            ┆ ros-kilted-sensor-msgs            ┆ 5.5.2        ┆ np2py312h2ed9cc7_17  ┆ robostack-kilted ┆  546.73 
#16 309.1  │ │ KiB │
#16 309.1  │ │ │ ros-kilted-std-srvs                               ┆ ros-kilted-std-srvs               ┆ 5.5.2        ┆ np2py312h2ed9cc7_17  ┆ robostack-kilted ┆  166.86 
#16 309.1  │ │ KiB │
#16 309.1  │ │ │ ros-kilted-tf2-ros                                ┆ ros-kilted-tf2-ros                ┆ 0.41.6       ┆ np2py312h2ed9cc7_17  ┆ robostack-kilted ┆  456.60 
#16 309.1  │ │ KiB │
#16 309.1  │ │ │ ros-kilted-trajectory-msgs                        ┆ ros-kilted-trajectory-msgs        ┆ 5.5.2        ┆ np2py312h2ed9cc7_17  ┆ robostack-kilted ┆  148.10 
#16 309.1  │ │ KiB │
#16 309.1  │ │ │ setuptools                                        ┆ setuptools                        ┆ 82.0.1       ┆ pyh332efcf_0         ┆ conda-forge      ┆  624.70 
#16 309.1  │ │ KiB │
#16 309.1  │ │ │ transforms3d                                      ┆ transforms3d                      ┆ 0.4.2        ┆ pyhd8ed1ab_1         ┆ conda-forge      ┆    2.57 
#16 309.1  │ │ MiB │
#16 309.1  │ │ │ _openmp_mutex                                     ┆                                   ┆ 4.5          ┆ 20_gnu               ┆ conda-forge      ┆   28.27 
#16 309.1  │ │ KiB │
#16 309.1  │ │ │ argcomplete                                       ┆                                   ┆ 3.6.3        ┆ pyhd8ed1ab_0         ┆ conda-forge      ┆   41.39 
#16 309.1  │ │ KiB │
#16 309.1  │ │ │ attr                                              ┆                                   ┆ 2.5.2        ┆ hb03c661_1           ┆ conda-forge      ┆   30.65 
#16 309.1  │ │ KiB │
#16 309.1  │ │ │ binutils_impl_linux-64                            ┆                                   ┆ 2.45.1       ┆ default_hfdba357_102 ┆ conda-forge      ┆    3.49 
#16 309.1  │ │ MiB │
#16 309.1  │ │ │ binutils_linux-64                                 ┆                                   ┆ 2.45.1       ┆ default_h4852527_102 ┆ conda-forge      ┆   35.45 
#16 309.1  │ │ KiB │
#16 309.1  │ │ │ bzip2                                             ┆                                   ┆ 1.0.8        ┆ hda65f42_9           ┆ conda-forge      ┆  254.08 
#16 309.1  │ │ KiB │
#16 309.1  │ │ │ c-ares                                            ┆                                   ┆ 1.34.6       ┆ hb03c661_0           ┆ conda-forge      ┆  203.01 
#16 309.1  │ │ KiB │
#16 309.1  │ │ │ ca-certificates                                   ┆                                   ┆ 2026.4.22    ┆ hbd8a1cb_0           ┆ conda-forge      ┆  127.97 
#16 309.1  │ │ KiB │
#16 309.1  │ │ │ catkin_pkg                                        ┆                                   ┆ 1.1.0        ┆ pyhd8ed1ab_0         ┆ conda-forge      ┆   52.84 
#16 309.1  │ │ KiB │
#16 309.1  │ │ │ console_bridge                                    ┆                                   ┆ 1.0.2        ┆ h924138e_1           ┆ conda-forge      ┆   18.03 
#16 309.1  │ │ KiB │
#16 309.1  │ │ │ cppcheck                                          ┆                                   ┆ 2.20.1       ┆ py312h014360a_0      ┆ conda-forge      ┆    2.96 
#16 309.1  │ │ MiB │
#16 309.1  │ │ │ docutils                                          ┆                                   ┆ 0.22.4       ┆ pyhd8ed1ab_0         ┆ conda-forge      ┆  427.74 
#16 309.1  │ │ KiB │
#16 309.1  │ │ │ empy                                              ┆                                   ┆ 3.3.4        ┆ pyh9f0ad1d_1         ┆ conda-forge      ┆   39.27 
#16 309.1  │ │ KiB │
#16 309.1  │ │ │ flake8                                            ┆                                   ┆ 7.3.0        ┆ pyhd8ed1ab_0         ┆ conda-forge      ┆  109.29 
#16 309.1  │ │ KiB │
#16 309.1  │ │ │ flake8-builtins                                   ┆                                   ┆ 3.1.0        ┆ pyhd8ed1ab_0         ┆ conda-forge      ┆   19.04 
#16 309.1  │ │ KiB │
#16 309.1  │ │ │ flake8-comprehensions                             ┆                                   ┆ 3.17.0       ┆ pyhd8ed1ab_0         ┆ conda-forge      ┆   13.72 
#16 309.1  │ │ KiB │
#16 309.1  │ │ │ flake8-docstrings                                 ┆                                   ┆ 1.7.0        ┆ pyhd8ed1ab_0         ┆ conda-forge      ┆   10.15 
#16 309.1  │ │ KiB │
#16 309.1  │ │ │ flake8-import-order                               ┆                                   ┆ 0.19.2       ┆ pyhd8ed1ab_0         ┆ conda-forge      ┆   20.55 
#16 309.1  │ │ KiB │
#16 309.1  │ │ │ flake8-quotes                                     ┆                                   ┆ 3.4.0        ┆ pyhd8ed1ab_1         ┆ conda-forge      ┆   14.43 
#16 309.1  │ │ KiB │
#16 309.1  │ │ │ fmt                                               ┆                                   ┆ 12.1.0       ┆ hff5e90c_0           ┆ conda-forge      ┆  193.46 
#16 309.1  │ │ KiB │
#16 309.1  │ │ │ foonathan-memory                                  ┆                                   ┆ 0.7.3        ┆ h5888daf_1           ┆ conda-forge      ┆  221.81 
#16 309.1  │ │ KiB │
#16 309.1  │ │ │ gcc_impl_linux-64                                 ┆                                   ┆ 15.2.0       ┆ he420e7e_18          ┆ conda-forge      ┆   78.02 
#16 309.1  │ │ MiB │
#16 309.1  │ │ │ gxx_impl_linux-64                                 ┆                                   ┆ 15.2.0       ┆ hda75c37_18          ┆ conda-forge      ┆   14.87 
#16 309.1  │ │ MiB │
#16 309.1  │ │ │ icu                                               ┆                                   ┆ 78.3         ┆ h33c6efd_0           ┆ conda-forge      ┆   12.13 
#16 309.1  │ │ MiB │
#16 309.1  │ │ │ importlib-metadata                                ┆                                   ┆ 8.8.0        ┆ pyhcf101f3_0         ┆ conda-forge      ┆   33.58 
#16 309.1  │ │ KiB │
#16 309.1  │ │ │ importlib_resources                               ┆                                   ┆ 7.1.0        ┆ pyhd8ed1ab_0         ┆ conda-forge      ┆   33.99 
#16 309.1  │ │ KiB │
#16 309.1  │ │ │ kernel-headers_linux-64                           ┆                                   ┆ 4.18.0       ┆ he073ed8_9           ┆ conda-forge      ┆    1.22 
#16 309.1  │ │ MiB │
#16 309.1  │ │ │ keyutils                                          ┆                                   ┆ 1.6.3        ┆ hb9d3cd8_0           ┆ conda-forge      ┆  130.95 
#16 309.1  │ │ KiB │
#16 309.1  │ │ │ krb5                                              ┆                                   ┆ 1.22.2       ┆ ha1258a1_0           ┆ conda-forge      ┆    1.32 
#16 309.1  │ │ MiB │
#16 309.1  │ │ │ lark-parser                                       ┆                                   ┆ 0.12.0       ┆ pyhd8ed1ab_1         ┆ conda-forge      ┆   84.12 
#16 309.1  │ │ KiB │
#16 309.1  │ │ │ ld_impl_linux-64                                  ┆                                   ┆ 2.45.1       ┆ default_hbd61a6d_102 ┆ conda-forge      ┆  710.94 
#16 309.1  │ │ KiB │
#16 309.1  │ │ │ libacl                                            ┆                                   ┆ 2.3.2        ┆ h0f662aa_0           ┆ conda-forge      ┆  108.01 
#16 309.1  │ │ KiB │
#16 309.1  │ │ │ libattr                                           ┆                                   ┆ 2.5.2        ┆ hb03c661_1           ┆ conda-forge      ┆   52.07 
#16 309.1  │ │ KiB │
#16 309.1  │ │ │ libblas                                           ┆                                   ┆ 3.11.0       ┆ 6_h4a7cf45_openblas  ┆ conda-forge      ┆   18.18 
#16 309.1  │ │ KiB │
#16 309.1  │ │ │ libcblas                                          ┆                                   ┆ 3.11.0       ┆ 6_h0358290_openblas  ┆ conda-forge      ┆   18.19 
#16 309.1  │ │ KiB │
#16 309.1  │ │ │ libcurl                                           ┆                                   ┆ 8.19.0       ┆ hcf29cc6_0           ┆ conda-forge      ┆  455.77 
#16 309.1  │ │ KiB │
#16 309.1  │ │ │ libedit                                           ┆                                   ┆ 3.1.20250104 ┆ pl5321h7949ede_0     ┆ conda-forge      ┆  131.52 
#16 309.1  │ │ KiB │
#16 309.1  │ │ │ libev                                             ┆                                   ┆ 4.33         ┆ hd590300_2           ┆ conda-forge      ┆  110.12 
#16 309.1  │ │ KiB │
#16 309.1  │ │ │ libexpat                                          ┆                                   ┆ 2.7.5        ┆ hecca717_0           ┆ conda-forge      ┆   74.83 
#16 309.1  │ │ KiB │
#16 309.1  │ │ │ libffi                                            ┆                                   ┆ 3.5.2        ┆ h3435931_0           ┆ conda-forge      ┆   57.22 
#16 309.1  │ │ KiB │
#16 309.1  │ │ │ libgcc                                            ┆                                   ┆ 15.2.0       ┆ he0feb66_18          ┆ conda-forge      ┆ 1017.37 
#16 309.1  │ │ KiB │
#16 309.1  │ │ │ libgcc-devel_linux-64                             ┆                                   ┆ 15.2.0       ┆ hcc6f6b0_118         ┆ conda-forge      ┆    2.94 
#16 309.1  │ │ MiB │
#16 309.1  │ │ │ libgcc-ng                                         ┆                                   ┆ 15.2.0       ┆ h69a702a_18          ┆ conda-forge      ┆   26.88 
#16 309.1  │ │ KiB │
#16 309.1  │ │ │ libgfortran                                       ┆                                   ┆ 15.2.0       ┆ h69a702a_18          ┆ conda-forge      ┆   26.88 
#16 309.1  │ │ KiB │
#16 309.1  │ │ │ libgfortran5                                      ┆                                   ┆ 15.2.0       ┆ h68bc16d_18          ┆ conda-forge      ┆    2.37 
#16 309.1  │ │ MiB │
#16 309.1  │ │ │ libgomp                                           ┆                                   ┆ 15.2.0       ┆ he0feb66_18          ┆ conda-forge      ┆  589.12 
#16 309.1  │ │ KiB │
#16 309.1  │ │ │ libiconv                                          ┆                                   ┆ 1.18         ┆ h3b78370_2           ┆ conda-forge      ┆  771.66 
#16 309.1  │ │ KiB │
#16 309.1  │ │ │ liblapack                                         ┆                                   ┆ 3.11.0       ┆ 6_h47877c9_openblas  ┆ conda-forge      ┆   18.19 
#16 309.1  │ │ KiB │
#16 309.1  │ │ │ liblzma                                           ┆                                   ┆ 5.8.3        ┆ hb03c661_0           ┆ conda-forge      ┆  110.82 
#16 309.1  │ │ KiB │
#16 309.1  │ │ │ libnghttp2                                        ┆                                   ┆ 1.68.1       ┆ h877daf1_0           ┆ conda-forge      ┆  647.80 
#16 309.1  │ │ KiB │
#16 309.1  │ │ │ libnsl                                            ┆                                   ┆ 2.0.1        ┆ hb9d3cd8_1           ┆ conda-forge      ┆   32.94 
#16 309.1  │ │ KiB │
#16 309.1  │ │ │ libopenblas                                       ┆                                   ┆ 0.3.32       ┆ pthreads_h94d23a6_0  ┆ conda-forge      ┆    5.65 
#16 309.1  │ │ MiB │
#16 309.1  │ │ │ libsanitizer                                      ┆                                   ┆ 15.2.0       ┆ h90f66d4_18          ┆ conda-forge      ┆    7.72 
#16 309.1  │ │ MiB │
#16 309.1  │ │ │ libsqlite                                         ┆                                   ┆ 3.53.0       ┆ hf4e2dac_0           ┆ conda-forge      ┆  936.39 
#16 309.1  │ │ KiB │
#16 309.1  │ │ │ libssh2                                           ┆                                   ┆ 1.11.1       ┆ hcf80075_0           ┆ conda-forge      ┆  297.65 
#16 309.1  │ │ KiB │
#16 309.1  │ │ │ libstdcxx                                         ┆                                   ┆ 15.2.0       ┆ h934c35e_18          ┆ conda-forge      ┆    5.58 
#16 309.1  │ │ MiB │
#16 309.1  │ │ │ libstdcxx-devel_linux-64                          ┆                                   ┆ 15.2.0       ┆ hd446a21_118         ┆ conda-forge      ┆   19.71 
#16 309.1  │ │ MiB │
#16 309.1  │ │ │ libstdcxx-ng                                      ┆                                   ┆ 15.2.0       ┆ hdf11a46_18          ┆ conda-forge      ┆   26.93 
#16 309.1  │ │ KiB │
#16 309.1  │ │ │ liburcu                                           ┆                                   ┆ 0.14.0       ┆ hac33072_0           ┆ conda-forge      ┆  172.73 
#16 309.1  │ │ KiB │
#16 309.1  │ │ │ libuuid                                           ┆                                   ┆ 2.42         ┆ h5347b49_0           ┆ conda-forge      ┆   39.35 
#16 309.1  │ │ KiB │
#16 309.1  │ │ │ libuv                                             ┆                                   ┆ 1.51.0       ┆ hb03c661_1           ┆ conda-forge      ┆  874.13 
#16 309.1  │ │ KiB │
#16 309.1  │ │ │ libxcrypt                                         ┆                                   ┆ 4.4.36       ┆ hd590300_1           ┆ conda-forge      ┆   98.04 
#16 309.1  │ │ KiB │
#16 309.1  │ │ │ libzlib                                           ┆                                   ┆ 1.3.2        ┆ h25fd6f3_2           ┆ conda-forge      ┆   62.14 
#16 309.1  │ │ KiB │
#16 309.1  │ │ │ lttng-ust                                         ┆                                   ┆ 2.13.9       ┆ hf5eda4c_0           ┆ conda-forge      ┆  366.56 
#16 309.1  │ │ KiB │
#16 309.1  │ │ │ mccabe                                            ┆                                   ┆ 0.7.0        ┆ pyhd8ed1ab_1         ┆ conda-forge      ┆   12.63 
#16 309.1  │ │ KiB │
#16 309.1  │ │ │ ncurses                                           ┆                                   ┆ 6.6          ┆ hdb14827_0           ┆ conda-forge      ┆  897.42 
#16 309.1  │ │ KiB │
#16 309.1  │ │ │ numpy                                             ┆                                   ┆ 2.4.3        ┆ py312h33ff503_0      ┆ conda-forge      ┆    8.35 
#16 309.1  │ │ MiB │
#16 309.1  │ │ │ openssl                                           ┆                                   ┆ 3.6.2        ┆ h35e630c_0           ┆ conda-forge      ┆    3.02 
#16 309.1  │ │ MiB │
#16 309.1  │ │ │ packaging                                         ┆                                   ┆ 26.2         ┆ pyhc364b38_0         ┆ conda-forge      ┆   89.43 
#16 309.1  │ │ KiB │
#16 309.1  │ │ │ pcre                                              ┆                                   ┆ 8.45         ┆ h9c3ff4c_0           ┆ conda-forge      ┆  253.30 
#16 309.1  │ │ KiB │
#16 309.1  │ │ │ pcre2                                             ┆                                   ┆ 10.47        ┆ haa7fec5_0           ┆ conda-forge      ┆    1.17 
#16 309.1  │ │ MiB │
#16 309.1  │ │ │ perl                                              ┆                                   ┆ 5.32.1       ┆ 7_hd590300_perl5     ┆ conda-forge      ┆   12.73 
#16 309.1  │ │ MiB │
#16 309.1  │ │ │ pkg-config                                        ┆                                   ┆ 0.29.2       ┆ h4bc722e_1009        ┆ conda-forge      ┆  112.48 
#16 309.1  │ │ KiB │
#16 309.1  │ │ │ pycodestyle                                       ┆                                   ┆ 2.14.0       ┆ pyhd8ed1ab_0         ┆ conda-forge      ┆   34.36 
#16 309.1  │ │ KiB │
#16 309.1  │ │ │ pydocstyle                                        ┆                                   ┆ 6.3.0        ┆ pyhd8ed1ab_1         ┆ conda-forge      ┆   39.29 
#16 309.1  │ │ KiB │
#16 309.1  │ │ │ pyflakes                                          ┆                                   ┆ 3.4.0        ┆ pyhd8ed1ab_0         ┆ conda-forge      ┆   58.20 
#16 309.1  │ │ KiB │
#16 309.1  │ │ │ pygments                                          ┆                                   ┆ 2.20.0       ┆ pyhd8ed1ab_0         ┆ conda-forge      ┆  872.10 
#16 309.1  │ │ KiB │
#16 309.1  │ │ │ pyparsing                                         ┆                                   ┆ 3.3.2        ┆ pyhcf101f3_0         ┆ conda-forge      ┆  108.29 
#16 309.1  │ │ KiB │
#16 309.1  │ │ │ python-dateutil                                   ┆                                   ┆ 2.9.0.post0  ┆ pyhe01879c_2         ┆ conda-forge      ┆  227.84 
#16 309.1  │ │ KiB │
#16 309.1  │ │ │ python_abi                                        ┆                                   ┆ 3.12         ┆ 8_cp312              ┆ conda-forge      ┆    6.79 
#16 309.1  │ │ KiB │
#16 309.1  │ │ │ pyyaml                                            ┆                                   ┆ 6.0.3        ┆ py312h8a5da7c_1      ┆ conda-forge      ┆  193.65 
#16 309.1  │ │ KiB │
#16 309.1  │ │ │ readline                                          ┆                                   ┆ 8.3          ┆ h853b02a_0           ┆ conda-forge      ┆  336.99 
#16 309.1  │ │ KiB │
#16 309.1  │ │ │ rhash                                             ┆                                   ┆ 1.4.6        ┆ hb9d3cd8_1           ┆ conda-forge      ┆  189.23 
#16 309.1  │ │ KiB │
#16 309.1  │ │ │ ros-kilted-action-msgs                            ┆                                   ┆ 2.3.1        ┆ np2py312h2ed9cc7_17  ┆ robostack-kilted ┆  150.07 
#16 309.1  │ │ KiB │
#16 309.1  │ │ │ ros-kilted-ament-cmake                            ┆                                   ┆ 2.7.5        ┆ np2py312h2ed9cc7_17  ┆ robostack-kilted ┆   22.73 
#16 309.1  │ │ KiB │
#16 309.1  │ │ │ ros-kilted-ament-cmake-core                       ┆                                   ┆ 2.7.5        ┆ np2py312h2ed9cc7_17  ┆ robostack-kilted ┆   43.98 
#16 309.1  │ │ KiB │
#16 309.1  │ │ │ ros-kilted-ament-cmake-cppcheck                   ┆                                   ┆ 0.19.2       ┆ np2py312h2ed9cc7_17  ┆ robostack-kilted ┆   23.89 
#16 309.1  │ │ KiB │
#16 309.1  │ │ │ ros-kilted-ament-cmake-cpplint                    ┆                                   ┆ 0.19.2       ┆ np2py312h2ed9cc7_17  ┆ robostack-kilted ┆   22.76 
#16 309.1  │ │ KiB │
#16 309.1  │ │ │ ros-kilted-ament-cmake-export-definitions         ┆                                   ┆ 2.7.5        ┆ np2py312h2ed9cc7_17  ┆ robostack-kilted ┆   21.48 
#16 309.1  │ │ KiB │
#16 309.1  │ │ │ ros-kilted-ament-cmake-export-dependencies        ┆                                   ┆ 2.7.5        ┆ np2py312h2ed9cc7_17  ┆ robostack-kilted ┆   22.41 
#16 309.1  │ │ KiB │
#16 309.1  │ │ │ ros-kilted-ament-cmake-export-include-directories ┆                                   ┆ 2.7.5        ┆ np2py312h2ed9cc7_17  ┆ robostack-kilted ┆   21.91 
#16 309.1  │ │ KiB │
#16 309.1  │ │ │ ros-kilted-ament-cmake-export-interfaces          ┆                                   ┆ 2.7.5        ┆ np2py312h2ed9cc7_17  ┆ robostack-kilted ┆   22.11 
#16 309.1  │ │ KiB │
#16 309.1  │ │ │ ros-kilted-ament-cmake-export-libraries           ┆                                   ┆ 2.7.5        ┆ np2py312h2ed9cc7_17  ┆ robostack-kilted ┆   23.39 
#16 309.1  │ │ KiB │
#16 309.1  │ │ │ ros-kilted-ament-cmake-export-link-flags          ┆                                   ┆ 2.7.5        ┆ np2py312h2ed9cc7_17  ┆ robostack-kilted ┆   21.45 
#16 309.1  │ │ KiB │
#16 309.1  │ │ │ ros-kilted-ament-cmake-export-targets             ┆                                   ┆ 2.7.5        ┆ np2py312h2ed9cc7_17  ┆ robostack-kilted ┆   22.26 
#16 309.1  │ │ KiB │
#16 309.1  │ │ │ ros-kilted-ament-cmake-flake8                     ┆                                   ┆ 0.19.2       ┆ np2py312h2ed9cc7_17  ┆ robostack-kilted ┆   23.73 
#16 309.1  │ │ KiB │
#16 309.1  │ │ │ ros-kilted-ament-cmake-gen-version-h              ┆                                   ┆ 2.7.5        ┆ np2py312h2ed9cc7_17  ┆ robostack-kilted ┆   24.16 
#16 309.1  │ │ KiB │
#16 309.1  │ │ │ ros-kilted-ament-cmake-include-directories        ┆                                   ┆ 2.7.5        ┆ np2py312h2ed9cc7_17  ┆ robostack-kilted ┆   21.36 
#16 309.1  │ │ KiB │
#16 309.1  │ │ │ ros-kilted-ament-cmake-libraries                  ┆                                   ┆ 2.7.5        ┆ np2py312h2ed9cc7_17  ┆ robostack-kilted ┆   21.06 
#16 309.2  │ │ KiB │
#16 309.2  │ │ │ ros-kilted-ament-cmake-pep257                     ┆                                   ┆ 0.19.2       ┆ np2py312h2ed9cc7_17  ┆ robostack-kilted ┆   22.58 
#16 309.2  │ │ KiB │
#16 309.2  │ │ │ ros-kilted-ament-cmake-python                     ┆                                   ┆ 2.7.5        ┆ np2py312h2ed9cc7_17  ┆ robostack-kilted ┆   23.55 
#16 309.2  │ │ KiB │
#16 309.2  │ │ │ ros-kilted-ament-cmake-ros-core                   ┆                                   ┆ 0.14.7       ┆ np2py312h2ed9cc7_17  ┆ robostack-kilted ┆   26.39 
#16 309.2  │ │ KiB │
#16 309.2  │ │ │ ros-kilted-ament-cmake-target-dependencies        ┆                                   ┆ 2.7.5        ┆ np2py312h2ed9cc7_17  ┆ robostack-kilted ┆   23.29 
#16 309.2  │ │ KiB │
#16 309.2  │ │ │ ros-kilted-ament-cmake-test                       ┆                                   ┆ 2.7.5        ┆ np2py312h2ed9cc7_17  ┆ robostack-kilted ┆   35.17 
#16 309.2  │ │ KiB │
#16 309.2  │ │ │ ros-kilted-ament-cmake-uncrustify                 ┆                                   ┆ 0.19.2       ┆ np2py312h2ed9cc7_17  ┆ robostack-kilted ┆   23.12 
#16 309.2  │ │ KiB │
#16 309.2  │ │ │ ros-kilted-ament-cmake-version                    ┆                                   ┆ 2.7.5        ┆ np2py312h2ed9cc7_17  ┆ robostack-kilted ┆   21.24 
#16 309.2  │ │ KiB │
#16 309.2  │ │ │ ros-kilted-ament-cppcheck                         ┆                                   ┆ 0.19.2       ┆ np2py312h2ed9cc7_17  ┆ robostack-kilted ┆   29.34 
#16 309.2  │ │ KiB │
#16 309.2  │ │ │ ros-kilted-ament-cpplint                          ┆                                   ┆ 0.19.2       ┆ np2py312h2ed9cc7_17  ┆ robostack-kilted ┆  165.26 
#16 309.2  │ │ KiB │
#16 309.2  │ │ │ ros-kilted-ament-flake8                           ┆                                   ┆ 0.19.2       ┆ np2py312h2ed9cc7_17  ┆ robostack-kilted ┆   27.55 
#16 309.2  │ │ KiB │
#16 309.2  │ │ │ ros-kilted-ament-index-cpp                        ┆                                   ┆ 1.11.3       ┆ np2py312h2ed9cc7_17  ┆ robostack-kilted ┆   51.11 
#16 309.2  │ │ KiB │
#16 309.2  │ │ │ ros-kilted-ament-index-python                     ┆                                   ┆ 1.11.3       ┆ np2py312h2ed9cc7_17  ┆ robostack-kilted ┆   29.79 
#16 309.2  │ │ KiB │
#16 309.2  │ │ │ ros-kilted-ament-lint                             ┆                                   ┆ 0.19.2       ┆ np2py312h2ed9cc7_17  ┆ robostack-kilted ┆   17.04 
#16 309.2  │ │ KiB │
#16 309.2  │ │ │ ros-kilted-ament-package                          ┆                                   ┆ 0.17.2       ┆ np2py312h2ed9cc7_17  ┆ robostack-kilted ┆   41.83 
#16 309.2  │ │ KiB │
#16 309.2  │ │ │ ros-kilted-ament-pep257                           ┆                                   ┆ 0.19.2       ┆ np2py312h2ed9cc7_17  ┆ robostack-kilted ┆   26.22 
#16 309.2  │ │ KiB │
#16 309.2  │ │ │ ros-kilted-ament-uncrustify                       ┆                                   ┆ 0.19.2       ┆ np2py312h2ed9cc7_17  ┆ robostack-kilted ┆   66.74 
#16 309.2  │ │ KiB │
#16 309.2  │ │ │ ros-kilted-builtin-interfaces                     ┆                                   ┆ 2.3.1        ┆ np2py312h2ed9cc7_17  ┆ robostack-kilted ┆   78.56 
#16 309.2  │ │ KiB │
#16 309.2  │ │ │ ros-kilted-class-loader                           ┆                                   ┆ 2.8.1        ┆ np2py312h2ed9cc7_17  ┆ robostack-kilted ┆   73.28 
#16 309.2  │ │ KiB │
#16 309.2  │ │ │ ros-kilted-composition-interfaces                 ┆                                   ┆ 2.3.1        ┆ np2py312h2ed9cc7_17  ┆ robostack-kilted ┆  222.14 
#16 309.2  │ │ KiB │
#16 309.2  │ │ │ ros-kilted-console-bridge-vendor                  ┆                                   ┆ 1.8.0        ┆ np2py312h2ed9cc7_17  ┆ robostack-kilted ┆   27.22 
#16 309.2  │ │ KiB │
#16 309.2  │ │ │ ros-kilted-cyclonedds                             ┆                                   ┆ 0.10.5       ┆ np2py312h2ed9cc7_17  ┆ robostack-kilted ┆    1.14 
#16 309.2  │ │ MiB │
#16 309.2  │ │ │ ros-kilted-fastcdr                                ┆                                   ┆ 2.3.5        ┆ np2py312h2ed9cc7_17  ┆ robostack-kilted ┆   87.44 
#16 309.2  │ │ KiB │
#16 309.2  │ │ │ ros-kilted-fastdds                                ┆                                   ┆ 3.2.3        ┆ np2py312h2ed9cc7_17  ┆ robostack-kilted ┆    4.82 
#16 309.2  │ │ MiB │
#16 309.2  │ │ │ ros-kilted-foonathan-memory-vendor                ┆                                   ┆ 1.3.1        ┆ np2py312h2ed9cc7_17  ┆ robostack-kilted ┆   18.91 
#16 309.2  │ │ KiB │
#16 309.2  │ │ │ ros-kilted-iceoryx-binding-c                      ┆                                   ┆ 2.0.5        ┆ np2py312h2ed9cc7_17  ┆ robostack-kilted ┆   90.85 
#16 309.2  │ │ KiB │
#16 309.2  │ │ │ ros-kilted-iceoryx-hoofs                          ┆                                   ┆ 2.0.5        ┆ np2py312h2ed9cc7_17  ┆ robostack-kilted ┆  257.68 
#16 309.2  │ │ KiB │
#16 309.2  │ │ │ ros-kilted-iceoryx-posh                           ┆                                   ┆ 2.0.5        ┆ np2py312h2ed9cc7_17  ┆ robostack-kilted ┆  560.52 
#16 309.2  │ │ KiB │
#16 309.2  │ │ │ ros-kilted-libstatistics-collector                ┆                                   ┆ 2.0.1        ┆ np2py312h2ed9cc7_17  ┆ robostack-kilted ┆   57.26 
#16 309.2  │ │ KiB │
#16 309.2  │ │ │ ros-kilted-libyaml-vendor                         ┆                                   ┆ 1.7.1        ┆ np2py312h2ed9cc7_17  ┆ robostack-kilted ┆   29.14 
#16 309.2  │ │ KiB │
#16 309.2  │ │ │ ros-kilted-lifecycle-msgs                         ┆                                   ┆ 2.3.1        ┆ np2py312h2ed9cc7_17  ┆ robostack-kilted ┆  265.29 
#16 309.2  │ │ KiB │
#16 309.2  │ │ │ ros-kilted-message-filters                        ┆                                   ┆ 7.1.6        ┆ np2py312h2ed9cc7_17  ┆ robostack-kilted ┆   86.80 
#16 309.2  │ │ KiB │
#16 309.2  │ │ │ ros-kilted-rcl                                    ┆                                   ┆ 10.1.4       ┆ np2py312h2ed9cc7_17  ┆ robostack-kilted ┆  195.64 
#16 309.2  │ │ KiB │
#16 309.2  │ │ │ ros-kilted-rcl-action                             ┆                                   ┆ 10.1.4       ┆ np2py312h2ed9cc7_17  ┆ robostack-kilted ┆   80.42 
#16 309.2  │ │ KiB │
#16 309.2  │ │ │ ros-kilted-rcl-interfaces                         ┆                                   ┆ 2.3.1        ┆ np2py312h2ed9cc7_17  ┆ robostack-kilted ┆  565.68 
#16 309.2  │ │ KiB │
#16 309.2  │ │ │ ros-kilted-rcl-lifecycle                          ┆                                   ┆ 10.1.4       ┆ np2py312h2ed9cc7_17  ┆ robostack-kilted ┆   57.92 
#16 309.2  │ │ KiB │
#16 309.2  │ │ │ ros-kilted-rcl-logging-interface                  ┆                                   ┆ 3.2.4        ┆ np2py312h2ed9cc7_17  ┆ robostack-kilted ┆   35.68 
#16 309.2  │ │ KiB │
#16 309.2  │ │ │ ros-kilted-rcl-logging-spdlog                     ┆                                   ┆ 3.2.4        ┆ np2py312h918b84f_17  ┆ robostack-kilted ┆   46.12 
#16 309.2  │ │ KiB │
#16 309.2  │ │ │ ros-kilted-rcl-yaml-param-parser                  ┆                                   ┆ 10.1.4       ┆ np2py312h2ed9cc7_17  ┆ robostack-kilted ┆   51.15 
#16 309.2  │ │ KiB │
#16 309.2  │ │ │ ros-kilted-rclcpp                                 ┆                                   ┆ 29.5.7       ┆ np2py312h2ed9cc7_17  ┆ robostack-kilted ┆    1.04 
#16 309.2  │ │ MiB │
#16 309.2  │ │ │ ros-kilted-rclcpp-action                          ┆                                   ┆ 29.5.7       ┆ np2py312h2ed9cc7_17  ┆ robostack-kilted ┆  150.67 
#16 309.2  │ │ KiB │
#16 309.2  │ │ │ ros-kilted-rclcpp-components                      ┆                                   ┆ 29.5.7       ┆ np2py312h2ed9cc7_17  ┆ robostack-kilted ┆  137.96 
#16 309.2  │ │ KiB │
#16 309.2  │ │ │ ros-kilted-rcpputils                              ┆                                   ┆ 2.13.5       ┆ np2py312h2ed9cc7_17  ┆ robostack-kilted ┆   79.27 
#16 309.2  │ │ KiB │
#16 309.2  │ │ │ ros-kilted-rcutils                                ┆                                   ┆ 6.9.10       ┆ np2py312h2ed9cc7_17  ┆ robostack-kilted ┆  121.88 
#16 309.2  │ │ KiB │
#16 309.2  │ │ │ ros-kilted-rmw                                    ┆                                   ┆ 7.8.2        ┆ np2py312h2ed9cc7_17  ┆ robostack-kilted ┆   94.45 
#16 309.2  │ │ KiB │
#16 309.2  │ │ │ ros-kilted-rmw-connextdds                         ┆                                   ┆ 1.1.1        ┆ np2py312h2ed9cc7_17  ┆ robostack-kilted ┆   30.19 
#16 309.2  │ │ KiB │
#16 309.2  │ │ │ ros-kilted-rmw-connextdds-common                  ┆                                   ┆ 1.1.1        ┆ np2py312h2ed9cc7_17  ┆ robostack-kilted ┆   52.90 
#16 309.2  │ │ KiB │
#16 309.2  │ │ │ ros-kilted-rmw-cyclonedds-cpp                     ┆                                   ┆ 4.0.2        ┆ np2py312h2ed9cc7_17  ┆ robostack-kilted ┆  255.17 
#16 309.2  │ │ KiB │
#16 309.2  │ │ │ ros-kilted-rmw-dds-common                         ┆                                   ┆ 5.0.0        ┆ np2py312h2ed9cc7_17  ┆ robostack-kilted ┆  164.50 
#16 309.2  │ │ KiB │
#16 309.2  │ │ │ ros-kilted-rmw-fastrtps-cpp                       ┆                                   ┆ 9.3.3        ┆ np2py312h2ed9cc7_17  ┆ robostack-kilted ┆  150.95 
#16 309.2  │ │ KiB │
#16 309.2  │ │ │ ros-kilted-rmw-fastrtps-dynamic-cpp               ┆                                   ┆ 9.3.3        ┆ np2py312h2ed9cc7_17  ┆ robostack-kilted ┆  172.93 
#16 309.2  │ │ KiB │
#16 309.2  │ │ │ ros-kilted-rmw-fastrtps-shared-cpp                ┆                                   ┆ 9.3.3        ┆ np2py312h2ed9cc7_17  ┆ robostack-kilted ┆  226.52 
#16 309.2  │ │ KiB │
#16 309.2  │ │ │ ros-kilted-rmw-implementation                     ┆                                   ┆ 3.0.6        ┆ np2py312h2ed9cc7_17  ┆ robostack-kilted ┆   52.26 
#16 309.2  │ │ KiB │
#16 309.2  │ │ │ ros-kilted-rmw-implementation-cmake               ┆                                   ┆ 7.8.2        ┆ np2py312h2ed9cc7_17  ┆ robostack-kilted ┆   28.94 
#16 309.2  │ │ KiB │
#16 309.2  │ │ │ ros-kilted-rmw-security-common                    ┆                                   ┆ 7.8.2        ┆ np2py312h2ed9cc7_17  ┆ robostack-kilted ┆   50.05 
#16 309.2  │ │ KiB │
#16 309.2  │ │ │ ros-kilted-ros-environment                        ┆                                   ┆ 4.3.1        ┆ np2py312h2ed9cc7_17  ┆ robostack-kilted ┆   20.85 
#16 309.2  │ │ KiB │
#16 309.2  │ │ │ ros-kilted-rosgraph-msgs                          ┆                                   ┆ 2.3.1        ┆ np2py312h2ed9cc7_17  ┆ robostack-kilted ┆   70.44 
#16 309.2  │ │ KiB │
#16 309.2  │ │ │ ros-kilted-rosidl-adapter                         ┆                                   ┆ 4.9.6        ┆ np2py312h2ed9cc7_17  ┆ robostack-kilted ┆   66.46 
#16 309.2  │ │ KiB │
#16 309.2  │ │ │ ros-kilted-rosidl-cli                             ┆                                   ┆ 4.9.6        ┆ np2py312h2ed9cc7_17  ┆ robostack-kilted ┆   45.24 
#16 309.2  │ │ KiB │
#16 309.2  │ │ │ ros-kilted-rosidl-cmake                           ┆                                   ┆ 4.9.6        ┆ np2py312h2ed9cc7_17  ┆ robostack-kilted ┆   35.50 
#16 309.2  │ │ KiB │
#16 309.2  │ │ │ ros-kilted-rosidl-core-runtime                    ┆                                   ┆ 0.3.2        ┆ np2py312h2ed9cc7_17  ┆ robostack-kilted ┆   29.33 
#16 309.2  │ │ KiB │
#16 309.2  │ │ │ ros-kilted-rosidl-default-runtime                 ┆                                   ┆ 1.7.2        ┆ np2py312h2ed9cc7_17  ┆ robostack-kilted ┆   29.88 
#16 309.2  │ │ KiB │
#16 309.2  │ │ │ ros-kilted-rosidl-dynamic-typesupport             ┆                                   ┆ 0.3.1        ┆ np2py312h2ed9cc7_17  ┆ robostack-kilted ┆   59.43 
#16 309.2  │ │ KiB │
#16 309.2  │ │ │ ros-kilted-rosidl-dynamic-typesupport-fastrtps    ┆                                   ┆ 0.4.2        ┆ np2py312h2ed9cc7_17  ┆ robostack-kilted ┆   80.90 
#16 309.2  │ │ KiB │
#16 309.2  │ │ │ ros-kilted-rosidl-generator-c                     ┆                                   ┆ 4.9.6        ┆ np2py312h2ed9cc7_17  ┆ robostack-kilted ┆   50.87 
#16 309.2  │ │ KiB │
#16 309.2  │ │ │ ros-kilted-rosidl-generator-cpp                   ┆                                   ┆ 4.9.6        ┆ np2py312h2ed9cc7_17  ┆ robostack-kilted ┆   49.20 
#16 309.2  │ │ KiB │
#16 309.2  │ │ │ ros-kilted-rosidl-generator-py                    ┆                                   ┆ 0.24.2       ┆ np2py312h2ed9cc7_17  ┆ robostack-kilted ┆   58.46 
#16 309.2  │ │ KiB │
#16 309.2  │ │ │ ros-kilted-rosidl-generator-rs                    ┆                                   ┆ 0.4.11       ┆ np2py312h2ed9cc7_17  ┆ robostack-kilted ┆   47.05 
#16 309.2  │ │ KiB │
#16 309.2  │ │ │ ros-kilted-rosidl-generator-type-description      ┆                                   ┆ 4.9.6        ┆ np2py312h2ed9cc7_17  ┆ robostack-kilted ┆   45.90 
#16 309.2  │ │ KiB │
#16 309.2  │ │ │ ros-kilted-rosidl-parser                          ┆                                   ┆ 4.9.6        ┆ np2py312h2ed9cc7_17  ┆ robostack-kilted ┆   64.65 
#16 309.2  │ │ KiB │
#16 309.2  │ │ │ ros-kilted-rosidl-pycommon                        ┆                                   ┆ 4.9.6        ┆ np2py312h2ed9cc7_17  ┆ robostack-kilted ┆   26.21 
#16 309.2  │ │ KiB │
#16 309.2  │ │ │ ros-kilted-rosidl-runtime-c                       ┆                                   ┆ 4.9.6        ┆ np2py312h2ed9cc7_17  ┆ robostack-kilted ┆   80.85 
#16 309.2  │ │ KiB │
#16 309.2  │ │ │ ros-kilted-rosidl-runtime-cpp                     ┆                                   ┆ 4.9.6        ┆ np2py312h2ed9cc7_17  ┆ robostack-kilted ┆   40.18 
#16 309.2  │ │ KiB │
#16 309.2  │ │ │ ros-kilted-rosidl-typesupport-c                   ┆                                   ┆ 3.3.3        ┆ np2py312h2ed9cc7_17  ┆ robostack-kilted ┆   49.61 
#16 309.2  │ │ KiB │
#16 309.2  │ │ │ ros-kilted-rosidl-typesupport-cpp                 ┆                                   ┆ 3.3.3        ┆ np2py312h2ed9cc7_17  ┆ robostack-kilted ┆   48.76 
#16 309.2  │ │ KiB │
#16 309.2  │ │ │ ros-kilted-rosidl-typesupport-fastrtps-c          ┆                                   ┆ 3.8.2        ┆ np2py312h2ed9cc7_17  ┆ robostack-kilted ┆   50.31 
#16 309.2  │ │ KiB │
#16 309.2  │ │ │ ros-kilted-rosidl-typesupport-fastrtps-cpp        ┆                                   ┆ 3.8.2        ┆ np2py312h2ed9cc7_17  ┆ robostack-kilted ┆   52.32 
#16 309.2  │ │ KiB │
#16 309.2  │ │ │ ros-kilted-rosidl-typesupport-interface           ┆                                   ┆ 4.9.6        ┆ np2py312h2ed9cc7_17  ┆ robostack-kilted ┆   28.82 
#16 309.2  │ │ KiB │
#16 309.2  │ │ │ ros-kilted-rosidl-typesupport-introspection-c     ┆                                   ┆ 4.9.6        ┆ np2py312h2ed9cc7_17  ┆ robostack-kilted ┆   45.99 
#16 309.2  │ │ KiB │
#16 309.2  │ │ │ ros-kilted-rosidl-typesupport-introspection-cpp   ┆                                   ┆ 4.9.6        ┆ np2py312h2ed9cc7_17  ┆ robostack-kilted ┆   46.24 
#16 309.2  │ │ KiB │
#16 309.2  │ │ │ ros-kilted-rpyutils                               ┆                                   ┆ 0.6.3        ┆ np2py312h2ed9cc7_17  ┆ robostack-kilted ┆   26.66 
#16 309.2  │ │ KiB │
#16 309.2  │ │ │ ros-kilted-rti-connext-dds-cmake-module           ┆                                   ┆ 1.1.1        ┆ np2py312h2ed9cc7_17  ┆ robostack-kilted ┆   31.05 
#16 309.2  │ │ KiB │
#16 309.2  │ │ │ ros-kilted-service-msgs                           ┆                                   ┆ 2.3.1        ┆ np2py312h2ed9cc7_17  ┆ robostack-kilted ┆   78.16 
#16 309.2  │ │ KiB │
#16 309.2  │ │ │ ros-kilted-spdlog-vendor                          ┆                                   ┆ 1.7.0        ┆ np2py312h918b84f_17  ┆ robostack-kilted ┆   26.88 
#16 309.2  │ │ KiB │
#16 309.2  │ │ │ ros-kilted-statistics-msgs                        ┆                                   ┆ 2.3.1        ┆ np2py312h2ed9cc7_17  ┆ robostack-kilted ┆  109.07 
#16 309.2  │ │ KiB │
#16 309.2  │ │ │ ros-kilted-std-msgs                               ┆                                   ┆ 5.5.2        ┆ np2py312h2ed9cc7_17  ┆ robostack-kilted ┆  337.96 
#16 309.2  │ │ KiB │
#16 309.2  │ │ │ ros-kilted-tf2                                    ┆                                   ┆ 0.41.6       ┆ np2py312h2ed9cc7_17  ┆ robostack-kilted ┆  133.66 
#16 309.2  │ │ KiB │
#16 309.2  │ │ │ ros-kilted-tf2-msgs                               ┆                                   ┆ 0.41.6       ┆ np2py312h2ed9cc7_17  ┆ robostack-kilted ┆  256.49 
#16 309.2  │ │ KiB │
#16 309.2  │ │ │ ros-kilted-tracetools                             ┆                                   ┆ 8.6.0        ┆ np2py312h2ed9cc7_17  ┆ robostack-kilted ┆   74.56 
#16 309.2  │ │ KiB │
#16 309.2  │ │ │ ros-kilted-type-description-interfaces            ┆                                   ┆ 2.3.1        ┆ np2py312h2ed9cc7_17  ┆ robostack-kilted ┆  233.30 
#16 309.2  │ │ KiB │
#16 309.2  │ │ │ ros-kilted-uncrustify-vendor                      ┆                                   ┆ 3.1.0        ┆ np2py312h2ed9cc7_17  ┆ robostack-kilted ┆   22.64 
#16 309.2  │ │ KiB │
#16 309.2  │ │ │ ros-kilted-unique-identifier-msgs                 ┆                                   ┆ 2.7.0        ┆ np2py312h2ed9cc7_17  ┆ robostack-kilted ┆   72.52 
#16 309.2  │ │ KiB │
#16 309.2  │ │ │ ros2-distro-mutex                                 ┆                                   ┆ 0.14.0       ┆ kilted_17            ┆ robostack-kilted ┆    2.32 
#16 309.2  │ │ KiB │
#16 309.2  │ │ │ six                                               ┆                                   ┆ 1.17.0       ┆ pyhe01879c_1         ┆ conda-forge      ┆   18.02 
#16 309.2  │ │ KiB │
#16 309.2  │ │ │ snowballstemmer                                   ┆                                   ┆ 3.0.1        ┆ pyhd8ed1ab_0         ┆ conda-forge      ┆   71.30 
#16 309.2  │ │ KiB │
#16 309.2  │ │ │ spdlog                                            ┆                                   ┆ 1.17.0       ┆ hab81395_1           ┆ conda-forge      ┆  192.07 
#16 309.2  │ │ KiB │
#16 309.2  │ │ │ sysroot_linux-64                                  ┆                                   ┆ 2.28         ┆ h4ee821c_9           ┆ conda-forge      ┆   22.90 
#16 309.2  │ │ MiB │
#16 309.2  │ │ │ tinyxml2                                          ┆                                   ┆ 11.0.0       ┆ h3f2d84a_0           ┆ conda-forge      ┆  128.27 
#16 309.2  │ │ KiB │
#16 309.2  │ │ │ tk                                                ┆                                   ┆ 8.6.13       ┆ noxft_h366c992_103   ┆ conda-forge      ┆    3.15 
#16 309.2  │ │ MiB │
#16 309.2  │ │ │ tomli                                             ┆                                   ┆ 2.4.1        ┆ pyhcf101f3_0         ┆ conda-forge      ┆   21.06 
#16 309.2  │ │ KiB │
#16 309.2  │ │ │ typing_extensions                                 ┆                                   ┆ 4.15.0       ┆ pyhcf101f3_0         ┆ conda-forge      ┆   50.48 
#16 309.2  │ │ KiB │
#16 309.2  │ │ │ tzdata                                            ┆                                   ┆ 2025c        ┆ hc9c84f9_1           ┆ conda-forge      ┆  116.34 
#16 309.2  │ │ KiB │
#16 309.2  │ │ │ uncrustify                                        ┆                                   ┆ 0.81.0       ┆ h54a6638_2           ┆ conda-forge      ┆  707.61 
#16 309.2  │ │ KiB │
#16 309.2  │ │ │ yaml                                              ┆                                   ┆ 0.2.5        ┆ h280c20c_3           ┆ conda-forge      ┆   83.19 
#16 309.2  │ │ KiB │
#16 309.2  │ │ │ yaml-cpp                                          ┆                                   ┆ 0.8.0        ┆ h3f2d84a_0           ┆ conda-forge      ┆  218.29 
#16 309.2  │ │ KiB │
#16 309.2  │ │ │ zipp                                              ┆                                   ┆ 3.23.1       ┆ pyhcf101f3_0         ┆ conda-forge      ┆   23.89 
#16 309.2  │ │ KiB │
#16 309.2  │ │ │ zstd                                              ┆                                   ┆ 1.5.7        ┆ hb78ec9c_6           ┆ conda-forge      ┆  587.28 
#16 309.2  │ │ KiB │
#16 309.2  │ │ ╰───────────────────────────────────────────────────┴───────────────────────────────────┴──────────────┴──────────────────────┴──────────────────┴─────────
#16 309.2  │ │ ────╯
#16 309.2  │ │ Resolved host dependencies(ros-kilted-aic-example-policies-0.0.1-hb0f4dca_0):
#16 309.2  │ │ ╭───────────────────────────────────────────────────┬──────────────────────────────────────────────┬──────────────┬──────────────────────┬─────────────────
#16 309.2  │ │ ─┬─────────────╮
#16 309.2  │ │ │ Package                                           ┆ Spec                                         ┆ Version      ┆ Build                ┆ Channel         
#16 309.2  │ │  ┆        Size │
#16 309.2  │ │ ╞═══════════════════════════════════════════════════╪══════════════════════════════════════════════╪══════════════╪══════════════════════╪═════════════════
#16 309.2  │ │ ═╪═════════════╡
#16 309.2  │ │ │ libgcc                                            ┆ libgcc >=15 (RE of [build: gcc_linux-64])    ┆ 15.2.0       ┆ he0feb66_18          ┆ conda-forge     
#16 309.2  │ │  ┆ 1017.37 KiB │
#16 309.2  │ │ │ libstdcxx                                         ┆ libstdcxx >=15 (RE of [build: gxx_linux-64]) ┆ 15.2.0       ┆ h934c35e_18          ┆ conda-forge     
#16 309.2  │ │  ┆    5.58 MiB │
#16 309.2  │ │ │ numpy                                             ┆ numpy                                        ┆ 2.4.3        ┆ py312h33ff503_0      ┆ conda-forge     
#16 309.2  │ │  ┆    8.35 MiB │
#16 309.2  │ │ │ pip                                               ┆ pip                                          ┆ 26.0.1       ┆ pyh8b19718_0         ┆ conda-forge     
#16 309.2  │ │  ┆    1.13 MiB │
#16 309.2  │ │ │ pkg-config                                        ┆ pkg-config                                   ┆ 0.29.2       ┆ h4bc722e_1009        ┆ conda-forge     
#16 309.2  │ │  ┆  112.48 KiB │
#16 309.2  │ │ │ python                                            ┆ python                                       ┆ 3.12.13      ┆ hd63d673_0_cpython   ┆ conda-forge     
#16 309.2  │ │  ┆   30.14 MiB │
#16 309.2  │ │ │ ros-kilted-aic-control-interfaces                 ┆ ros-kilted-aic-control-interfaces            ┆ 0.0.1        ┆ hb0f4dca_0           ┆                 
#16 309.2  │ │  ┆             │
#16 309.2  │ │ │ ros-kilted-aic-model                              ┆ ros-kilted-aic-model                         ┆ 0.0.1        ┆ hb0f4dca_0           ┆                 
#16 309.2  │ │  ┆             │
#16 309.2  │ │ │ ros-kilted-aic-model-interfaces                   ┆ ros-kilted-aic-model-interfaces              ┆ 0.0.1        ┆ hb0f4dca_0           ┆                 
#16 309.2  │ │  ┆             │
#16 309.2  │ │ │ ros-kilted-aic-task-interfaces                    ┆ ros-kilted-aic-task-interfaces               ┆ 0.0.1        ┆ hb0f4dca_0           ┆                 
#16 309.2  │ │  ┆             │
#16 309.2  │ │ │ ros-kilted-geometry-msgs                          ┆ ros-kilted-geometry-msgs                     ┆ 5.5.2        ┆ np2py312h2ed9cc7_17  ┆ robostack-kilted
#16 309.2  │ │  ┆  376.74 KiB │
#16 309.2  │ │ │ ros-kilted-rclpy                                  ┆ ros-kilted-rclpy                             ┆ 9.1.5        ┆ np2py312h2ed9cc7_17  ┆ robostack-kilted
#16 309.2  │ │  ┆  777.88 KiB │
#16 309.2  │ │ │ ros-kilted-ros-workspace                          ┆ ros-kilted-ros-workspace                     ┆ 1.0.3        ┆ np2py312h2ed9cc7_17  ┆ robostack-kilted
#16 309.2  │ │  ┆   34.44 KiB │
#16 309.2  │ │ │ ros-kilted-sensor-msgs                            ┆ ros-kilted-sensor-msgs                       ┆ 5.5.2        ┆ np2py312h2ed9cc7_17  ┆ robostack-kilted
#16 309.2  │ │  ┆  546.73 KiB │
#16 309.2  │ │ │ ros-kilted-std-srvs                               ┆ ros-kilted-std-srvs                          ┆ 5.5.2        ┆ np2py312h2ed9cc7_17  ┆ robostack-kilted
#16 309.2  │ │  ┆  166.86 KiB │
#16 309.2  │ │ │ ros-kilted-tf2-ros                                ┆ ros-kilted-tf2-ros                           ┆ 0.41.6       ┆ np2py312h2ed9cc7_17  ┆ robostack-kilted
#16 309.2  │ │  ┆  456.60 KiB │
#16 309.2  │ │ │ ros-kilted-trajectory-msgs                        ┆ ros-kilted-trajectory-msgs                   ┆ 5.5.2        ┆ np2py312h2ed9cc7_17  ┆ robostack-kilted
#16 309.2  │ │  ┆  148.10 KiB │
#16 309.2  │ │ │ ros2-distro-mutex                                 ┆ ros2-distro-mutex                            ┆ 0.14.0       ┆ kilted_17            ┆ robostack-kilted
#16 309.2  │ │  ┆    2.32 KiB │
#16 309.2  │ │ │ transforms3d                                      ┆ transforms3d                                 ┆ 0.4.2        ┆ pyhd8ed1ab_1         ┆ conda-forge     
#16 309.2  │ │  ┆    2.57 MiB │
#16 309.2  │ │ │ _openmp_mutex                                     ┆                                              ┆ 4.5          ┆ 20_gnu               ┆ conda-forge     
#16 309.2  │ │  ┆   28.27 KiB │
#16 309.2  │ │ │ argcomplete                                       ┆                                              ┆ 3.6.3        ┆ pyhd8ed1ab_0         ┆ conda-forge     
#16 309.2  │ │  ┆   41.39 KiB │
#16 309.2  │ │ │ attr                                              ┆                                              ┆ 2.5.2        ┆ hb03c661_1           ┆ conda-forge     
#16 309.2  │ │  ┆   30.65 KiB │
#16 309.2  │ │ │ bzip2                                             ┆                                              ┆ 1.0.8        ┆ hda65f42_9           ┆ conda-forge     
#16 309.2  │ │  ┆  254.08 KiB │
#16 309.2  │ │ │ c-ares                                            ┆                                              ┆ 1.34.6       ┆ hb03c661_0           ┆ conda-forge     
#16 309.2  │ │  ┆  203.01 KiB │
#16 309.2  │ │ │ ca-certificates                                   ┆                                              ┆ 2026.4.22    ┆ hbd8a1cb_0           ┆ conda-forge     
#16 309.2  │ │  ┆  127.97 KiB │
#16 309.2  │ │ │ catkin_pkg                                        ┆                                              ┆ 1.1.0        ┆ pyhd8ed1ab_0         ┆ conda-forge     
#16 309.2  │ │  ┆   52.84 KiB │
#16 309.2  │ │ │ cmake                                             ┆                                              ┆ 4.3.2        ┆ hc85cc9f_0           ┆ conda-forge     
#16 309.2  │ │  ┆   22.01 MiB │
#16 309.2  │ │ │ console_bridge                                    ┆                                              ┆ 1.0.2        ┆ h924138e_1           ┆ conda-forge     
#16 309.2  │ │  ┆   18.03 KiB │
#16 309.2  │ │ │ cppcheck                                          ┆                                              ┆ 2.20.1       ┆ py312h014360a_0      ┆ conda-forge     
#16 309.2  │ │  ┆    2.96 MiB │
#16 309.2  │ │ │ docutils                                          ┆                                              ┆ 0.22.4       ┆ pyhd8ed1ab_0         ┆ conda-forge     
#16 309.2  │ │  ┆  427.74 KiB │
#16 309.2  │ │ │ empy                                              ┆                                              ┆ 3.3.4        ┆ pyh9f0ad1d_1         ┆ conda-forge     
#16 309.2  │ │  ┆   39.27 KiB │
#16 309.2  │ │ │ flake8                                            ┆                                              ┆ 7.3.0        ┆ pyhd8ed1ab_0         ┆ conda-forge     
#16 309.2  │ │  ┆  109.29 KiB │
#16 309.2  │ │ │ flake8-builtins                                   ┆                                              ┆ 3.1.0        ┆ pyhd8ed1ab_0         ┆ conda-forge     
#16 309.2  │ │  ┆   19.04 KiB │
#16 309.2  │ │ │ flake8-comprehensions                             ┆                                              ┆ 3.17.0       ┆ pyhd8ed1ab_0         ┆ conda-forge     
#16 309.2  │ │  ┆   13.72 KiB │
#16 309.2  │ │ │ flake8-docstrings                                 ┆                                              ┆ 1.7.0        ┆ pyhd8ed1ab_0         ┆ conda-forge     
#16 309.2  │ │  ┆   10.15 KiB │
#16 309.2  │ │ │ flake8-import-order                               ┆                                              ┆ 0.19.2       ┆ pyhd8ed1ab_0         ┆ conda-forge     
#16 309.2  │ │  ┆   20.55 KiB │
#16 309.2  │ │ │ flake8-quotes                                     ┆                                              ┆ 3.4.0        ┆ pyhd8ed1ab_1         ┆ conda-forge     
#16 309.2  │ │  ┆   14.43 KiB │
#16 309.2  │ │ │ fmt                                               ┆                                              ┆ 12.1.0       ┆ hff5e90c_0           ┆ conda-forge     
#16 309.2  │ │  ┆  193.46 KiB │
#16 309.2  │ │ │ foonathan-memory                                  ┆                                              ┆ 0.7.3        ┆ h5888daf_1           ┆ conda-forge     
#16 309.2  │ │  ┆  221.81 KiB │
#16 309.2  │ │ │ icu                                               ┆                                              ┆ 78.3         ┆ h33c6efd_0           ┆ conda-forge     
#16 309.2  │ │  ┆   12.13 MiB │
#16 309.2  │ │ │ importlib-metadata                                ┆                                              ┆ 8.8.0        ┆ pyhcf101f3_0         ┆ conda-forge     
#16 309.2  │ │  ┆   33.58 KiB │
#16 309.2  │ │ │ importlib_resources                               ┆                                              ┆ 7.1.0        ┆ pyhd8ed1ab_0         ┆ conda-forge     
#16 309.2  │ │  ┆   33.99 KiB │
#16 309.2  │ │ │ keyutils                                          ┆                                              ┆ 1.6.3        ┆ hb9d3cd8_0           ┆ conda-forge     
#16 309.2  │ │  ┆  130.95 KiB │
#16 309.2  │ │ │ krb5                                              ┆                                              ┆ 1.22.2       ┆ ha1258a1_0           ┆ conda-forge     
#16 309.2  │ │  ┆    1.32 MiB │
#16 309.2  │ │ │ lark-parser                                       ┆                                              ┆ 0.12.0       ┆ pyhd8ed1ab_1         ┆ conda-forge     
#16 309.2  │ │  ┆   84.12 KiB │
#16 309.2  │ │ │ ld_impl_linux-64                                  ┆                                              ┆ 2.45.1       ┆ default_hbd61a6d_102 ┆ conda-forge     
#16 309.2  │ │  ┆  710.94 KiB │
#16 309.2  │ │ │ libacl                                            ┆                                              ┆ 2.3.2        ┆ h0f662aa_0           ┆ conda-forge     
#16 309.2  │ │  ┆  108.01 KiB │
#16 309.2  │ │ │ libattr                                           ┆                                              ┆ 2.5.2        ┆ hb03c661_1           ┆ conda-forge     
#16 309.2  │ │  ┆   52.07 KiB │
#16 309.2  │ │ │ libblas                                           ┆                                              ┆ 3.11.0       ┆ 6_h4a7cf45_openblas  ┆ conda-forge     
#16 309.2  │ │  ┆   18.18 KiB │
#16 309.2  │ │ │ libcblas                                          ┆                                              ┆ 3.11.0       ┆ 6_h0358290_openblas  ┆ conda-forge     
#16 309.2  │ │  ┆   18.19 KiB │
#16 309.2  │ │ │ libcurl                                           ┆                                              ┆ 8.19.0       ┆ hcf29cc6_0           ┆ conda-forge     
#16 309.2  │ │  ┆  455.77 KiB │
#16 309.2  │ │ │ libedit                                           ┆                                              ┆ 3.1.20250104 ┆ pl5321h7949ede_0     ┆ conda-forge     
#16 309.2  │ │  ┆  131.52 KiB │
#16 309.2  │ │ │ libev                                             ┆                                              ┆ 4.33         ┆ hd590300_2           ┆ conda-forge     
#16 309.2  │ │  ┆  110.12 KiB │
#16 309.2  │ │ │ libexpat                                          ┆                                              ┆ 2.7.5        ┆ hecca717_0           ┆ conda-forge     
#16 309.2  │ │  ┆   74.83 KiB │
#16 309.2  │ │ │ libffi                                            ┆                                              ┆ 3.5.2        ┆ h3435931_0           ┆ conda-forge     
#16 309.2  │ │  ┆   57.22 KiB │
#16 309.2  │ │ │ libgcc-ng                                         ┆                                              ┆ 15.2.0       ┆ h69a702a_18          ┆ conda-forge     
#16 309.2  │ │  ┆   26.88 KiB │
#16 309.2  │ │ │ libgfortran                                       ┆                                              ┆ 15.2.0       ┆ h69a702a_18          ┆ conda-forge     
#16 309.2  │ │  ┆   26.88 KiB │
#16 309.2  │ │ │ libgfortran5                                      ┆                                              ┆ 15.2.0       ┆ h68bc16d_18          ┆ conda-forge     
#16 309.2  │ │  ┆    2.37 MiB │
#16 309.2  │ │ │ libgomp                                           ┆                                              ┆ 15.2.0       ┆ he0feb66_18          ┆ conda-forge     
#16 309.2  │ │  ┆  589.12 KiB │
#16 309.2  │ │ │ liblapack                                         ┆                                              ┆ 3.11.0       ┆ 6_h47877c9_openblas  ┆ conda-forge     
#16 309.2  │ │  ┆   18.19 KiB │
#16 309.2  │ │ │ liblzma                                           ┆                                              ┆ 5.8.3        ┆ hb03c661_0           ┆ conda-forge     
#16 309.2  │ │  ┆  110.82 KiB │
#16 309.2  │ │ │ libnghttp2                                        ┆                                              ┆ 1.68.1       ┆ h877daf1_0           ┆ conda-forge     
#16 309.2  │ │  ┆  647.80 KiB │
#16 309.2  │ │ │ libnsl                                            ┆                                              ┆ 2.0.1        ┆ hb9d3cd8_1           ┆ conda-forge     
#16 309.2  │ │  ┆   32.94 KiB │
#16 309.2  │ │ │ libopenblas                                       ┆                                              ┆ 0.3.32       ┆ pthreads_h94d23a6_0  ┆ conda-forge     
#16 309.2  │ │  ┆    5.65 MiB │
#16 309.2  │ │ │ libsqlite                                         ┆                                              ┆ 3.53.0       ┆ hf4e2dac_0           ┆ conda-forge     
#16 309.2  │ │  ┆  936.39 KiB │
#16 309.2  │ │ │ libssh2                                           ┆                                              ┆ 1.11.1       ┆ hcf80075_0           ┆ conda-forge     
#16 309.2  │ │  ┆  297.65 KiB │
#16 309.2  │ │ │ libstdcxx-ng                                      ┆                                              ┆ 15.2.0       ┆ hdf11a46_18          ┆ conda-forge     
#16 309.2  │ │  ┆   26.93 KiB │
#16 309.2  │ │ │ liburcu                                           ┆                                              ┆ 0.14.0       ┆ hac33072_0           ┆ conda-forge     
#16 309.2  │ │  ┆  172.73 KiB │
#16 309.2  │ │ │ libuuid                                           ┆                                              ┆ 2.42         ┆ h5347b49_0           ┆ conda-forge     
#16 309.2  │ │  ┆   39.35 KiB │
#16 309.2  │ │ │ libuv                                             ┆                                              ┆ 1.51.0       ┆ hb03c661_1           ┆ conda-forge     
#16 309.2  │ │  ┆  874.13 KiB │
#16 309.2  │ │ │ libxcrypt                                         ┆                                              ┆ 4.4.36       ┆ hd590300_1           ┆ conda-forge     
#16 309.2  │ │  ┆   98.04 KiB │
#16 309.2  │ │ │ libzlib                                           ┆                                              ┆ 1.3.2        ┆ h25fd6f3_2           ┆ conda-forge     
#16 309.2  │ │  ┆   62.14 KiB │
#16 309.2  │ │ │ lttng-ust                                         ┆                                              ┆ 2.13.9       ┆ hf5eda4c_0           ┆ conda-forge     
#16 309.2  │ │  ┆  366.56 KiB │
#16 309.2  │ │ │ mccabe                                            ┆                                              ┆ 0.7.0        ┆ pyhd8ed1ab_1         ┆ conda-forge     
#16 309.2  │ │  ┆   12.63 KiB │
#16 309.2  │ │ │ ncurses                                           ┆                                              ┆ 6.6          ┆ hdb14827_0           ┆ conda-forge     
#16 309.2  │ │  ┆  897.42 KiB │
#16 309.2  │ │ │ openssl                                           ┆                                              ┆ 3.6.2        ┆ h35e630c_0           ┆ conda-forge     
#16 309.2  │ │  ┆    3.02 MiB │
#16 309.2  │ │ │ packaging                                         ┆                                              ┆ 26.2         ┆ pyhc364b38_0         ┆ conda-forge     
#16 309.2  │ │  ┆   89.43 KiB │
#16 309.2  │ │ │ pcre                                              ┆                                              ┆ 8.45         ┆ h9c3ff4c_0           ┆ conda-forge     
#16 309.2  │ │  ┆  253.30 KiB │
#16 309.2  │ │ │ pycodestyle                                       ┆                                              ┆ 2.14.0       ┆ pyhd8ed1ab_0         ┆ conda-forge     
#16 309.2  │ │  ┆   34.36 KiB │
#16 309.2  │ │ │ pydocstyle                                        ┆                                              ┆ 6.3.0        ┆ pyhd8ed1ab_1         ┆ conda-forge     
#16 309.2  │ │  ┆   39.29 KiB │
#16 309.2  │ │ │ pyflakes                                          ┆                                              ┆ 3.4.0        ┆ pyhd8ed1ab_0         ┆ conda-forge     
#16 309.2  │ │  ┆   58.20 KiB │
#16 309.2  │ │ │ pygments                                          ┆                                              ┆ 2.20.0       ┆ pyhd8ed1ab_0         ┆ conda-forge     
#16 309.2  │ │  ┆  872.10 KiB │
#16 309.2  │ │ │ pyparsing                                         ┆                                              ┆ 3.3.2        ┆ pyhcf101f3_0         ┆ conda-forge     
#16 309.2  │ │  ┆  108.29 KiB │
#16 309.2  │ │ │ python-dateutil                                   ┆                                              ┆ 2.9.0.post0  ┆ pyhe01879c_2         ┆ conda-forge     
#16 309.2  │ │  ┆  227.84 KiB │
#16 309.2  │ │ │ python_abi                                        ┆                                              ┆ 3.12         ┆ 8_cp312              ┆ conda-forge     
#16 309.2  │ │  ┆    6.79 KiB │
#16 309.2  │ │ │ pyyaml                                            ┆                                              ┆ 6.0.3        ┆ py312h8a5da7c_1      ┆ conda-forge     
#16 309.2  │ │  ┆  193.65 KiB │
#16 309.2  │ │ │ readline                                          ┆                                              ┆ 8.3          ┆ h853b02a_0           ┆ conda-forge     
#16 309.2  │ │  ┆  336.99 KiB │
#16 309.2  │ │ │ rhash                                             ┆                                              ┆ 1.4.6        ┆ hb9d3cd8_1           ┆ conda-forge     
#16 309.2  │ │  ┆  189.23 KiB │
#16 309.2  │ │ │ ros-kilted-action-msgs                            ┆                                              ┆ 2.3.1        ┆ np2py312h2ed9cc7_17  ┆ robostack-kilted
#16 309.2  │ │  ┆  150.07 KiB │
#16 309.2  │ │ │ ros-kilted-ament-cmake                            ┆                                              ┆ 2.7.5        ┆ np2py312h2ed9cc7_17  ┆ robostack-kilted
#16 309.2  │ │  ┆   22.73 KiB │
#16 309.2  │ │ │ ros-kilted-ament-cmake-core                       ┆                                              ┆ 2.7.5        ┆ np2py312h2ed9cc7_17  ┆ robostack-kilted
#16 309.2  │ │  ┆   43.98 KiB │
#16 309.2  │ │ │ ros-kilted-ament-cmake-cppcheck                   ┆                                              ┆ 0.19.2       ┆ np2py312h2ed9cc7_17  ┆ robostack-kilted
#16 309.2  │ │  ┆   23.89 KiB │
#16 309.2  │ │ │ ros-kilted-ament-cmake-cpplint                    ┆                                              ┆ 0.19.2       ┆ np2py312h2ed9cc7_17  ┆ robostack-kilted
#16 309.2  │ │  ┆   22.76 KiB │
#16 309.2  │ │ │ ros-kilted-ament-cmake-export-definitions         ┆                                              ┆ 2.7.5        ┆ np2py312h2ed9cc7_17  ┆ robostack-kilted
#16 309.2  │ │  ┆   21.48 KiB │
#16 309.2  │ │ │ ros-kilted-ament-cmake-export-dependencies        ┆                                              ┆ 2.7.5        ┆ np2py312h2ed9cc7_17  ┆ robostack-kilted
#16 309.2  │ │  ┆   22.41 KiB │
#16 309.2  │ │ │ ros-kilted-ament-cmake-export-include-directories ┆                                              ┆ 2.7.5        ┆ np2py312h2ed9cc7_17  ┆ robostack-kilted
#16 309.2  │ │  ┆   21.91 KiB │
#16 309.2  │ │ │ ros-kilted-ament-cmake-export-interfaces          ┆                                              ┆ 2.7.5        ┆ np2py312h2ed9cc7_17  ┆ robostack-kilted
#16 309.2  │ │  ┆   22.11 KiB │
#16 309.2  │ │ │ ros-kilted-ament-cmake-export-libraries           ┆                                              ┆ 2.7.5        ┆ np2py312h2ed9cc7_17  ┆ robostack-kilted
#16 309.2  │ │  ┆   23.39 KiB │
#16 309.2  │ │ │ ros-kilted-ament-cmake-export-link-flags          ┆                                              ┆ 2.7.5        ┆ np2py312h2ed9cc7_17  ┆ robostack-kilted
#16 309.2  │ │  ┆   21.45 KiB │
#16 309.2  │ │ │ ros-kilted-ament-cmake-export-targets             ┆                                              ┆ 2.7.5        ┆ np2py312h2ed9cc7_17  ┆ robostack-kilted
#16 309.2  │ │  ┆   22.26 KiB │
#16 309.2  │ │ │ ros-kilted-ament-cmake-flake8                     ┆                                              ┆ 0.19.2       ┆ np2py312h2ed9cc7_17  ┆ robostack-kilted
#16 309.2  │ │  ┆   23.73 KiB │
#16 309.2  │ │ │ ros-kilted-ament-cmake-gen-version-h              ┆                                              ┆ 2.7.5        ┆ np2py312h2ed9cc7_17  ┆ robostack-kilted
#16 309.2  │ │  ┆   24.16 KiB │
#16 309.2  │ │ │ ros-kilted-ament-cmake-include-directories        ┆                                              ┆ 2.7.5        ┆ np2py312h2ed9cc7_17  ┆ robostack-kilted
#16 309.2  │ │  ┆   21.36 KiB │
#16 309.2  │ │ │ ros-kilted-ament-cmake-libraries                  ┆                                              ┆ 2.7.5        ┆ np2py312h2ed9cc7_17  ┆ robostack-kilted
#16 309.2  │ │  ┆   21.06 KiB │
#16 309.2  │ │ │ ros-kilted-ament-cmake-pep257                     ┆                                              ┆ 0.19.2       ┆ np2py312h2ed9cc7_17  ┆ robostack-kilted
#16 309.2  │ │  ┆   22.58 KiB │
#16 309.2  │ │ │ ros-kilted-ament-cmake-python                     ┆                                              ┆ 2.7.5        ┆ np2py312h2ed9cc7_17  ┆ robostack-kilted
#16 309.2  │ │  ┆   23.55 KiB │
#16 309.2  │ │ │ ros-kilted-ament-cmake-ros-core                   ┆                                              ┆ 0.14.7       ┆ np2py312h2ed9cc7_17  ┆ robostack-kilted
#16 309.2  │ │  ┆   26.39 KiB │
#16 309.2  │ │ │ ros-kilted-ament-cmake-target-dependencies        ┆                                              ┆ 2.7.5        ┆ np2py312h2ed9cc7_17  ┆ robostack-kilted
#16 309.2  │ │  ┆   23.29 KiB │
#16 309.2  │ │ │ ros-kilted-ament-cmake-test                       ┆                                              ┆ 2.7.5        ┆ np2py312h2ed9cc7_17  ┆ robostack-kilted
#16 309.2  │ │  ┆   35.17 KiB │
#16 309.2  │ │ │ ros-kilted-ament-cmake-uncrustify                 ┆                                              ┆ 0.19.2       ┆ np2py312h2ed9cc7_17  ┆ robostack-kilted
#16 309.2  │ │  ┆   23.12 KiB │
#16 309.2  │ │ │ ros-kilted-ament-cmake-version                    ┆                                              ┆ 2.7.5        ┆ np2py312h2ed9cc7_17  ┆ robostack-kilted
#16 309.2  │ │  ┆   21.24 KiB │
#16 309.2  │ │ │ ros-kilted-ament-cppcheck                         ┆                                              ┆ 0.19.2       ┆ np2py312h2ed9cc7_17  ┆ robostack-kilted
#16 309.2  │ │  ┆   29.34 KiB │
#16 309.2  │ │ │ ros-kilted-ament-cpplint                          ┆                                              ┆ 0.19.2       ┆ np2py312h2ed9cc7_17  ┆ robostack-kilted
#16 309.2  │ │  ┆  165.26 KiB │
#16 309.2  │ │ │ ros-kilted-ament-flake8                           ┆                                              ┆ 0.19.2       ┆ np2py312h2ed9cc7_17  ┆ robostack-kilted
#16 309.2  │ │  ┆   27.55 KiB │
#16 309.2  │ │ │ ros-kilted-ament-index-cpp                        ┆                                              ┆ 1.11.3       ┆ np2py312h2ed9cc7_17  ┆ robostack-kilted
#16 309.2  │ │  ┆   51.11 KiB │
#16 309.2  │ │ │ ros-kilted-ament-index-python                     ┆                                              ┆ 1.11.3       ┆ np2py312h2ed9cc7_17  ┆ robostack-kilted
#16 309.2  │ │  ┆   29.79 KiB │
#16 309.2  │ │ │ ros-kilted-ament-lint                             ┆                                              ┆ 0.19.2       ┆ np2py312h2ed9cc7_17  ┆ robostack-kilted
#16 309.2  │ │  ┆   17.04 KiB │
#16 309.2  │ │ │ ros-kilted-ament-package                          ┆                                              ┆ 0.17.2       ┆ np2py312h2ed9cc7_17  ┆ robostack-kilted
#16 309.2  │ │  ┆   41.83 KiB │
#16 309.2  │ │ │ ros-kilted-ament-pep257                           ┆                                              ┆ 0.19.2       ┆ np2py312h2ed9cc7_17  ┆ robostack-kilted
#16 309.2  │ │  ┆   26.22 KiB │
#16 309.2  │ │ │ ros-kilted-ament-uncrustify                       ┆                                              ┆ 0.19.2       ┆ np2py312h2ed9cc7_17  ┆ robostack-kilted
#16 309.2  │ │  ┆   66.74 KiB │
#16 309.2  │ │ │ ros-kilted-builtin-interfaces                     ┆                                              ┆ 2.3.1        ┆ np2py312h2ed9cc7_17  ┆ robostack-kilted
#16 309.2  │ │  ┆   78.56 KiB │
#16 309.2  │ │ │ ros-kilted-class-loader                           ┆                                              ┆ 2.8.1        ┆ np2py312h2ed9cc7_17  ┆ robostack-kilted
#16 309.2  │ │  ┆   73.28 KiB │
#16 309.2  │ │ │ ros-kilted-composition-interfaces                 ┆                                              ┆ 2.3.1        ┆ np2py312h2ed9cc7_17  ┆ robostack-kilted
#16 309.2  │ │  ┆  222.14 KiB │
#16 309.2  │ │ │ ros-kilted-console-bridge-vendor                  ┆                                              ┆ 1.8.0        ┆ np2py312h2ed9cc7_17  ┆ robostack-kilted
#16 309.2  │ │  ┆   27.22 KiB │
#16 309.2  │ │ │ ros-kilted-cyclonedds                             ┆                                              ┆ 0.10.5       ┆ np2py312h2ed9cc7_17  ┆ robostack-kilted
#16 309.2  │ │  ┆    1.14 MiB │
#16 309.2  │ │ │ ros-kilted-fastcdr                                ┆                                              ┆ 2.3.5        ┆ np2py312h2ed9cc7_17  ┆ robostack-kilted
#16 309.2  │ │  ┆   87.44 KiB │
#16 309.2  │ │ │ ros-kilted-fastdds                                ┆                                              ┆ 3.2.3        ┆ np2py312h2ed9cc7_17  ┆ robostack-kilted
#16 309.2  │ │  ┆    4.82 MiB │
#16 309.2  │ │ │ ros-kilted-foonathan-memory-vendor                ┆                                              ┆ 1.3.1        ┆ np2py312h2ed9cc7_17  ┆ robostack-kilted
#16 309.2  │ │  ┆   18.91 KiB │
#16 309.2  │ │ │ ros-kilted-iceoryx-binding-c                      ┆                                              ┆ 2.0.5        ┆ np2py312h2ed9cc7_17  ┆ robostack-kilted
#16 309.2  │ │  ┆   90.85 KiB │
#16 309.2  │ │ │ ros-kilted-iceoryx-hoofs                          ┆                                              ┆ 2.0.5        ┆ np2py312h2ed9cc7_17  ┆ robostack-kilted
#16 309.2  │ │  ┆  257.68 KiB │
#16 309.2  │ │ │ ros-kilted-iceoryx-posh                           ┆                                              ┆ 2.0.5        ┆ np2py312h2ed9cc7_17  ┆ robostack-kilted
#16 309.2  │ │  ┆  560.52 KiB │
#16 309.2  │ │ │ ros-kilted-libstatistics-collector                ┆                                              ┆ 2.0.1        ┆ np2py312h2ed9cc7_17  ┆ robostack-kilted
#16 309.2  │ │  ┆   57.26 KiB │
#16 309.2  │ │ │ ros-kilted-libyaml-vendor                         ┆                                              ┆ 1.7.1        ┆ np2py312h2ed9cc7_17  ┆ robostack-kilted
#16 309.2  │ │  ┆   29.14 KiB │
#16 309.2  │ │ │ ros-kilted-lifecycle-msgs                         ┆                                              ┆ 2.3.1        ┆ np2py312h2ed9cc7_17  ┆ robostack-kilted
#16 309.2  │ │  ┆  265.29 KiB │
#16 309.2  │ │ │ ros-kilted-message-filters                        ┆                                              ┆ 7.1.6        ┆ np2py312h2ed9cc7_17  ┆ robostack-kilted
#16 309.2  │ │  ┆   86.80 KiB │
#16 309.2  │ │ │ ros-kilted-rcl                                    ┆                                              ┆ 10.1.4       ┆ np2py312h2ed9cc7_17  ┆ robostack-kilted
#16 309.2  │ │  ┆  195.64 KiB │
#16 309.2  │ │ │ ros-kilted-rcl-action                             ┆                                              ┆ 10.1.4       ┆ np2py312h2ed9cc7_17  ┆ robostack-kilted
#16 309.2  │ │  ┆   80.42 KiB │
#16 309.2  │ │ │ ros-kilted-rcl-interfaces                         ┆                                              ┆ 2.3.1        ┆ np2py312h2ed9cc7_17  ┆ robostack-kilted
#16 309.2  │ │  ┆  565.68 KiB │
#16 309.2  │ │ │ ros-kilted-rcl-lifecycle                          ┆                                              ┆ 10.1.4       ┆ np2py312h2ed9cc7_17  ┆ robostack-kilted
#16 309.2  │ │  ┆   57.92 KiB │
#16 309.2  │ │ │ ros-kilted-rcl-logging-interface                  ┆                                              ┆ 3.2.4        ┆ np2py312h2ed9cc7_17  ┆ robostack-kilted
#16 309.2  │ │  ┆   35.68 KiB │
#16 309.2  │ │ │ ros-kilted-rcl-logging-spdlog                     ┆                                              ┆ 3.2.4        ┆ np2py312h918b84f_17  ┆ robostack-kilted
#16 309.2  │ │  ┆   46.12 KiB │
#16 309.2  │ │ │ ros-kilted-rcl-yaml-param-parser                  ┆                                              ┆ 10.1.4       ┆ np2py312h2ed9cc7_17  ┆ robostack-kilted
#16 309.2  │ │  ┆   51.15 KiB │
#16 309.2  │ │ │ ros-kilted-rclcpp                                 ┆                                              ┆ 29.5.7       ┆ np2py312h2ed9cc7_17  ┆ robostack-kilted
#16 309.2  │ │  ┆    1.04 MiB │
#16 309.2  │ │ │ ros-kilted-rclcpp-action                          ┆                                              ┆ 29.5.7       ┆ np2py312h2ed9cc7_17  ┆ robostack-kilted
#16 309.2  │ │  ┆  150.67 KiB │
#16 309.2  │ │ │ ros-kilted-rclcpp-components                      ┆                                              ┆ 29.5.7       ┆ np2py312h2ed9cc7_17  ┆ robostack-kilted
#16 309.2  │ │  ┆  137.96 KiB │
#16 309.2  │ │ │ ros-kilted-rcpputils                              ┆                                              ┆ 2.13.5       ┆ np2py312h2ed9cc7_17  ┆ robostack-kilted
#16 309.2  │ │  ┆   79.27 KiB │
#16 309.2  │ │ │ ros-kilted-rcutils                                ┆                                              ┆ 6.9.10       ┆ np2py312h2ed9cc7_17  ┆ robostack-kilted
#16 309.2  │ │  ┆  121.88 KiB │
#16 309.2  │ │ │ ros-kilted-rmw                                    ┆                                              ┆ 7.8.2        ┆ np2py312h2ed9cc7_17  ┆ robostack-kilted
#16 309.2  │ │  ┆   94.45 KiB │
#16 309.2  │ │ │ ros-kilted-rmw-connextdds                         ┆                                              ┆ 1.1.1        ┆ np2py312h2ed9cc7_17  ┆ robostack-kilted
#16 309.2  │ │  ┆   30.19 KiB │
#16 309.2  │ │ │ ros-kilted-rmw-connextdds-common                  ┆                                              ┆ 1.1.1        ┆ np2py312h2ed9cc7_17  ┆ robostack-kilted
#16 309.2  │ │  ┆   52.90 KiB │
#16 309.2  │ │ │ ros-kilted-rmw-cyclonedds-cpp                     ┆                                              ┆ 4.0.2        ┆ np2py312h2ed9cc7_17  ┆ robostack-kilted
#16 309.2  │ │  ┆  255.17 KiB │
#16 309.2  │ │ │ ros-kilted-rmw-dds-common                         ┆                                              ┆ 5.0.0        ┆ np2py312h2ed9cc7_17  ┆ robostack-kilted
#16 309.2  │ │  ┆  164.50 KiB │
#16 309.2  │ │ │ ros-kilted-rmw-fastrtps-cpp                       ┆                                              ┆ 9.3.3        ┆ np2py312h2ed9cc7_17  ┆ robostack-kilted
#16 309.2  │ │  ┆  150.95 KiB │
#16 309.2  │ │ │ ros-kilted-rmw-fastrtps-dynamic-cpp               ┆                                              ┆ 9.3.3        ┆ np2py312h2ed9cc7_17  ┆ robostack-kilted
#16 309.2  │ │  ┆  172.93 KiB │
#16 309.2  │ │ │ ros-kilted-rmw-fastrtps-shared-cpp                ┆                                              ┆ 9.3.3        ┆ np2py312h2ed9cc7_17  ┆ robostack-kilted
#16 309.2  │ │  ┆  226.52 KiB │
#16 309.2  │ │ │ ros-kilted-rmw-implementation                     ┆                                              ┆ 3.0.6        ┆ np2py312h2ed9cc7_17  ┆ robostack-kilted
#16 309.2  │ │  ┆   52.26 KiB │
#16 309.2  │ │ │ ros-kilted-rmw-implementation-cmake               ┆                                              ┆ 7.8.2        ┆ np2py312h2ed9cc7_17  ┆ robostack-kilted
#16 309.2  │ │  ┆   28.94 KiB │
#16 309.2  │ │ │ ros-kilted-rmw-security-common                    ┆                                              ┆ 7.8.2        ┆ np2py312h2ed9cc7_17  ┆ robostack-kilted
#16 309.2  │ │  ┆   50.05 KiB │
#16 309.2  │ │ │ ros-kilted-ros-environment                        ┆                                              ┆ 4.3.1        ┆ np2py312h2ed9cc7_17  ┆ robostack-kilted
#16 309.2  │ │  ┆   20.85 KiB │
#16 309.2  │ │ │ ros-kilted-rosgraph-msgs                          ┆                                              ┆ 2.3.1        ┆ np2py312h2ed9cc7_17  ┆ robostack-kilted
#16 309.2  │ │  ┆   70.44 KiB │
#16 309.2  │ │ │ ros-kilted-rosidl-adapter                         ┆                                              ┆ 4.9.6        ┆ np2py312h2ed9cc7_17  ┆ robostack-kilted
#16 309.2  │ │  ┆   66.46 KiB │
#16 309.2  │ │ │ ros-kilted-rosidl-cli                             ┆                                              ┆ 4.9.6        ┆ np2py312h2ed9cc7_17  ┆ robostack-kilted
#16 309.2  │ │  ┆   45.24 KiB │
#16 309.2  │ │ │ ros-kilted-rosidl-cmake                           ┆                                              ┆ 4.9.6        ┆ np2py312h2ed9cc7_17  ┆ robostack-kilted
#16 309.2  │ │  ┆   35.50 KiB │
#16 309.2  │ │ │ ros-kilted-rosidl-core-runtime                    ┆                                              ┆ 0.3.2        ┆ np2py312h2ed9cc7_17  ┆ robostack-kilted
#16 309.2  │ │  ┆   29.33 KiB │
#16 309.2  │ │ │ ros-kilted-rosidl-default-runtime                 ┆                                              ┆ 1.7.2        ┆ np2py312h2ed9cc7_17  ┆ robostack-kilted
#16 309.2  │ │  ┆   29.88 KiB │
#16 309.2  │ │ │ ros-kilted-rosidl-dynamic-typesupport             ┆                                              ┆ 0.3.1        ┆ np2py312h2ed9cc7_17  ┆ robostack-kilted
#16 309.2  │ │  ┆   59.43 KiB │
#16 309.2  │ │ │ ros-kilted-rosidl-dynamic-typesupport-fastrtps    ┆                                              ┆ 0.4.2        ┆ np2py312h2ed9cc7_17  ┆ robostack-kilted
#16 309.2  │ │  ┆   80.90 KiB │
#16 309.2  │ │ │ ros-kilted-rosidl-generator-c                     ┆                                              ┆ 4.9.6        ┆ np2py312h2ed9cc7_17  ┆ robostack-kilted
#16 309.2  │ │  ┆   50.87 KiB │
#16 309.2  │ │ │ ros-kilted-rosidl-generator-cpp                   ┆                                              ┆ 4.9.6        ┆ np2py312h2ed9cc7_17  ┆ robostack-kilted
#16 309.2  │ │  ┆   49.20 KiB │
#16 309.2  │ │ │ ros-kilted-rosidl-generator-py                    ┆                                              ┆ 0.24.2       ┆ np2py312h2ed9cc7_17  ┆ robostack-kilted
#16 309.2  │ │  ┆   58.46 KiB │
#16 309.2  │ │ │ ros-kilted-rosidl-generator-rs                    ┆                                              ┆ 0.4.11       ┆ np2py312h2ed9cc7_17  ┆ robostack-kilted
#16 309.2  │ │  ┆   47.05 KiB │
#16 309.2  │ │ │ ros-kilted-rosidl-generator-type-description      ┆                                              ┆ 4.9.6        ┆ np2py312h2ed9cc7_17  ┆ robostack-kilted
#16 309.2  │ │  ┆   45.90 KiB │
#16 309.2  │ │ │ ros-kilted-rosidl-parser                          ┆                                              ┆ 4.9.6        ┆ np2py312h2ed9cc7_17  ┆ robostack-kilted
#16 309.2  │ │  ┆   64.65 KiB │
#16 309.2  │ │ │ ros-kilted-rosidl-pycommon                        ┆                                              ┆ 4.9.6        ┆ np2py312h2ed9cc7_17  ┆ robostack-kilted
#16 309.2  │ │  ┆   26.21 KiB │
#16 309.2  │ │ │ ros-kilted-rosidl-runtime-c                       ┆                                              ┆ 4.9.6        ┆ np2py312h2ed9cc7_17  ┆ robostack-kilted
#16 309.2  │ │  ┆   80.85 KiB │
#16 309.2  │ │ │ ros-kilted-rosidl-runtime-cpp                     ┆                                              ┆ 4.9.6        ┆ np2py312h2ed9cc7_17  ┆ robostack-kilted
#16 309.2  │ │  ┆   40.18 KiB │
#16 309.2  │ │ │ ros-kilted-rosidl-typesupport-c                   ┆                                              ┆ 3.3.3        ┆ np2py312h2ed9cc7_17  ┆ robostack-kilted
#16 309.2  │ │  ┆   49.61 KiB │
#16 309.2  │ │ │ ros-kilted-rosidl-typesupport-cpp                 ┆                                              ┆ 3.3.3        ┆ np2py312h2ed9cc7_17  ┆ robostack-kilted
#16 309.2  │ │  ┆   48.76 KiB │
#16 309.2  │ │ │ ros-kilted-rosidl-typesupport-fastrtps-c          ┆                                              ┆ 3.8.2        ┆ np2py312h2ed9cc7_17  ┆ robostack-kilted
#16 309.2  │ │  ┆   50.31 KiB │
#16 309.2  │ │ │ ros-kilted-rosidl-typesupport-fastrtps-cpp        ┆                                              ┆ 3.8.2        ┆ np2py312h2ed9cc7_17  ┆ robostack-kilted
#16 309.2  │ │  ┆   52.32 KiB │
#16 309.2  │ │ │ ros-kilted-rosidl-typesupport-interface           ┆                                              ┆ 4.9.6        ┆ np2py312h2ed9cc7_17  ┆ robostack-kilted
#16 309.2  │ │  ┆   28.82 KiB │
#16 309.2  │ │ │ ros-kilted-rosidl-typesupport-introspection-c     ┆                                              ┆ 4.9.6        ┆ np2py312h2ed9cc7_17  ┆ robostack-kilted
#16 309.2  │ │  ┆   45.99 KiB │
#16 309.2  │ │ │ ros-kilted-rosidl-typesupport-introspection-cpp   ┆                                              ┆ 4.9.6        ┆ np2py312h2ed9cc7_17  ┆ robostack-kilted
#16 309.2  │ │  ┆   46.24 KiB │
#16 309.2  │ │ │ ros-kilted-rpyutils                               ┆                                              ┆ 0.6.3        ┆ np2py312h2ed9cc7_17  ┆ robostack-kilted
#16 309.2  │ │  ┆   26.66 KiB │
#16 309.2  │ │ │ ros-kilted-rti-connext-dds-cmake-module           ┆                                              ┆ 1.1.1        ┆ np2py312h2ed9cc7_17  ┆ robostack-kilted
#16 309.2  │ │  ┆   31.05 KiB │
#16 309.2  │ │ │ ros-kilted-service-msgs                           ┆                                              ┆ 2.3.1        ┆ np2py312h2ed9cc7_17  ┆ robostack-kilted
#16 309.2  │ │  ┆   78.16 KiB │
#16 309.2  │ │ │ ros-kilted-spdlog-vendor                          ┆                                              ┆ 1.7.0        ┆ np2py312h918b84f_17  ┆ robostack-kilted
#16 309.2  │ │  ┆   26.88 KiB │
#16 309.2  │ │ │ ros-kilted-statistics-msgs                        ┆                                              ┆ 2.3.1        ┆ np2py312h2ed9cc7_17  ┆ robostack-kilted
#16 309.2  │ │  ┆  109.07 KiB │
#16 309.2  │ │ │ ros-kilted-std-msgs                               ┆                                              ┆ 5.5.2        ┆ np2py312h2ed9cc7_17  ┆ robostack-kilted
#16 309.2  │ │  ┆  337.96 KiB │
#16 309.2  │ │ │ ros-kilted-tf2                                    ┆                                              ┆ 0.41.6       ┆ np2py312h2ed9cc7_17  ┆ robostack-kilted
#16 309.2  │ │  ┆  133.66 KiB │
#16 309.2  │ │ │ ros-kilted-tf2-msgs                               ┆                                              ┆ 0.41.6       ┆ np2py312h2ed9cc7_17  ┆ robostack-kilted
#16 309.2  │ │  ┆  256.49 KiB │
#16 309.2  │ │ │ ros-kilted-tracetools                             ┆                                              ┆ 8.6.0        ┆ np2py312h2ed9cc7_17  ┆ robostack-kilted
#16 309.2  │ │  ┆   74.56 KiB │
#16 309.2  │ │ │ ros-kilted-type-description-interfaces            ┆                                              ┆ 2.3.1        ┆ np2py312h2ed9cc7_17  ┆ robostack-kilted
#16 309.2  │ │  ┆  233.30 KiB │
#16 309.2  │ │ │ ros-kilted-uncrustify-vendor                      ┆                                              ┆ 3.1.0        ┆ np2py312h2ed9cc7_17  ┆ robostack-kilted
#16 309.2  │ │  ┆   22.64 KiB │
#16 309.2  │ │ │ ros-kilted-unique-identifier-msgs                 ┆                                              ┆ 2.7.0        ┆ np2py312h2ed9cc7_17  ┆ robostack-kilted
#16 309.2  │ │  ┆   72.52 KiB │
#16 309.2  │ │ │ setuptools                                        ┆                                              ┆ 82.0.1       ┆ pyh332efcf_0         ┆ conda-forge     
#16 309.2  │ │  ┆  624.70 KiB │
#16 309.2  │ │ │ six                                               ┆                                              ┆ 1.17.0       ┆ pyhe01879c_1         ┆ conda-forge     
#16 309.2  │ │  ┆   18.02 KiB │
#16 309.2  │ │ │ snowballstemmer                                   ┆                                              ┆ 3.0.1        ┆ pyhd8ed1ab_0         ┆ conda-forge     
#16 309.2  │ │  ┆   71.30 KiB │
#16 309.2  │ │ │ spdlog                                            ┆                                              ┆ 1.17.0       ┆ hab81395_1           ┆ conda-forge     
#16 309.2  │ │  ┆  192.07 KiB │
#16 309.2  │ │ │ tinyxml2                                          ┆                                              ┆ 11.0.0       ┆ h3f2d84a_0           ┆ conda-forge     
#16 309.2  │ │  ┆  128.27 KiB │
#16 309.2  │ │ │ tk                                                ┆                                              ┆ 8.6.13       ┆ noxft_h366c992_103   ┆ conda-forge     
#16 309.2  │ │  ┆    3.15 MiB │
#16 309.2  │ │ │ tomli                                             ┆                                              ┆ 2.4.1        ┆ pyhcf101f3_0         ┆ conda-forge     
#16 309.2  │ │  ┆   21.06 KiB │
#16 309.2  │ │ │ typing_extensions                                 ┆                                              ┆ 4.15.0       ┆ pyhcf101f3_0         ┆ conda-forge     
#16 309.2  │ │  ┆   50.48 KiB │
#16 309.2  │ │ │ tzdata                                            ┆                                              ┆ 2025c        ┆ hc9c84f9_1           ┆ conda-forge     
#16 309.2  │ │  ┆  116.34 KiB │
#16 309.2  │ │ │ uncrustify                                        ┆                                              ┆ 0.81.0       ┆ h54a6638_2           ┆ conda-forge     
#16 309.2  │ │  ┆  707.61 KiB │
#16 309.2  │ │ │ wheel                                             ┆                                              ┆ 0.47.0       ┆ pyhd8ed1ab_0         ┆ conda-forge     
#16 309.2  │ │  ┆   32.71 KiB │
#16 309.2  │ │ │ yaml                                              ┆                                              ┆ 0.2.5        ┆ h280c20c_3           ┆ conda-forge     
#16 309.2  │ │  ┆   83.19 KiB │
#16 309.2  │ │ │ yaml-cpp                                          ┆                                              ┆ 0.8.0        ┆ h3f2d84a_0           ┆ conda-forge     
#16 309.2  │ │  ┆  218.29 KiB │
#16 309.2  │ │ │ zipp                                              ┆                                              ┆ 3.23.1       ┆ pyhcf101f3_0         ┆ conda-forge     
#16 309.2  │ │  ┆   23.89 KiB │
#16 309.2  │ │ │ zstd                                              ┆                                              ┆ 1.5.7        ┆ hb78ec9c_6           ┆ conda-forge     
#16 309.2  │ │  ┆  587.28 KiB │
#16 309.2  │ │ ╰───────────────────────────────────────────────────┴──────────────────────────────────────────────┴──────────────┴──────────────────────┴─────────────────
#16 309.2  │ │ ─┴─────────────╯
#16 309.2  │ │ Resolved run dependencies(ros-kilted-aic-example-policies-0.0.1-hb0f4dca_0):
#16 309.2  │ │ ╭───────────────────────────────────┬──────────────────────────────────────────────────────╮
#16 309.2  │ │ │ Name                              ┆ Spec                                                 │
#16 309.2  │ │ ╞═══════════════════════════════════╪══════════════════════════════════════════════════════╡
#16 309.2  │ │ │ Run dependencies                  ┆                                                      │
#16 309.2  │ │ │ libgcc                            ┆ >=15 (RE of [build: gcc_linux-64])                   │
#16 309.2  │ │ │                                   ┆ >=15 (RE of [build: gxx_linux-64])                   │
#16 309.2  │ │ │ libstdcxx                         ┆ >=15 (RE of [build: gxx_linux-64])                   │
#16 309.2  │ │ │ numpy                             ┆ >=1.23,<3 (RE of [host: numpy])                      │
#16 309.2  │ │ │ python_abi                        ┆ 3.12.* *_cp312 (RE of [host: python])                │
#16 309.2  │ │ │ ros-kilted-aic-control-interfaces ┆ *                                                    │
#16 309.2  │ │ │ ros-kilted-aic-model              ┆ *                                                    │
#16 309.2  │ │ │ ros-kilted-aic-model-interfaces   ┆ *                                                    │
#16 309.2  │ │ │ ros-kilted-aic-task-interfaces    ┆ *                                                    │
#16 309.2  │ │ │ ros-kilted-geometry-msgs          ┆ *                                                    │
#16 309.2  │ │ │ ros-kilted-rclpy                  ┆ *                                                    │
#16 309.2  │ │ │ ros-kilted-sensor-msgs            ┆ *                                                    │
#16 309.2  │ │ │ ros-kilted-std-srvs               ┆ *                                                    │
#16 309.2  │ │ │ ros-kilted-tf2-ros                ┆ *                                                    │
#16 309.2  │ │ │ ros-kilted-trajectory-msgs        ┆ *                                                    │
#16 309.2  │ │ │ ros2-distro-mutex                 ┆ *                                                    │
#16 309.2  │ │ │                                   ┆ >=0.14.0,<0.15.0a0 (RE of [host: ros2-distro-mutex]) │
#16 309.2  │ │ │ transforms3d                      ┆ *                                                    │
#16 309.2  │ │ ╰───────────────────────────────────┴──────────────────────────────────────────────────────╯
#16 309.2  │ │
#16 309.2  │ ╰─────────────────── (took 0 seconds)
#16 309.6  │
#16 309.6  │ ╭─ Running build script
#16 309.6  │ │ INFO: activate-binutils_linux-64.sh made the following environmental changes:
#16 309.7  │ │ +ADDR2LINE=x86_64-conda-linux-gnu-addr2line
#16 309.7  │ │ +AR=x86_64-conda-linux-gnu-ar
#16 309.7  │ │ +AS=x86_64-conda-linux-gnu-as
#16 309.7  │ │ +CXXFILT=x86_64-conda-linux-gnu-c++filt
#16 309.7  │ │ +ELFEDIT=x86_64-conda-linux-gnu-elfedit
#16 309.7  │ │ +GPROF=x86_64-conda-linux-gnu-gprof
#16 309.7  │ │ +LD=x86_64-conda-linux-gnu-ld
#16 309.7  │ │ +NM=x86_64-conda-linux-gnu-nm
#16 309.7  │ │ +OBJCOPY=x86_64-conda-linux-gnu-objcopy
#16 309.7  │ │ +OBJDUMP=x86_64-conda-linux-gnu-objdump
#16 309.7  │ │ +RANLIB=x86_64-conda-linux-gnu-ranlib
#16 309.7  │ │ +READELF=x86_64-conda-linux-gnu-readelf
#16 309.7  │ │ +SIZE=x86_64-conda-linux-gnu-size
#16 309.7  │ │ +STRINGS=x86_64-conda-linux-gnu-strings
#16 309.7  │ │ +STRIP=x86_64-conda-linux-gnu-strip
#16 309.7  │ │ INFO: activate-gcc_linux-64.sh made the following environmental changes:
#16 309.7  │ │ +BUILD=x86_64-conda-linux-gnu
#16 309.7  │ │ +CC=x86_64-conda-linux-gnu-cc
#16 309.7  │ │ +CC_FOR_BUILD=x86_64-conda-linux-gnu-cc
#16 309.7  │ │ +CFLAGS=-march=nocona -mtune=haswell -ftree-vectorize -fPIC -fstack-protector-strong -fno-plt -O2 -ffunction-sections -pipe -isystem $PREFIX/include -fdebu
#16 309.7  │ │ g-prefix-map=$SRC_DIR=/usr/local/src/conda/ros-kilted-aic-example-policies-0.0.1 -fdebug-prefix-map=$PREFIX=/usr/local/src/conda-prefix
#16 309.7  │ │ +CMAKE_ARGS=-DCMAKE_AR=$BUILD_PREFIX/bin/x86_64-conda-linux-gnu-ar -DCMAKE_CXX_COMPILER_AR=$BUILD_PREFIX/bin/x86_64-conda-linux-gnu-gcc-ar -DCMAKE_C_COMPIL
#16 309.7  │ │ ER_AR=$BUILD_PREFIX/bin/x86_64-conda-linux-gnu-gcc-ar -DCMAKE_RANLIB=$BUILD_PREFIX/bin/x86_64-conda-linux-gnu-ranlib -DCMAKE_CXX_COMPILER_RANLIB=$BUILD_PRE
#16 309.7  │ │ FIX/bin/x86_64-conda-linux-gnu-gcc-ranlib -DCMAKE_C_COMPILER_RANLIB=$BUILD_PREFIX/bin/x86_64-conda-linux-gnu-gcc-ranlib -DCMAKE_LINKER=$BUILD_PREFIX/bin/x8
#16 309.7  │ │ 6_64-conda-linux-gnu-ld -DCMAKE_STRIP=$BUILD_PREFIX/bin/x86_64-conda-linux-gnu-strip -DCMAKE_BUILD_TYPE=Release -DCMAKE_FIND_ROOT_PATH_MODE_PROGRAM=NEVER -
#16 309.7  │ │ DCMAKE_FIND_ROOT_PATH_MODE_LIBRARY=ONLY -DCMAKE_FIND_ROOT_PATH_MODE_INCLUDE=ONLY -DCMAKE_FIND_ROOT_PATH=$PREFIX;$BUILD_PREFIX/x86_64-conda-linux-gnu/sysroo
#16 309.7  │ │ t -DCMAKE_INSTALL_PREFIX=$PREFIX -DCMAKE_INSTALL_LIBDIR=lib -DCMAKE_PROGRAM_PATH=$BUILD_PREFIX/bin;$PREFIX/bin
#16 309.7  │ │ +CMAKE_PREFIX_PATH=$PREFIX:$BUILD_PREFIX/x86_64-conda-linux-gnu/sysroot/usr
#16 309.7  │ │ +CONDA_BUILD_CROSS_COMPILATION=
#16 309.7  │ │ +CONDA_BUILD_SYSROOT=$BUILD_PREFIX/x86_64-conda-linux-gnu/sysroot
#16 309.7  │ │ +CONDA_TOOLCHAIN_BUILD=x86_64-conda-linux-gnu
#16 309.7  │ │ +CONDA_TOOLCHAIN_HOST=x86_64-conda-linux-gnu
#16 309.7  │ │ +CPP=x86_64-conda-linux-gnu-cpp
#16 309.7  │ │ +CPPFLAGS=-DNDEBUG -D_FORTIFY_SOURCE=2 -O2 -isystem $PREFIX/include
#16 309.7  │ │ +CPP_FOR_BUILD=x86_64-conda-linux-gnu-cpp
#16 309.7  │ │ +DEBUG_CFLAGS=-march=nocona -mtune=haswell -ftree-vectorize -fPIC -fstack-protector-all -fno-plt -Og -g -Wall -Wextra -fvar-tracking-assignments -ffunction
#16 309.7  │ │ -sections -pipe -isystem $PREFIX/include -fdebug-prefix-map=$SRC_DIR=/usr/local/src/conda/ros-kilted-aic-example-policies-0.0.1 -fdebug-prefix-map=$PREFIX=
#16 309.7  │ │ /usr/local/src/conda-prefix
#16 309.7  │ │ +DEBUG_CPPFLAGS=-D_DEBUG -D_FORTIFY_SOURCE=2 -Og -isystem $PREFIX/include
#16 309.7  │ │ +GCC=x86_64-conda-linux-gnu-gcc
#16 309.7  │ │ +GCC_AR=x86_64-conda-linux-gnu-gcc-ar
#16 309.7  │ │ +GCC_NM=x86_64-conda-linux-gnu-gcc-nm
#16 309.7  │ │ +GCC_RANLIB=x86_64-conda-linux-gnu-gcc-ranlib
#16 309.7  │ │ +HOST=x86_64-conda-linux-gnu
#16 309.7  │ │ +LDFLAGS=-Wl,-O2 -Wl,--sort-common -Wl,--as-needed -Wl,-z,relro -Wl,-z,now -Wl,--disable-new-dtags -Wl,--gc-sections -Wl,--allow-shlib-undefined -Wl,-rpath
#16 309.7  │ │ ,$PREFIX/lib -Wl,-rpath-link,$PREFIX/lib -L$PREFIX/lib
#16 309.7  │ │ +LDFLAGS_LD=-O2 --sort-common --as-needed -z relro -z now --disable-new-dtags --gc-sections --allow-shlib-undefined -rpath $PREFIX/lib -rpath-link $PREFIX/
#16 309.7  │ │ lib -L$PREFIX/lib
#16 309.7  │ │ +MESON_ARGS=-Dbuildtype=release --prefix=$PREFIX -Dlibdir=lib
#16 309.7  │ │ +build_alias=x86_64-conda-linux-gnu
#16 309.7  │ │ +host_alias=x86_64-conda-linux-gnu
#16 309.7  │ │ -BUILD=x86_64-conda_cos6-linux-gnu
#16 309.7  │ │ -CONDA_BUILD_CROSS_COMPILATION=0
#16 309.7  │ │ INFO: activate-gxx_linux-64.sh made the following environmental changes:
#16 309.7  │ │ +CXX=x86_64-conda-linux-gnu-c++
#16 309.7  │ │ +CXXFLAGS=-fvisibility-inlines-hidden -fmessage-length=0 -march=nocona -mtune=haswell -ftree-vectorize -fPIC -fstack-protector-strong -fno-plt -O2 -ffuncti
#16 309.7  │ │ on-sections -pipe -isystem $PREFIX/include -fdebug-prefix-map=$SRC_DIR=/usr/local/src/conda/ros-kilted-aic-example-policies-0.0.1 -fdebug-prefix-map=$PREFI
#16 309.7  │ │ X=/usr/local/src/conda-prefix
#16 309.7  │ │ +CXX_FOR_BUILD=x86_64-conda-linux-gnu-c++
#16 309.7  │ │ +DEBUG_CXXFLAGS=-fvisibility-inlines-hidden -fmessage-length=0 -march=nocona -mtune=haswell -ftree-vectorize -fPIC -fstack-protector-all -fno-plt -Og -g -W
#16 309.7  │ │ all -Wextra -fvar-tracking-assignments -ffunction-sections -pipe -isystem $PREFIX/include -fdebug-prefix-map=$SRC_DIR=/usr/local/src/conda/ros-kilted-aic-e
#16 309.7  │ │ xample-policies-0.0.1 -fdebug-prefix-map=$PREFIX=/usr/local/src/conda-prefix
#16 309.7  │ │ +GXX=x86_64-conda-linux-gnu-g++
#16 309.9  │ │ /ws_aic/src/aic/aic_example_policies $SRC_DIR
#16 309.9  │ │ WARNING: setup.cfg not set, will set INSTALL_SCRIPTS_ARG to: --install-scripts=$PREFIX/lib/aic_example_policies
#16 310.7  │ │ running install
#16 310.7  │ │ $PREFIX/lib/python3.12/site-packages/setuptools/_distutils/cmd.py:90: SetuptoolsDeprecationWarning: setup.py install is deprecated.
#16 310.7  │ │ !!
#16 310.7  │ │         ********************************************************************************
#16 310.7  │ │         Please avoid running ``setup.py`` directly.
#16 310.7  │ │         Instead, use pypa/build, pypa/installer or other
#16 310.8  │ │         standards-based tools.
#16 310.8  │ │         This deprecation is overdue, please update your project and remove deprecated
#16 310.8  │ │         calls to avoid build errors in the future.
#16 310.8  │ │         See https://blog.ganssle.io/articles/2021/10/setup-py-deprecated.html for details.
#16 310.8  │ │         ********************************************************************************
#16 310.8  │ │ !!
#16 310.8  │ │   self.initialize_options()
#16 310.8  │ │ running build
#16 310.8  │ │ running build_py
#16 310.8  │ │ creating build/lib/aic_example_policies
#16 311.1  │ │ copying aic_example_policies/__init__.py -> build/lib/aic_example_policies
#16 311.1  │ │ creating build/lib/aic_example_policies/ros
#16 311.1  │ │ copying aic_example_policies/ros/WaveArm.py -> build/lib/aic_example_policies/ros
#16 311.1  │ │ copying aic_example_policies/ros/__init__.py -> build/lib/aic_example_policies/ros
#16 311.1  │ │ copying aic_example_policies/ros/SpeedDemon.py -> build/lib/aic_example_policies/ros
#16 311.1  │ │ copying aic_example_policies/ros/WallPresser.py -> build/lib/aic_example_policies/ros
#16 311.1  │ │ copying aic_example_policies/ros/CheatCode.py -> build/lib/aic_example_policies/ros
#16 311.1  │ │ copying aic_example_policies/ros/RunACT.py -> build/lib/aic_example_policies/ros
#16 311.1  │ │ copying aic_example_policies/ros/GentleGiant.py -> build/lib/aic_example_policies/ros
#16 311.1  │ │ copying aic_example_policies/ros/WallToucher.py -> build/lib/aic_example_policies/ros
#16 311.1  │ │ running install_lib
#16 311.1  │ │ creating $PREFIX/lib/python3.12/site-packages/aic_example_policies
#16 311.1  │ │ copying build/lib/aic_example_policies/__init__.py -> $PREFIX/lib/python3.12/site-packages/aic_example_policies
#16 311.1  │ │ creating $PREFIX/lib/python3.12/site-packages/aic_example_policies/ros
#16 311.1  │ │ copying build/lib/aic_example_policies/ros/WaveArm.py -> $PREFIX/lib/python3.12/site-packages/aic_example_policies/ros
#16 311.1  │ │ copying build/lib/aic_example_policies/ros/__init__.py -> $PREFIX/lib/python3.12/site-packages/aic_example_policies/ros
#16 311.1  │ │ copying build/lib/aic_example_policies/ros/SpeedDemon.py -> $PREFIX/lib/python3.12/site-packages/aic_example_policies/ros
#16 311.1  │ │ copying build/lib/aic_example_policies/ros/WallPresser.py -> $PREFIX/lib/python3.12/site-packages/aic_example_policies/ros
#16 311.1  │ │ copying build/lib/aic_example_policies/ros/CheatCode.py -> $PREFIX/lib/python3.12/site-packages/aic_example_policies/ros
#16 311.1  │ │ copying build/lib/aic_example_policies/ros/RunACT.py -> $PREFIX/lib/python3.12/site-packages/aic_example_policies/ros
#16 311.1  │ │ copying build/lib/aic_example_policies/ros/GentleGiant.py -> $PREFIX/lib/python3.12/site-packages/aic_example_policies/ros
#16 311.1  │ │ copying build/lib/aic_example_policies/ros/WallToucher.py -> $PREFIX/lib/python3.12/site-packages/aic_example_policies/ros
#16 311.1  │ │ byte-compiling $PREFIX/lib/python3.12/site-packages/aic_example_policies/__init__.py to __init__.cpython-312.pyc
#16 311.1  │ │ byte-compiling $PREFIX/lib/python3.12/site-packages/aic_example_policies/ros/WaveArm.py to WaveArm.cpython-312.pyc
#16 311.1  │ │ byte-compiling $PREFIX/lib/python3.12/site-packages/aic_example_policies/ros/__init__.py to __init__.cpython-312.pyc
#16 311.1  │ │ byte-compiling $PREFIX/lib/python3.12/site-packages/aic_example_policies/ros/SpeedDemon.py to SpeedDemon.cpython-312.pyc
#16 311.1  │ │ byte-compiling $PREFIX/lib/python3.12/site-packages/aic_example_policies/ros/WallPresser.py to WallPresser.cpython-312.pyc
#16 311.1  │ │ byte-compiling $PREFIX/lib/python3.12/site-packages/aic_example_policies/ros/CheatCode.py to CheatCode.cpython-312.pyc
#16 311.1  │ │ byte-compiling $PREFIX/lib/python3.12/site-packages/aic_example_policies/ros/RunACT.py to RunACT.cpython-312.pyc
#16 311.1  │ │ byte-compiling $PREFIX/lib/python3.12/site-packages/aic_example_policies/ros/GentleGiant.py to GentleGiant.cpython-312.pyc
#16 311.1  │ │ byte-compiling $PREFIX/lib/python3.12/site-packages/aic_example_policies/ros/WallToucher.py to WallToucher.cpython-312.pyc
#16 311.1  │ │ running install_data
#16 311.2  │ │ copying resource/aic_example_policies -> $PREFIX/share/ament_index/resource_index/packages
#16 311.2  │ │ creating $PREFIX/share/aic_example_policies
#16 311.2  │ │ copying package.xml -> $PREFIX/share/aic_example_policies
#16 311.2  │ │ running install_egg_info
#16 311.2  │ │ running egg_info
#16 311.2  │ │ creating aic_example_policies.egg-info
#16 311.2  │ │ writing aic_example_policies.egg-info/PKG-INFO
#16 311.2  │ │ writing dependency_links to aic_example_policies.egg-info/dependency_links.txt
#16 311.2  │ │ writing requirements to aic_example_policies.egg-info/requires.txt
#16 311.2  │ │ writing top-level names to aic_example_policies.egg-info/top_level.txt
#16 311.2  │ │ writing manifest file 'aic_example_policies.egg-info/SOURCES.txt'
#16 311.3  │ │ reading manifest file 'aic_example_policies.egg-info/SOURCES.txt'
#16 311.3  │ │ writing manifest file 'aic_example_policies.egg-info/SOURCES.txt'
#16 311.3  │ │ Copying aic_example_policies.egg-info to $PREFIX/lib/python3.12/site-packages/aic_example_policies-0.0.1-py3.12.egg-info
#16 311.3  │ │ running install_scripts
#16 311.3  │ │ writing list of installed files to 'files.txt'
#16 311.4  │ │
#16 311.4  │ ╰─────────────────── (took 2 seconds)
#16 311.9  │
#16 311.9  │ ╭─ Packaging new files
#16 311.9  │ │ Copying done!
#16 312.0  │ │ Post-processing done!
#16 312.1  │ │ Writing test files
#16 312.1  │ │ Writing metadata for package
#16 312.1  │ │ Copying license files
#16 312.1  │ │ Copying recipe files
#16 312.1  │ │ 
#16 312.1  │ │ Files in package:
#16 312.1  │ │   ├─ lib/python3.12/site-packages/aic_example_policies/__init__.py (0 B)
#16 312.1  │ │   ├─ lib/python3.12/site-packages/aic_example_policies/__pycache__/__init__.cpython-312.pyc (417 B)
#16 312.1  │ │   ├─ lib/python3.12/site-packages/aic_example_policies/ros/CheatCode.py (9.07 KiB)
#16 312.1  │ │   ├─ lib/python3.12/site-packages/aic_example_policies/ros/GentleGiant.py (2.96 KiB)
#16 312.1  │ │   ├─ lib/python3.12/site-packages/aic_example_policies/ros/RunACT.py (11.68 KiB)
#16 312.1  │ │   ├─ lib/python3.12/site-packages/aic_example_policies/ros/SpeedDemon.py (3.14 KiB)
#16 312.1  │ │   ├─ lib/python3.12/site-packages/aic_example_policies/ros/WallPresser.py (4.09 KiB)
#16 312.1  │ │   ├─ lib/python3.12/site-packages/aic_example_policies/ros/WallToucher.py (4.06 KiB)
#16 312.1  │ │   ├─ lib/python3.12/site-packages/aic_example_policies/ros/WaveArm.py (2.75 KiB)
#16 312.1  │ │   ├─ lib/python3.12/site-packages/aic_example_policies/ros/__init__.py (0 B)
#16 312.1  │ │   ├─ lib/python3.12/site-packages/aic_example_policies/ros/__pycache__/CheatCode.cpython-312.pyc (10.46 KiB)
#16 312.1  │ │   ├─ lib/python3.12/site-packages/aic_example_policies/ros/__pycache__/GentleGiant.cpython-312.pyc (3.50 KiB)
#16 312.1  │ │   ├─ lib/python3.12/site-packages/aic_example_policies/ros/__pycache__/RunACT.cpython-312.pyc (13.22 KiB)
#16 312.1  │ │   ├─ lib/python3.12/site-packages/aic_example_policies/ros/__pycache__/SpeedDemon.cpython-312.pyc (3.62 KiB)
#16 312.1  │ │   ├─ lib/python3.12/site-packages/aic_example_policies/ros/__pycache__/WallPresser.cpython-312.pyc (4.03 KiB)
#16 312.1  │ │   ├─ lib/python3.12/site-packages/aic_example_policies/ros/__pycache__/WallToucher.cpython-312.pyc (3.91 KiB)
#16 312.1  │ │   ├─ lib/python3.12/site-packages/aic_example_policies/ros/__pycache__/WaveArm.cpython-312.pyc (3.44 KiB)
#16 312.1  │ │   ├─ lib/python3.12/site-packages/aic_example_policies/ros/__pycache__/__init__.cpython-312.pyc (421 B)
#16 312.1  │ │   ├─ lib/python3.12/site-packages/aic_example_policies-0.0.1-py3.12.egg-info/PKG-INFO (416 B)
#16 312.1  │ │   ├─ lib/python3.12/site-packages/aic_example_policies-0.0.1-py3.12.egg-info/SOURCES.txt (666 B)
#16 312.1  │ │   ├─ lib/python3.12/site-packages/aic_example_policies-0.0.1-py3.12.egg-info/dependency_links.txt (1 B)
#16 312.1  │ │   ├─ lib/python3.12/site-packages/aic_example_policies-0.0.1-py3.12.egg-info/requires.txt (26 B)
#16 312.1  │ │   ├─ lib/python3.12/site-packages/aic_example_policies-0.0.1-py3.12.egg-info/top_level.txt (21 B)
#16 312.1  │ │   ├─ lib/python3.12/site-packages/aic_example_policies-0.0.1-py3.12.egg-info/zip-safe (1 B)
#16 312.1  │ │   ├─ share/aic_example_policies/package.xml (873 B)
#16 312.1  │ │   ├─ share/ament_index/resource_index/packages/aic_example_policies (0 B)
#16 312.1  │ │   ├─ info/about.json (200 B)
#16 312.1  │ │   ├─ info/hash_input.json (31 B)
#16 312.1  │ │   ├─ info/index.json (774 B)
#16 312.1  │ │   ├─ info/paths.json (6.42 KiB)
#16 312.1  │ │   └─ info/tests/tests.yaml (3 B)
#16 312.1  │ │ 
#16 312.1  │ │ Package statistics: 31 files (26 content, 5 metadata), total size: 90.12 KiB
#16 312.1  │ │ Largest files:
#16 312.1  │ │   13.22 KiB - lib/python3.12/site-packages/aic_example_policies/ros/__pycache__/RunACT.cpython-312.pyc
#16 312.1  │ │   11.68 KiB - lib/python3.12/site-packages/aic_example_policies/ros/RunACT.py
#16 312.1  │ │   10.46 KiB - lib/python3.12/site-packages/aic_example_policies/ros/__pycache__/CheatCode.cpython-312.pyc
#16 312.1  │ │   9.07 KiB - lib/python3.12/site-packages/aic_example_policies/ros/CheatCode.py
#16 312.1  │ │   4.09 KiB - lib/python3.12/site-packages/aic_example_policies/ros/WallPresser.py
#16 312.1  │ │ Creating target folder '/ws_aic/src/aic/.pixi/build/work/ros-kilted-aic-example-policies-IMSJLXtAw68-thgBGAeBgEM/output/linux-64'
#16 312.1  │ │ Compressing archive...
#16 312.1  │ │ Archive written to '/ws_aic/src/aic/.pixi/build/work/ros-kilted-aic-example-policies-IMSJLXtAw68-thgBGAeBgEM/output/linux-64/ros-kilted-aic-example-policie
#16 312.1  │ │ s-0.0.1-hb0f4dca_0.conda'
#16 312.2  │ │
#16 312.2  │ ╰─────────────────── (took 1 second)
#16 312.2  │
#16 312.2  ╰─────────────────── (took 3 seconds)
#16 383.0  WARN Skipped running the post-link scripts because `run-post-link-scripts` = `false`
#16 383.0 	- bin/.librsvg-pre-unlink.sh
#16 383.0 
#16 383.0 To enable them, run:
#16 383.0 	pixi config set --local run-post-link-scripts insecure
#16 383.0 
#16 383.0 More info:
#16 383.0 	https://pixi.sh/latest/reference/pixi_configuration/#run-post-link-scripts
#16 383.0 
#16 596.0 Error:   × Failed to update PyPI packages for environment 'default'
#16 596.0   ├─▶ Failed to prepare distributions
#16 596.0   ├─▶ Failed to download `nvidia-cublas-cu12==12.6.4.1`
#16 596.0   ├─▶ Failed to extract archive: nvidia_cublas_cu12-12.6.4.1-py3-none-
#16 596.0   │   manylinux2014_x86_64.manylinux_2_17_x86_64.whl
#16 596.0   ├─▶ I/O operation failed during extraction
#16 596.0   ╰─▶ failed to flush file `/root/.cache/rattler/cache/uv-cache/.tmpOLrZFc/
#16 596.0       nvidia/cublas/lib/libcublasLt.so.12`: No space left on device (os error
#16 596.0       28)
#16 596.0 
#16 ERROR: process "/bin/bash -c cd /ws_aic/src/aic && pixi install --locked" did not complete successfully: exit code: 1
------
 > [build 10/12] RUN --mount=type=cache,target=/root/.cache/rattler/cache --mount=type=cache,target=/ws_aic/src/aic/.pixi/build     cd /ws_aic/src/aic && pixi install --locked:
  × Failed to update PyPI packages for environment 'default'
596.0   ├─▶ Failed to prepare distributions
596.0   ├─▶ Failed to download `nvidia-cublas-cu12==12.6.4.1`
596.0   ├─▶ Failed to extract archive: nvidia_cublas_cu12-12.6.4.1-py3-none-
596.0   │   manylinux2014_x86_64.manylinux_2_17_x86_64.whl
596.0   ├─▶ I/O operation failed during extraction
596.0   ╰─▶ failed to flush file `/root/.cache/rattler/cache/uv-cache/.tmpOLrZFc/
596.0       nvidia/cublas/lib/libcublasLt.so.12`: No space left on device (os error
596.0       28)
596.0 
------
Dockerfile:19

--------------------

  18 |     SHELL ["/bin/bash", "-c"]

  19 | >>> RUN --mount=type=cache,target=/root/.cache/rattler/cache --mount=type=cache,target=/ws_aic/src/aic/.pixi/build \

  20 | >>>     cd /ws_aic/src/aic && pixi install --locked

  21 |     

--------------------

failed to solve: process "/bin/bash -c cd /ws_aic/src/aic && pixi install --locked" did not complete successfully: exit code: 1

